pdf_file;page;group;label;pattern;context
/Users/programming/PycharmProjects/Find_Bibliography_NEw/data/azk_library/bihrer-andreas__5.pdf;4;work;Tschudi (Aegidius/Gilg Tschudi, Chronicon Helveticum);aegidi(?:us)?\s+tschudi;von der eidgendssischen als «der boeB frid» bezeichnet, auch wenn erst Aegidius Tschudi explizit den Bischof, der «Frieden sucht um jeden Preis», ftir das Scheitern
/Users/programming/PycharmProjects/Find_Bibliography_NEw/data/azk_library/bihrer-andreas__5.pdf;4;work;Tschudi (Aegidius/Gilg Tschudi, Chronicon Helveticum);\btschudi\b;von der eidgendssischen als «der boeB frid» bezeichnet, auch wenn erst Aegidius Tschudi explizit den Bischof, der «Frieden sucht um jeden Preis», ftir das Scheitern
/Users/programming/PycharmProjects/Find_Bibliography_NEw/data/azk_library/bihrer-andreas__5.pdf;8;work;Dacher (Gebhard/Gebhart Dacher, Konstanzer Chronik);(?:gebhard|gebhart)\s+dacher;und Kulturgeschichte, Beromiinster 1976, 30 f., 316. 2 Vgl. Chronik des Gebhard Dacher, in: Das alte Konstanz in Schrift und Stift. Die Chroniken der Stadt Konstanz
/Users/programming/PycharmProjects/Find_Bibliography_NEw/data/azk_library/bihrer-andreas__5.pdf;9;work;Tschudi (Aegidius/Gilg Tschudi, Chronicon Helveticum);\btschudi\b;"URStAZ, Bd. 6, Nr. 8495. Vgl. die Schilderung in: Klingenberger Chronik, 255; Tschudi, Bd. 10, 160. 14 EA, Bd. 2, Beilage Nr. 15. 162"
/Users/programming/PycharmProjects/Find_Bibliography_NEw/data/azk_library/bihrer-andreas__5.pdf;9;work;Klingenberger/Rapperswiler Chronik (Eberhard Wüest, ed.);klingenberger\s+chronik;"EA, Bd. 2, Nr. 213 = URStAZ, Bd. 6, Nr. 8495. Vgl. die Schilderung in: Klingenberger Chronik, 255; Tschudi, Bd. 10, 160. 14 EA, Bd. 2, Beilage Nr. 15. 162"
/Users/programming/PycharmProjects/Find_Bibliography_NEw/data/azk_library/bihrer-andreas__5.pdf;10;work;Edlibach (Gerold Edlibach, Zürcher Chronik);\bedlibach\b;veld komen wer.» Tschudi, Bd. 11, 190. 20 Vgl. Klingenberger Chronik, 327, bzw. Edlibach, 43, oder Johannes Stumpf: Gemeiner loblicher Eydgnoschafft Stetten, Landen
/Users/programming/PycharmProjects/Find_Bibliography_NEw/data/azk_library/bihrer-andreas__5.pdf;10;work;Stumpf (Johannes Stumpf, Schweizerchronik);johannes\s+stumpf;Bd. 11, 190. 20 Vgl. Klingenberger Chronik, 327, bzw. Edlibach, 43, oder Johannes Stumpf: Gemeiner loblicher Eydgnoschafft Stetten, Landen und V6lckeren Chronick
/Users/programming/PycharmProjects/Find_Bibliography_NEw/data/azk_library/bihrer-andreas__5.pdf;10;work;Tschudi (Aegidius/Gilg Tschudi, Chronicon Helveticum);\btschudi\b;"von August Bernoulli, Leipzig 1895, 201-325, hier 244 f. 16 Friind, 152 f.; Tschudi, Bd. 11, 161; REC, Bd. 4, Nr. 10780-10781. Zur Vermittlertatigkeit Friedrichs"
/Users/programming/PycharmProjects/Find_Bibliography_NEw/data/azk_library/bihrer-andreas__5.pdf;10;work;Tschudi (Aegidius/Gilg Tschudi, Chronicon Helveticum);\btschudi\b;"Gatz (wie Anm. 1), 776. 17 Klingenberger Chronik, 325-327; Friind, 163-168; Tschudi, Bd. 11, 181-200. Ein ausfiihrlicher Vergleich der Geschichtsschreiber bei Bernhard"
/Users/programming/PycharmProjects/Find_Bibliography_NEw/data/azk_library/bihrer-andreas__5.pdf;10;work;Tschudi (Aegidius/Gilg Tschudi, Chronicon Helveticum);\btschudi\b;ausfiihrlicher Vergleich der Geschichtsschreiber bei Bernhard Stettler: [Kommentar], in: Tschudi, Bd. 11, 192-194. Der Abdruck des Waffenstillstands im Wortlaut bei Friind,
/Users/programming/PycharmProjects/Find_Bibliography_NEw/data/azk_library/bihrer-andreas__5.pdf;10;work;Tschudi (Aegidius/Gilg Tschudi, Chronicon Helveticum);\btschudi\b;192-194. Der Abdruck des Waffenstillstands im Wortlaut bei Friind, 163-168, und Tschudi, Bd. 11, 193-201, nach der Originalurkunde, wieder in EA, Bd. 2, Nr. 268, Beilage
/Users/programming/PycharmProjects/Find_Bibliography_NEw/data/azk_library/bihrer-andreas__5.pdf;10;work;Tschudi (Aegidius/Gilg Tschudi, Chronicon Helveticum);\btschudi\b;noch vermehren. Freundliche Mitteilung von Andre Gutmann, Freiburg i. Br. 19 Tschudi schliesst aus der Urkunde tiberdies, dass Heinrich seine Autoritet den Eidgenossen
/Users/programming/PycharmProjects/Find_Bibliography_NEw/data/azk_library/bihrer-andreas__5.pdf;10;work;Tschudi (Aegidius/Gilg Tschudi, Chronicon Helveticum);\btschudi\b;er selbs als ein itbelmdegender krancker herr zuo inen in das veld komen wer.» Tschudi, Bd. 11, 190. 20 Vgl. Klingenberger Chronik, 327, bzw. Edlibach, 43, oder Johannes
/Users/programming/PycharmProjects/Find_Bibliography_NEw/data/azk_library/bihrer-andreas__5.pdf;10;work;Tschudi (Aegidius/Gilg Tschudi, Chronicon Helveticum);\btschudi\b;"Rolle des Konstanzer Bischofs vgl.: Klingenberger Chronik, 334; Friind, 171-185; Tschudi, Bd. 11, 229-246; EA, Bd. 2, Nr.273 = REC, Bd. 4, Nr. 10910; URStAZ, Bd. 6,"
/Users/programming/PycharmProjects/Find_Bibliography_NEw/data/azk_library/bihrer-andreas__5.pdf;10;work;Tschudi (Aegidius/Gilg Tschudi, Chronicon Helveticum);\btschudi\b;"11041, 11043, 11069, 11186, 11194, 11203, 11228, 11241. 25 EA, Bd. 2, Nr. 363; Tschudi, Bd. 12, 177-181 = REC, Bd. 4, Nr. 11413. 26 EA, Bd. 2, Nr.320b = REC, Bd. 4"
/Users/programming/PycharmProjects/Find_Bibliography_NEw/data/azk_library/bihrer-andreas__5.pdf;10;work;Klingenberger/Rapperswiler Chronik (Eberhard Wüest, ed.);klingenberger\s+chronik;"hier 66; Helvetia Sacra 1,1 (wie Anm. 1), 195; Gatz (wie Anm. 1), 776. 17 Klingenberger Chronik, 325-327; Friind, 163-168; Tschudi, Bd. 11, 181-200. Ein ausfiihrlicher"
/Users/programming/PycharmProjects/Find_Bibliography_NEw/data/azk_library/bihrer-andreas__5.pdf;10;work;Klingenberger/Rapperswiler Chronik (Eberhard Wüest, ed.);klingenberger\s+chronik;krancker herr zuo inen in das veld komen wer.» Tschudi, Bd. 11, 190. 20 Vgl. Klingenberger Chronik, 327, bzw. Edlibach, 43, oder Johannes Stumpf: Gemeiner loblicher Eydgnoschafft
/Users/programming/PycharmProjects/Find_Bibliography_NEw/data/azk_library/bihrer-andreas__5.pdf;10;work;Klingenberger/Rapperswiler Chronik (Eberhard Wüest, ed.);klingenberger\s+chronik;"194. 21 Zum Tag und zur fiihrenden Rolle des Konstanzer Bischofs vgl.: Klingenberger Chronik, 334; Friind, 171-185; Tschudi, Bd. 11, 229-246; EA, Bd. 2, Nr.273 ="
/Users/programming/PycharmProjects/Find_Bibliography_NEw/data/azk_library/bihrer-andreas__5.pdf;10;work;Klingenberger/Rapperswiler Chronik (Eberhard Wüest, ed.);klingenberger\s+chronik;den Uberblick bei Niederstatter (wie Anm. 12),251-256. Das Zitat nach Klingenberger Chronik, 334. Der Chronist fiigte hinzu: «Darumb ich darvon nit vil schrib.»
/Users/programming/PycharmProjects/Find_Bibliography_NEw/data/azk_library/bihrer-andreas__5.pdf;11;work;Tschudi (Aegidius/Gilg Tschudi, Chronicon Helveticum);\btschudi\b;31 Vgl.z.B. URStAZ, Bd.6, Nr. 9016, und Bernhard Stettler: [Kommentar], in: Tschudi, Bd. 11,237. Zu Anna von Hewen kiinftig die Arbeit von Barbara Vannotti, Ziirich
/Users/programming/PycharmProjects/Find_Bibliography_NEw/data/azk_library/landolt-oliver__30.pdf;2;work;Kopp (Joseph Eutych Kopp, Geschichte der Eidgenossen);geschichte\s+der\s+eidgenossen;Geschichtsunterricht (waren), den sie bekamen. Da wurde Jahr fur Jahr die Kriegsgeschichte der Eidgenossenschaft verlesen, da horte man von den alten Kampfen und Schlachten,
/Users/programming/PycharmProjects/Find_Bibliography_NEw/data/azk_library/landolt-oliver__30.pdf;5;work;Justinger (Konrad Justinger, Berner Chronik);(?:kon|con)rad\s+justinger;von Homberg wie auch andere gefallene Adlige leisten (Berner-Chronik des Conrad Justinger, S. 34). 26 Vgl. Annales Bernenses, S. 274. Siehe hierzu Hugener: Buchfuhrung
/Users/programming/PycharmProjects/Find_Bibliography_NEw/data/azk_library/landolt-oliver__30.pdf;5;work;Justinger (Konrad Justinger, Berner Chronik);\bjustinger\b;Homberg wie auch andere gefallene Adlige leisten (Berner-Chronik des Conrad Justinger, S. 34). 26 Vgl. Annales Bernenses, S. 274. Siehe hierzu Hugener: Buchfuhrung
/Users/programming/PycharmProjects/Find_Bibliography_NEw/data/azk_library/landolt-oliver__30.pdf;6;work;Fründ (Hans Fründ);hans\s+fr[üu]nd;sogenannten Alten Zurichkrieg vermerkte der damalige Schwyzer Landschreiber Hans Frund († um 1469) in einer Liste die Namen der Schwyzer Gefallenen im Gefecht vom
/Users/programming/PycharmProjects/Find_Bibliography_NEw/data/azk_library/landolt-oliver__30.pdf;6;work;Fründ (Hans Fründ);\bfr[üu]nd\b;sogenannten Alten Zurichkrieg vermerkte der damalige Schwyzer Landschreiber Hans Frund († um 1469) in einer Liste die Namen der Schwyzer Gefallenen im Gefecht vom 22
/Users/programming/PycharmProjects/Find_Bibliography_NEw/data/azk_library/landolt-oliver__30.pdf;7;work;Fründ (Hans Fründ);hans\s+fr[üu]nd;Hingerichtete 1446,48 Belagerung von Waldshut 146849). 35 Vgl. Chronik des Hans Frund, S. 132, Nr. 128: »Diss sind dera namen, die uf der von Swytz teil ze Fryenbach
/Users/programming/PycharmProjects/Find_Bibliography_NEw/data/azk_library/landolt-oliver__30.pdf;7;work;Fründ (Hans Fründ);hans\s+fr[üu]nd;namen, die uf der von Swytz teil ze Fryenbach umbkament.« 36 Vgl. Chronik des Hans Frund, S. 132, Nr. 127: »und bliben da der vyenden, die ze tod erschlagen wurdent
/Users/programming/PycharmProjects/Find_Bibliography_NEw/data/azk_library/landolt-oliver__30.pdf;7;work;Fründ (Hans Fründ);hans\s+fr[üu]nd;zum »Bodycounting« im Mittelalter: Gagne: Counting the Dead. 37 Chronik des Hans Frund, S. 293. 38 Vgl. Tschudi: Chronicon Helveticum, Teil 3, 356 (namentlich aufgezahlt
/Users/programming/PycharmProjects/Find_Bibliography_NEw/data/azk_library/landolt-oliver__30.pdf;7;work;Fründ (Hans Fründ);\bfr[üu]nds?\s+chronik;"Stadt Zurich am 22. Juli 1443 auf (ebd., S. 158, Nr. 153). Auffallig ist in Frunds Chronik verschiedentlich das »Bodycounting« der Kriegsgefallenen; siehe zum Beispiel"
/Users/programming/PycharmProjects/Find_Bibliography_NEw/data/azk_library/landolt-oliver__30.pdf;7;work;Fründ (Hans Fründ);\bfr[üu]nd\b;Kriegsgefallenenlisten 167 1443 bei Freienbach.35 Zumindest summarisch notierte Frund auch die Namen der prominenten Gefallenen auf der zurcherischen Seite wie insgesamt
/Users/programming/PycharmProjects/Find_Bibliography_NEw/data/azk_library/landolt-oliver__30.pdf;7;work;Fründ (Hans Fründ);\bfr[üu]nd\b;ubrigen Zurcher Gefallenen.36 Wie aus dem Ende seiner Chronik hervorgeht, hatte Frund sich auch vorgenommen, die »namen die so in dem vergangnen krieg umbkomen sind
/Users/programming/PycharmProjects/Find_Bibliography_NEw/data/azk_library/landolt-oliver__30.pdf;7;work;Fründ (Hans Fründ);\bfr[üu]nd\b;Hingerichtete 1446,48 Belagerung von Waldshut 146849). 35 Vgl. Chronik des Hans Frund, S. 132, Nr. 128: »Diss sind dera namen, die uf der von Swytz teil ze Fryenbach
/Users/programming/PycharmProjects/Find_Bibliography_NEw/data/azk_library/landolt-oliver__30.pdf;7;work;Fründ (Hans Fründ);\bfr[üu]nd\b;namen, die uf der von Swytz teil ze Fryenbach umbkament.« 36 Vgl. Chronik des Hans Frund, S. 132, Nr. 127: »und bliben da der vyenden, die ze tod erschlagen wurdent,
/Users/programming/PycharmProjects/Find_Bibliography_NEw/data/azk_library/landolt-oliver__30.pdf;7;work;Fründ (Hans Fründ);\bfr[üu]nd\b;"gemacht ze Fryenbach uf Grutzen; dera waren vier ertrunken.« Summarisch zahlte Frund auch die prominenten Gefallenen auf Zurcher Seite beim Gefecht vor der Stadt"
/Users/programming/PycharmProjects/Find_Bibliography_NEw/data/azk_library/landolt-oliver__30.pdf;7;work;Fründ (Hans Fründ);\bfr[üu]nd\b;zum »Bodycounting« im Mittelalter: Gagne: Counting the Dead. 37 Chronik des Hans Frund, S. 293. 38 Vgl. Tschudi: Chronicon Helveticum, Teil 3, 356 (namentlich aufgezahlt
/Users/programming/PycharmProjects/Find_Bibliography_NEw/data/azk_library/landolt-oliver__30.pdf;7;work;Fründ (Hans Fründ);chronik\s+des\s+hans\s+fr[üu]nd;Erschlagene und Hingerichtete 1446,48 Belagerung von Waldshut 146849). 35 Vgl. Chronik des Hans Frund, S. 132, Nr. 128: »Diss sind dera namen, die uf der von Swytz teil ze
/Users/programming/PycharmProjects/Find_Bibliography_NEw/data/azk_library/landolt-oliver__30.pdf;7;work;Fründ (Hans Fründ);chronik\s+des\s+hans\s+fr[üu]nd;dera namen, die uf der von Swytz teil ze Fryenbach umbkament.« 36 Vgl. Chronik des Hans Frund, S. 132, Nr. 127: »und bliben da der vyenden, die ze tod erschlagen wurdent
/Users/programming/PycharmProjects/Find_Bibliography_NEw/data/azk_library/landolt-oliver__30.pdf;7;work;Fründ (Hans Fründ);chronik\s+des\s+hans\s+fr[üu]nd;Allgemein zum »Bodycounting« im Mittelalter: Gagne: Counting the Dead. 37 Chronik des Hans Frund, S. 293. 38 Vgl. Tschudi: Chronicon Helveticum, Teil 3, 356 (namentlich
/Users/programming/PycharmProjects/Find_Bibliography_NEw/data/azk_library/landolt-oliver__30.pdf;7;work;Tschudi (Aegidius/Gilg Tschudi, Chronicon Helveticum);aegidi(?:us)?\s+tschudi;Chronik.37 In beinahe akribischen Formen verzeichnete der Glarner Chronist Aegidius Tschudi (1505–1572) in seinem Chronicon Helveticum wiederholt Listen mit den Gefallenen
/Users/programming/PycharmProjects/Find_Bibliography_NEw/data/azk_library/landolt-oliver__30.pdf;7;work;Tschudi (Aegidius/Gilg Tschudi, Chronicon Helveticum);\btschudi\b;Chronik.37 In beinahe akribischen Formen verzeichnete der Glarner Chronist Aegidius Tschudi (1505–1572) in seinem Chronicon Helveticum wiederholt Listen mit den Gefallenen
/Users/programming/PycharmProjects/Find_Bibliography_NEw/data/azk_library/landolt-oliver__30.pdf;7;work;Tschudi (Aegidius/Gilg Tschudi, Chronicon Helveticum);\btschudi\b;Helveticum wiederholt Listen mit den Gefallenen der einzelnen Schlachten, wobei Tschudi diese vor allem aus Jahrzeitbuchern und Schlachtjahrzeitrodeln aus Innerschweizer
/Users/programming/PycharmProjects/Find_Bibliography_NEw/data/azk_library/landolt-oliver__30.pdf;7;work;Tschudi (Aegidius/Gilg Tschudi, Chronicon Helveticum);\btschudi\b;Mittelalter: Gagne: Counting the Dead. 37 Chronik des Hans Frund, S. 293. 38 Vgl. Tschudi: Chronicon Helveticum, Teil 3, 356 (namentlich aufgezahlt werden einzig die
/Users/programming/PycharmProjects/Find_Bibliography_NEw/data/azk_library/landolt-oliver__30.pdf;7;work;Tschudi (Aegidius/Gilg Tschudi, Chronicon Helveticum);\btschudi\b;Gefallenen). Daneben einzelne prominente Gefallene auf Habsburgs Seite. 39 Vgl. Tschudi: Chronicon Helveticum, Teil 4, S. 283. 40 Vgl. Tschudi: Chronicon Helveticum
/Users/programming/PycharmProjects/Find_Bibliography_NEw/data/azk_library/landolt-oliver__30.pdf;7;work;Tschudi (Aegidius/Gilg Tschudi, Chronicon Helveticum);\btschudi\b;Habsburgs Seite. 39 Vgl. Tschudi: Chronicon Helveticum, Teil 4, S. 283. 40 Vgl. Tschudi: Chronicon Helveticum, Teil 6, S. 184–187 (die Gefallenen aus den eidgenossischen
/Users/programming/PycharmProjects/Find_Bibliography_NEw/data/azk_library/landolt-oliver__30.pdf;7;work;Tschudi (Aegidius/Gilg Tschudi, Chronicon Helveticum);\btschudi\b;238f. 42 Vgl. ebd., S. 253–255 (Gefallene aus Glarus, Uri und Schwyz). 43 Vgl. Tschudi: Chronicon Helveticum, Teil 9, S. 110–112 (Gefallene aus Uri, Unterwalden und
/Users/programming/PycharmProjects/Find_Bibliography_NEw/data/azk_library/landolt-oliver__30.pdf;7;work;Tschudi (Aegidius/Gilg Tschudi, Chronicon Helveticum);\btschudi\b;Helveticum, Teil 9, S. 110–112 (Gefallene aus Uri, Unterwalden und Glarus). 44 Vgl. Tschudi: Chronicon Helveticum, Teil 11, S. 122 (Gefallene aus Schwyz). 45 Vgl. ebd.
/Users/programming/PycharmProjects/Find_Bibliography_NEw/data/azk_library/landolt-oliver__30.pdf;7;work;Tschudi (Aegidius/Gilg Tschudi, Chronicon Helveticum);\btschudi\b;Unterwalden). 48 Vgl. ebd., S. 431 (Erschlagene und Hingerichtete aus Uri). 49 Vgl. Tschudi: Chronicon Helveticum, Teil 13, S. 433 (Gefallene aus Unterwalden).
/Users/programming/PycharmProjects/Find_Bibliography_NEw/data/azk_library/landolt-oliver__30.pdf;7;work;Tschudi (Aegidius/Gilg Tschudi, Chronicon Helveticum);chronicon\s+helveticum;verzeichnete der Glarner Chronist Aegidius Tschudi (1505–1572) in seinem Chronicon Helveticum wiederholt Listen mit den Gefallenen der einzelnen Schlachten, wobei Tschudi
/Users/programming/PycharmProjects/Find_Bibliography_NEw/data/azk_library/landolt-oliver__30.pdf;7;work;Tschudi (Aegidius/Gilg Tschudi, Chronicon Helveticum);chronicon\s+helveticum;Counting the Dead. 37 Chronik des Hans Frund, S. 293. 38 Vgl. Tschudi: Chronicon Helveticum, Teil 3, 356 (namentlich aufgezahlt werden einzig die aus Uri Gefallenen
/Users/programming/PycharmProjects/Find_Bibliography_NEw/data/azk_library/landolt-oliver__30.pdf;7;work;Tschudi (Aegidius/Gilg Tschudi, Chronicon Helveticum);chronicon\s+helveticum;Daneben einzelne prominente Gefallene auf Habsburgs Seite. 39 Vgl. Tschudi: Chronicon Helveticum, Teil 4, S. 283. 40 Vgl. Tschudi: Chronicon Helveticum, Teil 6, S. 184
/Users/programming/PycharmProjects/Find_Bibliography_NEw/data/azk_library/landolt-oliver__30.pdf;7;work;Tschudi (Aegidius/Gilg Tschudi, Chronicon Helveticum);chronicon\s+helveticum;39 Vgl. Tschudi: Chronicon Helveticum, Teil 4, S. 283. 40 Vgl. Tschudi: Chronicon Helveticum, Teil 6, S. 184–187 (die Gefallenen aus den eidgenossischen Orten Luzern
/Users/programming/PycharmProjects/Find_Bibliography_NEw/data/azk_library/landolt-oliver__30.pdf;7;work;Tschudi (Aegidius/Gilg Tschudi, Chronicon Helveticum);chronicon\s+helveticum;, S. 253–255 (Gefallene aus Glarus, Uri und Schwyz). 43 Vgl. Tschudi: Chronicon Helveticum, Teil 9, S. 110–112 (Gefallene aus Uri, Unterwalden und Glarus). 44 Vgl
/Users/programming/PycharmProjects/Find_Bibliography_NEw/data/azk_library/landolt-oliver__30.pdf;7;work;Tschudi (Aegidius/Gilg Tschudi, Chronicon Helveticum);chronicon\s+helveticum;110–112 (Gefallene aus Uri, Unterwalden und Glarus). 44 Vgl. Tschudi: Chronicon Helveticum, Teil 11, S. 122 (Gefallene aus Schwyz). 45 Vgl. ebd., S. 128f. (Gefallene
/Users/programming/PycharmProjects/Find_Bibliography_NEw/data/azk_library/landolt-oliver__30.pdf;7;work;Tschudi (Aegidius/Gilg Tschudi, Chronicon Helveticum);chronicon\s+helveticum;ebd., S. 431 (Erschlagene und Hingerichtete aus Uri). 49 Vgl. Tschudi: Chronicon Helveticum, Teil 13, S. 433 (Gefallene aus Unterwalden).
/Users/programming/PycharmProjects/Find_Bibliography_NEw/data/azk_library/landolt-oliver__30.pdf;10;work;Justinger (Konrad Justinger, Berner Chronik);(?:kon|con)rad\s+justinger;Heinrich Pertz (MGH SS rer. Germ. 7), Hannover 1891. Die Berner-Chronik des Conrad Justinger, hg. v. G. Studer, Bern 1871. 59 Vgl. Das Weiße Buch von Sarnen, S. 13.
/Users/programming/PycharmProjects/Find_Bibliography_NEw/data/azk_library/landolt-oliver__30.pdf;10;work;Justinger (Konrad Justinger, Berner Chronik);\bjustinger\b;Heinrich Pertz (MGH SS rer. Germ. 7), Hannover 1891. Die Berner-Chronik des Conrad Justinger, hg. v. G. Studer, Bern 1871. 59 Vgl. Das Weiße Buch von Sarnen, S. 13. Zur
/Users/programming/PycharmProjects/Find_Bibliography_NEw/data/azk_library/landolt-oliver__30.pdf;11;work;Fründ (Hans Fründ);hans\s+fr[üu]nd;Oliver Landolt: Kriegsgefallenenlisten 171 Die Chronik des Hans Frund,Landschreiber zu Schwytz,hg. v.Christian Immanuel Kind, Chur 1875. Henggeler, Rudolf: Das Schlachtenjahrzeit
/Users/programming/PycharmProjects/Find_Bibliography_NEw/data/azk_library/landolt-oliver__30.pdf;11;work;Fründ (Hans Fründ);\bfr[üu]nd\b;Oliver Landolt: Kriegsgefallenenlisten 171 Die Chronik des Hans Frund,Landschreiber zu Schwytz,hg. v.Christian Immanuel Kind, Chur 1875. Henggeler, Rudolf: Das Schlachtenjahrzeit
/Users/programming/PycharmProjects/Find_Bibliography_NEw/data/azk_library/landolt-oliver__30.pdf;11;work;Fründ (Hans Fründ);chronik\s+des\s+hans\s+fr[üu]nd;Oliver Landolt: Kriegsgefallenenlisten 171 Die Chronik des Hans Frund,Landschreiber zu Schwytz,hg. v.Christian Immanuel Kind, Chur 1875. Henggeler, Rudolf: Das Schlachtenjahrzeit
/Users/programming/PycharmProjects/Find_Bibliography_NEw/data/azk_library/landolt-oliver__30.pdf;11;work;Tschudi (Aegidius/Gilg Tschudi, Chronicon Helveticum);\btschudi\b;Quellen (1461–1489), bearb. von Konrad Wanner (abgekurzt: SSRQ LU I/3), Basel 2005. Tschudi, Aegidius: Chronicon Helveticum, 3. Teil, bearb. v. Bernhard Stettler (Quellen
/Users/programming/PycharmProjects/Find_Bibliography_NEw/data/azk_library/landolt-oliver__30.pdf;11;work;Tschudi (Aegidius/Gilg Tschudi, Chronicon Helveticum);chronicon\s+helveticum;Konrad Wanner (abgekurzt: SSRQ LU I/3), Basel 2005. Tschudi, Aegidius: Chronicon Helveticum, 3. Teil, bearb. v. Bernhard Stettler (Quellen zur Schweizer Geschichte
/Users/programming/PycharmProjects/Find_Bibliography_NEw/data/azk_library/landolt-oliver__30.pdf;11;work;Tschudi (Aegidius/Gilg Tschudi, Chronicon Helveticum);chronicon\s+helveticum;Schweizer Geschichte, NF, I. Abt.: Chroniken, Bd. VII/3), Basel 1980. – Chronicon Helveticum, 4. Teil, bearb. v. Bernhard Stettler (Quellen zur Schweizer Geschichte
/Users/programming/PycharmProjects/Find_Bibliography_NEw/data/azk_library/landolt-oliver__30.pdf;11;work;Tschudi (Aegidius/Gilg Tschudi, Chronicon Helveticum);chronicon\s+helveticum;Schweizer Geschichte, NF, I. Abt.: Chroniken, Bd. VII/4), Basel 1983. – Chronicon Helveticum, 6. Teil, bearb. v. Bernhard Stettler (Quellen zur Schweizer Geschichte
/Users/programming/PycharmProjects/Find_Bibliography_NEw/data/azk_library/landolt-oliver__30.pdf;11;work;Tschudi (Aegidius/Gilg Tschudi, Chronicon Helveticum);chronicon\s+helveticum;Schweizer Geschichte, NF, I. Abt.: Chroniken, Bd. VII/6), Basel 1986. – Chronicon Helveticum, 9. Teil, bearb. v. Bernhard Stettler (Quellen zur Schweizer Geschichte
/Users/programming/PycharmProjects/Find_Bibliography_NEw/data/azk_library/landolt-oliver__30.pdf;11;work;Tschudi (Aegidius/Gilg Tschudi, Chronicon Helveticum);chronicon\s+helveticum;Schweizer Geschichte, NF, I. Abt.: Chroniken, Bd. VII/9), Basel 1992. –Chronicon Helveticum,11.Teil,bearb.v.Bernhard Stettler (Quellen zur Schweizer Geschichte, NF
/Users/programming/PycharmProjects/Find_Bibliography_NEw/data/azk_library/landolt-oliver__30.pdf;11;work;Tschudi (Aegidius/Gilg Tschudi, Chronicon Helveticum);chronicon\s+helveticum;Schweizer Geschichte, NF, I. Abt.: Chroniken, Bd. VII/11), Basel 1996. – Chronicon Helveticum, 13. Teil/2. Halfte, bearb. v. Bernhard Stettler (Quellen zur Schweizer
/Users/programming/PycharmProjects/Find_Bibliography_NEw/data/azk_library/bosshard-werner__14.pdf;4;work;Brennwald (Heinrich/Johannes Brennwald, Schweizerchronik);heinrich\s+brennwald;und tierli, und reben und nussbem, das mans absluog.»!? Auch der Chronist Heinrich Brennwald bringt drei Nachrichten zum Untersuchungszeitraum, jedoch stimmen sie nur
/Users/programming/PycharmProjects/Find_Bibliography_NEw/data/azk_library/bosshard-werner__14.pdf;4;work;Brennwald (Heinrich/Johannes Brennwald, Schweizerchronik);\bbrennwald\b;tierli, und reben und nussbem, das mans absluog.»!? Auch der Chronist Heinrich Brennwald bringt drei Nachrichten zum Untersuchungszeitraum, jedoch stimmen sie nur teilweise
/Users/programming/PycharmProjects/Find_Bibliography_NEw/data/azk_library/bosshard-werner__14.pdf;11;work;Brennwald (Heinrich/Johannes Brennwald, Schweizerchronik);heinrich\s+brennwald;18), Basel 1900, 191. 10 Chronik der Stadt Ziirich (wie Anm. 9), 192. 11 Heinrich Brennwald, Schweizerchronik, hg. von Rudolf Luginbiihl (QSG,N. F, Abt. I/1), Bd.2
/Users/programming/PycharmProjects/Find_Bibliography_NEw/data/azk_library/bosshard-werner__14.pdf;11;work;Brennwald (Heinrich/Johannes Brennwald, Schweizerchronik);\bbrennwald\b;Basel 1900, 191. 10 Chronik der Stadt Ziirich (wie Anm. 9), 192. 11 Heinrich Brennwald, Schweizerchronik, hg. von Rudolf Luginbiihl (QSG,N. F, Abt. I/1), Bd.2, Basel
/Users/programming/PycharmProjects/Find_Bibliography_NEw/data/azk_library/bosshard-werner__14.pdf;11;work;Brennwald (Heinrich/Johannes Brennwald, Schweizerchronik);\bbrennwald\b;Schweizerchronik, hg. von Rudolf Luginbiihl (QSG,N. F, Abt. I/1), Bd.2, Basel 1910, 502. 12 Brennwald (wie Anm. 11), 502. 13 Brennwald (wie Anm. 11), 503. 14 Koch (wie Anm. 8),
/Users/programming/PycharmProjects/Find_Bibliography_NEw/data/azk_library/bosshard-werner__14.pdf;11;work;Brennwald (Heinrich/Johannes Brennwald, Schweizerchronik);\bbrennwald\b;N. F, Abt. I/1), Bd.2, Basel 1910, 502. 12 Brennwald (wie Anm. 11), 502. 13 Brennwald (wie Anm. 11), 503. 14 Koch (wie Anm. 8), 119-121. | 15 Jacques Chiffoleau
/Users/programming/PycharmProjects/Find_Bibliography_NEw/data/azk_library/sutter-pascale__3.pdf;2;work;Klingenberger/Rapperswiler Chronik (Eberhard Wüest, ed.);klingenberger\s+chronik;zuriick und ging gleichzeitig ein Biindnis mit Zitirich ein.’ Nach der Klingenberger Chronik zu schliessen, waren nicht alle Rapperswiler erfreut tiber das Biindnis
/Users/programming/PycharmProjects/Find_Bibliography_NEw/data/azk_library/sutter-pascale__3.pdf;3;work;Schodoler (Werner Schodoler, Eidgenössische Chronik);werner\s+schodoler;"(Eidgendssische | eas y Bi bull alte ne “ree SS] sh \ AE A\ Chronik des Werner Schodoler von | at OE, sates KS [ AG ie A} 1514, Bd. 2, fol. 60 v; StadtA Brem- }"
/Users/programming/PycharmProjects/Find_Bibliography_NEw/data/azk_library/sutter-pascale__3.pdf;3;work;Schodoler (Werner Schodoler, Eidgenössische Chronik);\bschodoler\b;"Eidgendssische | eas y Bi bull alte ne “ree SS] sh \ AE A\ Chronik des Werner Schodoler von | at OE, sates KS [ AG ie A} 1514, Bd. 2, fol. 60 v; StadtA Brem- } hee"
/Users/programming/PycharmProjects/Find_Bibliography_NEw/data/azk_library/sutter-pascale__3.pdf;3;work;Klingenberger/Rapperswiler Chronik (Eberhard Wüest, ed.);klingenberger\s+chronik;Auf jeden Fall war man auf der Hut und riistete zum Krieg. _ Gemiss der Klingenberger Chronik wurde Ludwig Meyer als Hauptmann des K6nigs auf der Rapperswiler Burg
/Users/programming/PycharmProjects/Find_Bibliography_NEw/data/azk_library/sutter-pascale__3.pdf;4;work;Klingenberger/Rapperswiler Chronik (Eberhard Wüest, ed.);klingenberger\s+chronik;Seldner anzuwerben und die laufenden Kriegskosten zu decken. Nach der Klingenberger Chronik verstarkten noch vor dem Kriegsausbruch 400 Manner aus der Grafschaft
/Users/programming/PycharmProjects/Find_Bibliography_NEw/data/azk_library/sutter-pascale__3.pdf;4;work;Klingenberger/Rapperswiler Chronik (Eberhard Wüest, ed.);klingenberger\s+chronik;der Einschliessung stand und wehrten sich tapfer, wie der Verfasser der Klingenberger Chronik stolz berichtet. Zum Verdruss der Schwyzer und Glarner rlickte eine rasche
/Users/programming/PycharmProjects/Find_Bibliography_NEw/data/azk_library/sutter-pascale__3.pdf;5;work;Schodoler (Werner Schodoler, Eidgenössische Chronik);\bschodoler\b;"at moe aie’ sche Chronik des Werner Is wie \ Mey fot"" | VE Se _ e os wh & Say Schodoler von 1514, Bd. 2, ; fs rf J n't Mh, ie ; ay om era > SO ~ oo A fol. 76 v; StadtA"
/Users/programming/PycharmProjects/Find_Bibliography_NEw/data/azk_library/sutter-pascale__3.pdf;10;work;Tschudi (Aegidius/Gilg Tschudi, Chronicon Helveticum);\btschudi\b;"alterthumsforschenden Gesellschaft zu Ziirich, in: MAGZ 6/5 (1849), 232-235; Tschudi, Bd. 6, 150-152, 265-269; vgl. die stadtische Jahrzeit im Jahrzeitbuch der Pfarrei"
/Users/programming/PycharmProjects/Find_Bibliography_NEw/data/azk_library/sutter-pascale__3.pdf;10;work;Klingenberger/Rapperswiler Chronik (Eberhard Wüest, ed.);chronik\s+von\s+rapperswil;Belagerung aller eidgendssischen Orte stand. Ludwig Ettmiiller (Hg.): Chronik von Rapperswil von 1000 bis zum Jahre 1388, nach einer von Matthaus Rickenmann, Presbyter
/Users/programming/PycharmProjects/Find_Bibliography_NEw/data/azk_library/sutter-pascale__3.pdf;11;work;Tschudi (Aegidius/Gilg Tschudi, Chronicon Helveticum);\btschudi\b;"21. 12 StadtA Rapperswil, A II 122, CI12;StALU, Akten Al, Fl, Schachtel 63. 13 Tschudi, Bd. 11, 43 f.; Niederstatter (wie Anm. 2), 113,119 £, 157. Zum Biindnis mit"
/Users/programming/PycharmProjects/Find_Bibliography_NEw/data/azk_library/sutter-pascale__3.pdf;11;work;Tschudi (Aegidius/Gilg Tschudi, Chronicon Helveticum);\btschudi\b;"Mordnacht von Weesen 1388 erobert hatten, zuriickzuerhalten. EA, Bd.2, Nr.241;Tschudi, Bd. 6, 265-267, Bd. 10,360 £., Bd. 12,53, 200; Xaver Rickenmann: Geschichte"
/Users/programming/PycharmProjects/Find_Bibliography_NEw/data/azk_library/sutter-pascale__3.pdf;11;work;Tschudi (Aegidius/Gilg Tschudi, Chronicon Helveticum);\btschudi\b;"Rapperswil, Bd.A 24.1;TLA Innsbruck, Sigmundiana 4b.55.176; Thommen, Bd. 4, Nr. 163;Tschudi, Bd. 13/1, 102, Anm. 56. 40 Meile-Huber (wie Anm. 9), 113 f. 41 Dem Aufstand"
/Users/programming/PycharmProjects/Find_Bibliography_NEw/data/azk_library/sutter-pascale__3.pdf;11;work;Klingenberger/Rapperswiler Chronik (Eberhard Wüest, ed.);klingenberger\s+chronik;"Ziirich vgl. StALU, Akten A1, F1, Schachtel 63; StAZ, A 176.1, Nr. 31. 14 Klingenberger Chronik, 289. 15 StadtA Rapperswil, A XXXIIa 1b 2,A XXXVII 11. Vgl. auch: Niederstatter"
/Users/programming/PycharmProjects/Find_Bibliography_NEw/data/azk_library/sutter-pascale__3.pdf;11;work;Klingenberger/Rapperswiler Chronik (Eberhard Wüest, ed.);klingenberger\s+chronik;"Akten Al, F1, Schachtel 63; Niederstitter (wie Anm. 2), 167; 369 f. 20 Klingenberger Chronik, 295; Niederstatter (wie Anm. 2), 186. 21 URStAZ, Bd. 6, Nr. 8859, 8868"
/Users/programming/PycharmProjects/Find_Bibliography_NEw/data/azk_library/sutter-pascale__3.pdf;11;work;Klingenberger/Rapperswiler Chronik (Eberhard Wüest, ed.);klingenberger\s+chronik;"Niederstatter (wie Anm. 2), 186. 21 URStAZ, Bd. 6, Nr. 8859, 8868, 8879. 22 Klingenberger Chronik, 299; Niederstatter (wie Anm. 2), 192 f. 23 StadtA Rapperswil, A XIIa"
/Users/programming/PycharmProjects/Find_Bibliography_NEw/data/azk_library/sutter-pascale__3.pdf;11;work;Klingenberger/Rapperswiler Chronik (Eberhard Wüest, ed.);klingenberger\s+chronik;"Niederstatter (wie Anm. 2), 192 f. 23 StadtA Rapperswil, A XIIa 26 1. 24 Klingenberger Chronik, 303; Niederstatter (wie Anm. 2), 199. 25 Klingenberger Chronik, 303"
/Users/programming/PycharmProjects/Find_Bibliography_NEw/data/azk_library/sutter-pascale__3.pdf;11;work;Klingenberger/Rapperswiler Chronik (Eberhard Wüest, ed.);klingenberger\s+chronik;"1. 24 Klingenberger Chronik, 303; Niederstatter (wie Anm. 2), 199. 25 Klingenberger Chronik, 303; Niederstatter (wie Anm.2), 197 und 200. Vgl. auch URStAZ, Bd. 6"
/Users/programming/PycharmProjects/Find_Bibliography_NEw/data/azk_library/sutter-pascale__3.pdf;11;work;Klingenberger/Rapperswiler Chronik (Eberhard Wüest, ed.);klingenberger\s+chronik;"Niederstatter (wie Anm. 2), 201-203; URStAZ, Bd. 6, Nr. 8917, 8918, 8920, 8929. 29 Klingenberger Chronik, 315, 323 f.,326; Niederstatter (wie Anm. 2), 213 £,, 224, 234-238; URStAZ"
/Users/programming/PycharmProjects/Find_Bibliography_NEw/data/azk_library/sutter-pascale__3.pdf;11;work;Klingenberger/Rapperswiler Chronik (Eberhard Wüest, ed.);klingenberger\s+chronik;"387-391; URStAZ, Bd. 6, Nr. 9001. 31 StadtA Rapperswil, A XIIla 26 2. 32 Klingenberger Chronik, 329 f. | 33 StadtA Rapperswil, A XXXIIb 2 14. 34 Niederstatter (wie"
/Users/programming/PycharmProjects/Find_Bibliography_NEw/data/azk_library/sutter-pascale__3.pdf;11;work;Klingenberger/Rapperswiler Chronik (Eberhard Wüest, ed.);klingenberger\s+chronik;"Urk 232/3374 (21. Juli 1445), Urk 233/3394 (27. Marz 1446). Vel. auch: Klingenberger Chronik, 315; Niederstatter (wie Anm. 2), 224. 37 StadtA Rapperswil, A II 125"
/Users/programming/PycharmProjects/Find_Bibliography_NEw/data/azk_library/sutter-pascale__3.pdf;12;work;Tschudi (Aegidius/Gilg Tschudi, Chronicon Helveticum);\btschudi\b;"Schriften des Heimatmuseums 14), Rapperswil 1993, 131; Thommen, Bd. 4, Nr. 198; Tschudi, Bd. 13/1, 88 f., 102, Anm. 56. 46 StadtA Rapperswil, Bd. A 23, 29-32. 47 Der"
/Users/programming/PycharmProjects/Find_Bibliography_NEw/data/azk_library/sutter-pascale__3.pdf;12;work;Tschudi (Aegidius/Gilg Tschudi, Chronicon Helveticum);\btschudi\b;61 Urkundenbuch Abtei Sanct Gallen (wie Anm. 56), Bd. 6, Nr. 6132. Vgl. dazu Tschudi, Bd. 13/1, 104, Anm. 56. 62 StALU, Akten Al, F1, Rapperswil, Schachtel 399.
/Users/programming/PycharmProjects/Find_Bibliography_NEw/data/azk_library/sutter-pascale__3.pdf;12;work;Tschudi (Aegidius/Gilg Tschudi, Chronicon Helveticum);\btschudi\b;"StadtA Rapperswil, A XXXIIb 2 20; EA, Bd. 2, Nr. 463, aber auch Nr. 478 und 493; Tschudi, Bd. 13/1, 101 f. 68 StALU, Akten A1, F1, Rapperswil, Schachtel 399. 69 TLA"
/Users/programming/PycharmProjects/Find_Bibliography_NEw/data/azk_library/sutter-pascale__3.pdf;12;work;Tschudi (Aegidius/Gilg Tschudi, Chronicon Helveticum);\btschudi\b;"Rapperswil, Schachtel 399. 69 TLA Innsbruck, Sigmundiana 4b.55.203, fol. 451 r; Tschudi, Bd. 13/1, 142-144. Vgl. dazu EA, Bd. 2, Nr. 493; Rolf Kohn: Ungedruckte Quellen"
/Users/programming/PycharmProjects/Find_Bibliography_NEw/data/azk_library/sutter-pascale__3.pdf;13;work;Tschudi (Aegidius/Gilg Tschudi, Chronicon Helveticum);\btschudi\b;"A [Xa 2 4. 71 Vegl.StadtA Rapperswil, A IIT 1 5a; StASZ, Akten 1, 431, Nr. 3; Tschudi, Bd. 13/2, 260, Anm. 137; Elsener (wie Anm. 45), 9 f.; Meile-Huber (wie Anm"
/Users/programming/PycharmProjects/Find_Bibliography_NEw/data/azk_library/langmaier-konstantin-m__17.pdf;3;work;Schilling (ungenau);\bschilling\b;zugestimmt und der Bevolkerung von Freienbach erlaubt, sich gegen einen Lohn von 5 Schilling pro Leiche, dem damals ublichen Totengrabertarif, an der Arbeit zu beteiligen
/Users/programming/PycharmProjects/Find_Bibliography_NEw/data/azk_library/langmaier-konstantin-m__17.pdf;4;work;Fründ (Hans Fründ);hans\s+fr[üu]nd;Seite stammen, namlich vom Schwyzer Landschreiber und «Chefpropagandisten» Hans Frund. Frund begleitete die Schwyzer Truppen in amtlicher Funktion uber weite Strecken
/Users/programming/PycharmProjects/Find_Bibliography_NEw/data/azk_library/langmaier-konstantin-m__17.pdf;4;work;Fründ (Hans Fründ);\bfr[üu]nd\b;Seite stammen, namlich vom Schwyzer Landschreiber und «Chefpropagandisten» Hans Frund. Frund begleitete die Schwyzer Truppen in amtlicher Funktion uber weite Strecken
/Users/programming/PycharmProjects/Find_Bibliography_NEw/data/azk_library/langmaier-konstantin-m__17.pdf;4;work;Fründ (Hans Fründ);\bfr[üu]nd\b;stammen, namlich vom Schwyzer Landschreiber und «Chefpropagandisten» Hans Frund. Frund begleitete die Schwyzer Truppen in amtlicher Funktion uber weite Strecken und
/Users/programming/PycharmProjects/Find_Bibliography_NEw/data/azk_library/langmaier-konstantin-m__17.pdf;4;work;Fründ (Hans Fründ);\bfr[üu]nd\b;"umarbeitete.4 Fur das erste Gefecht bei Freienbach am 22. Mai 1443 uberliefert Frund die Zahl von 40 getoteten Feinden, die man in eine Grube gelegt habe; fur die"
/Users/programming/PycharmProjects/Find_Bibliography_NEw/data/azk_library/langmaier-konstantin-m__17.pdf;4;work;Fründ (Hans Fründ);\bfr[üu]nd\b;St. Jakob an der Sihl vor Zurich, beim heutigen Stauffacher, am 22. Juli kommt Frund auf mindestens 300 Tote, ermittelt durch Zahlung der erbeuteten Harnische.5 Um
/Users/programming/PycharmProjects/Find_Bibliography_NEw/data/azk_library/langmaier-konstantin-m__17.pdf;5;work;Fründ (Hans Fründ);hans\s+fr[üu]nd;systematisch aufzeichneten wie die Gegenseite.15 Dort erfasste wiederum Landschreiber Hans Frund alle Schwyzer Toten mit Namen fur ein grosses Schlachten- 67
/Users/programming/PycharmProjects/Find_Bibliography_NEw/data/azk_library/langmaier-konstantin-m__17.pdf;5;work;Fründ (Hans Fründ);\bfr[üu]nd\b;genannte Zahl der nach der Schlacht bei Wollerau geborgenen 102 Toten findet sich bei Frund und beruht auf einer Zahlung der Leichen, wie sie auch in modernen Kriegen als
/Users/programming/PycharmProjects/Find_Bibliography_NEw/data/azk_library/langmaier-konstantin-m__17.pdf;5;work;Fründ (Hans Fründ);\bfr[üu]nd\b;die Stadt (rund 4000) und die Landschaft.11 Wie verlasslich aber sind die von Frund genannten Zahlen, und weshalb fehlen entsprechend exakte Angaben von Zurcher
/Users/programming/PycharmProjects/Find_Bibliography_NEw/data/azk_library/langmaier-konstantin-m__17.pdf;5;work;Fründ (Hans Fründ);\bfr[üu]nd\b;Gefecht von Freienbach ist exakt von 42 Toten die Rede, was mit den 40 Toten bei Frund ubereinstimmt. Die weitaus hoheren Opferzahlen der Schlachten am Hirzel und bei
/Users/programming/PycharmProjects/Find_Bibliography_NEw/data/azk_library/langmaier-konstantin-m__17.pdf;5;work;Fründ (Hans Fründ);\bfr[üu]nd\b;jeweiligen Pfarrei. Auf dieser Grundlage lasst sich abschatzen, dass die Zahlen von Frund nicht zu hoch gegriffen sind. Die Liste aus der Pfarrei Kusnacht nennt 91 Namen
/Users/programming/PycharmProjects/Find_Bibliography_NEw/data/azk_library/langmaier-konstantin-m__17.pdf;5;work;Fründ (Hans Fründ);\bfr[üu]nd\b;aufzeichneten wie die Gegenseite.15 Dort erfasste wiederum Landschreiber Hans Frund alle Schwyzer Toten mit Namen fur ein grosses Schlachten- 67
/Users/programming/PycharmProjects/Find_Bibliography_NEw/data/azk_library/langmaier-konstantin-m__17.pdf;6;work;Fründ (Hans Fründ);\bfr[üu]nd\b;Auch vom Gefecht bei Freienbach wissen wir, dass die 42 Toten nicht in der von Frund erwahnten Grube blieben, sondern - ebenfalls mit offizieller Erlaubnis der Schwyzer
/Users/programming/PycharmProjects/Find_Bibliography_NEw/data/azk_library/langmaier-konstantin-m__17.pdf;6;work;Fründ (Hans Fründ);\bfr[üu]nd\b;Kampfhandlungen- nach den Schlachten am Hirzel und bei St. Jakob an der Sihl. Landschreiber Frund berichtet jedenfalls von Massengrabern, die er nach dem Krieg namentlich an beiden
/Users/programming/PycharmProjects/Find_Bibliography_NEw/data/azk_library/langmaier-konstantin-m__17.pdf;6;work;Bullinger (Heinrich Bullinger, historiographische Werke);heinrich\s+bullinger;menschliche Knochen auf, die man den Gefallenen von 1443 zuwies,22 und auch Heinrich Bullinger sah 1512 als achtjahriger Knabe in der Nahe seiner Heimatstadt Bremgarten
/Users/programming/PycharmProjects/Find_Bibliography_NEw/data/azk_library/langmaier-konstantin-m__17.pdf;6;work;Bullinger (Heinrich Bullinger, historiographische Werke);\bbullinger\b;menschliche Knochen auf, die man den Gefallenen von 1443 zuwies,22 und auch Heinrich Bullinger sah 1512 als achtjahriger Knabe in der Nahe seiner Heimatstadt Bremgarten Holzkreuze
/Users/programming/PycharmProjects/Find_Bibliography_NEw/data/azk_library/langmaier-konstantin-m__17.pdf;8;work;Fründ (Hans Fründ);\bfr[üu]nd\b;Diskussionen im Kriegsrat machen es deutlich, und selbst im Bericht von Landschreiber Frund ist ein Unbehagen uber die Hinrichtung spurbar. Traf die Strafe die Richtigen
/Users/programming/PycharmProjects/Find_Bibliography_NEw/data/azk_library/langmaier-konstantin-m__17.pdf;8;work;Fründ (Hans Fründ);\bfr[üu]nd\b;enthalt zudem das Verbot, Wohnhauser von Wochnerinnen anzuzunden. Auch Landschreiber Frund schildert, wie er sich anlasslich der Belagerung von Greifensee personlich um
/Users/programming/PycharmProjects/Find_Bibliography_NEw/data/azk_library/langmaier-konstantin-m__17.pdf;8;work;Fründ (Hans Fründ);\bfr[üu]nd\b;die ganze Bevolkerung. Es ist einmal mehr das Kriegstagebuch von Landschreiber Frund, in dem wir diesbezuglich die aufschlussreichsten Schilderungen finden: Hofe
/Users/programming/PycharmProjects/Find_Bibliography_NEw/data/azk_library/langmaier-konstantin-m__17.pdf;8;work;Fründ (Hans Fründ);\bfr[üu]nd\b;einem Ort nichts mehr zu zerstoren gibt, ziehen die Truppen weiter. So schreibt Frund 70
/Users/programming/PycharmProjects/Find_Bibliography_NEw/data/azk_library/langmaier-konstantin-m__17.pdf;8;work;Edlibach (Gerold Edlibach, Zürcher Chronik);gerold\s+edlibach;ihren Kindern an der Hand, die um Gnade flehten, wie es der Zurcher Chronist Gerold Edlibach aufgrund von Augenzeugenberichten eindrucklich beschreibt.Am Schluss setzte
/Users/programming/PycharmProjects/Find_Bibliography_NEw/data/azk_library/langmaier-konstantin-m__17.pdf;8;work;Edlibach (Gerold Edlibach, Zürcher Chronik);\bedlibach\b;Kindern an der Hand, die um Gnade flehten, wie es der Zurcher Chronist Gerold Edlibach aufgrund von Augenzeugenberichten eindrucklich beschreibt.Am Schluss setzte
/Users/programming/PycharmProjects/Find_Bibliography_NEw/data/azk_library/langmaier-konstantin-m__17.pdf;9;work;Fründ (Hans Fründ);\bfr[üu]nd\b;schildert: «Und aber ainer sin bruoder, der ander sin sun, ainer sin wib und ander sin frund vor der statt [Rapperswil] hat [...] und kament also alle tag frowen, aine suocht
/Users/programming/PycharmProjects/Find_Bibliography_NEw/data/azk_library/langmaier-konstantin-m__17.pdf;9;work;Fründ (Hans Fründ);\bfr[üu]nd\b;hinderte, der elf Hauser zum Opfer fielen. Am rechten Zurichseeufer, so berichtet Frund, habe man sich anschliessend darauf beschrankt, hie und da ein «gutes», das heisst
/Users/programming/PycharmProjects/Find_Bibliography_NEw/data/azk_library/langmaier-konstantin-m__17.pdf;9;work;Fründ (Hans Fründ);\bfr[üu]nd\b;zu stecken- als sichtbares Zeichen («Wortzeichen») dafur, «das man da was», wie Frund hinzufugt.35 Gluck hatte die Zivilbevolkerung namentlich dann, wenn sich Berner
/Users/programming/PycharmProjects/Find_Bibliography_NEw/data/azk_library/langmaier-konstantin-m__17.pdf;9;work;Klingenberger/Rapperswiler Chronik (Eberhard Wüest, ed.);klingenberger\s+chronik;Eidgenossen nur noch die Turschlosser rauben konnen, heisst es in der Klingenberger Chronik uberspitzt. Andernorts wurden Familien auseinandergerissen, wie es derselbe
/Users/programming/PycharmProjects/Find_Bibliography_NEw/data/azk_library/langmaier-konstantin-m__17.pdf;10;work;Fründ (Hans Fründ);\bfr[üu]nd\b;zu mussen- «durch die eschen [Asche]», wie Frund bildhaft schreibt. Auch wahrend der Belagerung von Greifensee klagt ein Berner in einem Brief, er brauche dringend
/Users/programming/PycharmProjects/Find_Bibliography_NEw/data/azk_library/langmaier-konstantin-m__17.pdf;10;work;Fründ (Hans Fründ);\bfr[üu]nd\b;"Krieg gegen Zurich und kampften gegen ihre Nachbarn am Zurichsee; Landschreiber Frund lobt sie ausdrucklich als «byderb lut», die «sich mit den Eidgnossen bewartent"
/Users/programming/PycharmProjects/Find_Bibliography_NEw/data/azk_library/langmaier-konstantin-m__17.pdf;10;work;Fründ (Hans Fründ);\bfr[üu]nd\b;entschlossen.37 Von ganz anderer Art als die Schilderungen im Kriegstagebuch von Frund sind die Zeugnisse von Zerstorungen im Urkunden- und Aktenmaterial der Zurcher
/Users/programming/PycharmProjects/Find_Bibliography_NEw/data/azk_library/langmaier-konstantin-m__17.pdf;10;work;Edlibach (Gerold Edlibach, Zürcher Chronik);\bedlibach\b;ausdrucklich als «byderb lut», die «sich mit den Eidgnossen bewartent». Nach Edlibach sollen die Gruninger sogar dafur verantwortlich gewesen sein, dass sich die
/Users/programming/PycharmProjects/Find_Bibliography_NEw/data/azk_library/langmaier-konstantin-m__17.pdf;11;work;Klingenberger/Rapperswiler Chronik (Eberhard Wüest, ed.);klingenberger\s+chronik;und viele bereits auf die andere Seite der Limmat fluchteten. Laut der Klingenberger Chronik war die Stadt in jenem Moment so gefahrdet wie nie zuvor in ihrem Bestehen
/Users/programming/PycharmProjects/Find_Bibliography_NEw/data/azk_library/langmaier-konstantin-m__17.pdf;14;work;Fründ (Hans Fründ);\bfr[üu]nd\b;durch den Krieg.56 Nicht geringer war das menschliche Leid. Selbst Landschreiber Frund klagt am Ende seiner Chronik, dass der Krieg viele Frauen und Kinder zu Witwen
/Users/programming/PycharmProjects/Find_Bibliography_NEw/data/azk_library/langmaier-konstantin-m__17.pdf;15;work;Edlibach (Gerold Edlibach, Zürcher Chronik);gerold\s+edlibach;meren teil ir begrebte by der kilchen Uster habend». Spater liess Landvogt Gerold Edlibach eine neue Gedenkkapelle errrichten, und noch im Jahr 1543 erhielt Konrad
/Users/programming/PycharmProjects/Find_Bibliography_NEw/data/azk_library/langmaier-konstantin-m__17.pdf;15;work;Edlibach (Gerold Edlibach, Zürcher Chronik);gerold\s+edlibach;Erinnerung an den Krieg wachgehalten: Der eben erwahnte Landvogt und Chronist Gerold Edlibach (1454—1530) kannte ihn 77
/Users/programming/PycharmProjects/Find_Bibliography_NEw/data/azk_library/langmaier-konstantin-m__17.pdf;15;work;Edlibach (Gerold Edlibach, Zürcher Chronik);\bedlibach\b;teil ir begrebte by der kilchen Uster habend». Spater liess Landvogt Gerold Edlibach eine neue Gedenkkapelle errrichten, und noch im Jahr 1543 erhielt Konrad Huggenberg
/Users/programming/PycharmProjects/Find_Bibliography_NEw/data/azk_library/langmaier-konstantin-m__17.pdf;15;work;Edlibach (Gerold Edlibach, Zürcher Chronik);\bedlibach\b;Erinnerung an den Krieg wachgehalten: Der eben erwahnte Landvogt und Chronist Gerold Edlibach (1454—1530) kannte ihn 77
/Users/programming/PycharmProjects/Find_Bibliography_NEw/data/azk_library/langmaier-konstantin-m__17.pdf;16;work;Edlibach (Gerold Edlibach, Zürcher Chronik);\bedlibach\b;Vergessenheit, wenn sie nicht unterdessen verschriftlicht wurden, wie eben im Fall von Edlibach, Fabri und Bullinger. Heinrich Bullinger verdanken wir auch einige Kriegserinnerungen
/Users/programming/PycharmProjects/Find_Bibliography_NEw/data/azk_library/langmaier-konstantin-m__17.pdf;16;work;Bullinger (Heinrich Bullinger, historiographische Werke);heinrich\s+bullinger;aufwuchs, blieb zeitlebens von seiner Kindheit im Krieg gepragt, und selbst Heinrich Bullinger (1504-1575) horte als junger Knabe aufmerksam seiner Grossmutter zu, die
/Users/programming/PycharmProjects/Find_Bibliography_NEw/data/azk_library/langmaier-konstantin-m__17.pdf;16;work;Bullinger (Heinrich Bullinger, historiographische Werke);heinrich\s+bullinger;verschriftlicht wurden, wie eben im Fall von Edlibach, Fabri und Bullinger. Heinrich Bullinger verdanken wir auch einige Kriegserinnerungen aus anderen Zurcher Familien
/Users/programming/PycharmProjects/Find_Bibliography_NEw/data/azk_library/langmaier-konstantin-m__17.pdf;16;work;Bullinger (Heinrich Bullinger, historiographische Werke);\bbullinger\b;blieb zeitlebens von seiner Kindheit im Krieg gepragt, und selbst Heinrich Bullinger (1504-1575) horte als junger Knabe aufmerksam seiner Grossmutter zu, die den
/Users/programming/PycharmProjects/Find_Bibliography_NEw/data/azk_library/langmaier-konstantin-m__17.pdf;16;work;Bullinger (Heinrich Bullinger, historiographische Werke);\bbullinger\b;unterdessen verschriftlicht wurden, wie eben im Fall von Edlibach, Fabri und Bullinger. Heinrich Bullinger verdanken wir auch einige Kriegserinnerungen aus anderen
/Users/programming/PycharmProjects/Find_Bibliography_NEw/data/azk_library/langmaier-konstantin-m__17.pdf;16;work;Bullinger (Heinrich Bullinger, historiographische Werke);\bbullinger\b;verschriftlicht wurden, wie eben im Fall von Edlibach, Fabri und Bullinger. Heinrich Bullinger verdanken wir auch einige Kriegserinnerungen aus anderen Zurcher Familien,
/Users/programming/PycharmProjects/Find_Bibliography_NEw/data/azk_library/langmaier-konstantin-m__17.pdf;17;work;Bullinger (Heinrich Bullinger, historiographische Werke);\bbullinger\b;Der reuige Eremit - Nikolaus von Flue im Alten Zurichkrieg Ein Nachtrag zum Bullinger-Jahr Robert Durrer (1867-1934), Staatsarchivar von Nidwaiden, hat in seiner
/Users/programming/PycharmProjects/Find_Bibliography_NEw/data/azk_library/langmaier-konstantin-m__17.pdf;18;work;Stumpf (Johannes Stumpf, Schweizerchronik);johannes\s+stumpf;Bullingers zur «Historia des allten todtlichen sibenjarigen Zurychkriegs» von Johannes Stumpf, von der Bullinger durch Rudolf Guder eine Abschrift herstellen liess, die
/Users/programming/PycharmProjects/Find_Bibliography_NEw/data/azk_library/langmaier-konstantin-m__17.pdf;18;work;Bullinger (Heinrich Bullinger, historiographische Werke);heinrich\s+bullinger;von Nikolaus von Flue amAlten Zurichkrieg und zu deren Interpretation. Heinrich Bullinger nun uberliefert - was bisher ubersehen wurde - in seiner «Eidgenossischen
/Users/programming/PycharmProjects/Find_Bibliography_NEw/data/azk_library/langmaier-konstantin-m__17.pdf;18;work;Bullinger (Heinrich Bullinger, historiographische Werke);\bbullinger\b;Nikolaus von Flue amAlten Zurichkrieg und zu deren Interpretation. Heinrich Bullinger nun uberliefert - was bisher ubersehen wurde - in seiner «Eidgenossischen Chronik
/Users/programming/PycharmProjects/Find_Bibliography_NEw/data/azk_library/langmaier-konstantin-m__17.pdf;18;work;Bullinger (Heinrich Bullinger, historiographische Werke);\bbullinger\b;des allten todtlichen sibenjarigen Zurychkriegs» von Johannes Stumpf, von der Bullinger durch Rudolf Guder eine Abschrift herstellen liess, die er dann in seine Materialsammlung
/Users/programming/PycharmProjects/Find_Bibliography_NEw/data/azk_library/langmaier-konstantin-m__17.pdf;18;work;Bullinger (Heinrich Bullinger, historiographische Werke);\bbullinger\b;verzychung, dann er imm Zurychkrieg zuo Cappell hatte gehulffen ubel huß halten.»86 Bullinger hatte also, mutmasslich wahrend seiner Zeit als Schulmeister im Kloster Kappel
/Users/programming/PycharmProjects/Find_Bibliography_NEw/data/azk_library/langmaier-konstantin-m__17.pdf;19;work;Bullinger (Heinrich Bullinger, historiographische Werke);heinrich\s+bullinger;1550/60, Silber vergoldet (Durchmesser 42,9 mm), und Bildnismedaille von Heinrich Bullinger, 1566, Silber (Durchmesser 41,5 mm: Schweizerisches Landesmuseum Zurich
/Users/programming/PycharmProjects/Find_Bibliography_NEw/data/azk_library/langmaier-konstantin-m__17.pdf;19;work;Bullinger (Heinrich Bullinger, historiographische Werke);\bbullinger\b;60, Silber vergoldet (Durchmesser 42,9 mm), und Bildnismedaille von Heinrich Bullinger, 1566, Silber (Durchmesser 41,5 mm: Schweizerisches Landesmuseum Zurich, LM
/Users/programming/PycharmProjects/Find_Bibliography_NEw/data/azk_library/langmaier-konstantin-m__17.pdf;19;work;Bullinger (Heinrich Bullinger, historiographische Werke);\bbullinger\b;zeigte, die fur die Eidgenossen ebenfalls ein potentielles Angriffsziel war.90 Bullinger beschaftigte sich intensiv mit der Geschichte des Klosters Kappel und verfasste
/Users/programming/PycharmProjects/Find_Bibliography_NEw/data/azk_library/langmaier-konstantin-m__17.pdf;19;work;Bullinger (Heinrich Bullinger, historiographische Werke);\bbullinger\b;Uberlieferungen und eigenen Beobachtungen zur Geschichte des Alten Zurichkriegs, wie sie Bullinger als Historiker systematisch und sein Leben lang sammelte.92 Als innerklosterliche
/Users/programming/PycharmProjects/Find_Bibliography_NEw/data/azk_library/langmaier-konstantin-m__17.pdf;20;work;Fründ (Hans Fründ);hans\s+fr[üu]nd;"1883, Nachdruck New York 1995,80. 4 Bernhard Stettier: Zur Uberlieferung von Hans Frunds Darstellung des Alten Zurichkriegs, in: Tschudi, Bd. 12,122*-134*; Frund,"
/Users/programming/PycharmProjects/Find_Bibliography_NEw/data/azk_library/langmaier-konstantin-m__17.pdf;20;work;Fründ (Hans Fründ);\bfr[üu]nd\b;"die kritische Lekture des Textes danke ich sehr herzlich Peter Niederhauser. 2 Frund, 251-256; URStAZ, Bd. 6, Nr. 9121 sowie Nr. 8098 (Banner); Heinrich Bullinger"
/Users/programming/PycharmProjects/Find_Bibliography_NEw/data/azk_library/langmaier-konstantin-m__17.pdf;20;work;Fründ (Hans Fründ);\bfr[üu]nd\b;"Hans Frunds Darstellung des Alten Zurichkriegs, in: Tschudi, Bd. 12,122*-134*; Frund, 224: «ich han je nach und nach die Sachen geschriben, [wie] ich die Sachen in"
/Users/programming/PycharmProjects/Find_Bibliography_NEw/data/azk_library/langmaier-konstantin-m__17.pdf;20;work;Fründ (Hans Fründ);\bfr[üu]nd\b;"geschriben, [wie] ich die Sachen in miner gedenknisse und memorie gehept han.» 5 Frund, 132 (Freienbach), 138 (Hirzel; vgl. auch [Thuner] Missive aus der Zeit des alten"
/Users/programming/PycharmProjects/Find_Bibliography_NEw/data/azk_library/langmaier-konstantin-m__17.pdf;20;work;Stumpf (Johannes Stumpf, Schweizerchronik);johannes\s+stumpf;loblicher eydgnoschafft, ZBZ, Ms. A14-15, hier Ms.A 14, fol. 328 v (nach Johannes Stumpf), und Ms. A15, 51 (aus «alten Zurych Chroniken»), 107 f. (nach Hans Fuessli
/Users/programming/PycharmProjects/Find_Bibliography_NEw/data/azk_library/langmaier-konstantin-m__17.pdf;20;work;Tschudi (Aegidius/Gilg Tschudi, Chronicon Helveticum);\btschudi\b;"Stettier: Zur Uberlieferung von Hans Frunds Darstellung des Alten Zurichkriegs, in: Tschudi, Bd. 12,122*-134*; Frund, 224: «ich han je nach und nach die Sachen geschriben"
/Users/programming/PycharmProjects/Find_Bibliography_NEw/data/azk_library/langmaier-konstantin-m__17.pdf;20;work;Bullinger (Heinrich Bullinger, historiographische Werke);heinrich\s+bullinger;"Niederhauser. 2 Frund, 251-256; URStAZ, Bd. 6, Nr. 9121 sowie Nr. 8098 (Banner); Heinrich Bullinger: Historia gemeiner loblicher eydgnoschafft, ZBZ, Ms. A14-15, hier Ms.A"
/Users/programming/PycharmProjects/Find_Bibliography_NEw/data/azk_library/langmaier-konstantin-m__17.pdf;20;work;Bullinger (Heinrich Bullinger, historiographische Werke);\bbullinger\b;Abt und 1531 in der Schlacht von Kappel gefallen, noch am Leben war.)93 Wenn Bullinger die Nachricht spater nicht in seine Tigurinerchronik ubernahm, obwohl er dort
/Users/programming/PycharmProjects/Find_Bibliography_NEw/data/azk_library/langmaier-konstantin-m__17.pdf;20;work;Bullinger (Heinrich Bullinger, historiographische Werke);\bbullinger\b;mit der Nachricht allenfalls moglich gewesen ware, lag weder im Interesse von Bullinger noch der Reformierten im allgemeinen. In der Bilanz kann deshalb festgehalten
/Users/programming/PycharmProjects/Find_Bibliography_NEw/data/azk_library/langmaier-konstantin-m__17.pdf;20;work;Bullinger (Heinrich Bullinger, historiographische Werke);\bbullinger\b;Reformierten im allgemeinen. In der Bilanz kann deshalb festgehalten werden, dass Bullinger die Nachricht wohl zuverlassig, das heisst ohne Verfalschung durch die Optik
/Users/programming/PycharmProjects/Find_Bibliography_NEw/data/azk_library/langmaier-konstantin-m__17.pdf;20;work;Bullinger (Heinrich Bullinger, historiographische Werke);\bbullinger\b;"2 Frund, 251-256; URStAZ, Bd. 6, Nr. 9121 sowie Nr. 8098 (Banner); Heinrich Bullinger: Historia gemeiner loblicher eydgnoschafft, ZBZ, Ms. A14-15, hier Ms.A 14,"
/Users/programming/PycharmProjects/Find_Bibliography_NEw/data/azk_library/langmaier-konstantin-m__17.pdf;21;work;Fründ (Hans Fründ);\bfr[üu]nd\b;Peter Niederhauser. 10 Das einzige Beispiel mit einer Zahlung der toten Feinde bei Frund, 216 (Scharmutzel bei Erlenbach am 13. Oktober 1444 mit 27 Toten, «die gezelt
/Users/programming/PycharmProjects/Find_Bibliography_NEw/data/azk_library/langmaier-konstantin-m__17.pdf;21;work;Fründ (Hans Fründ);\bfr[üu]nd\b;"Leichen finden Hessen, wurde nach Blutspuren als Hinweis auf Verluste gesucht. Vgl.: Frund, 238, 249; Thuner Missive (wie Anm. 5), 455, Nr. 94. 11 Vgl. URStAZ, Bd. 6, Nr"
/Users/programming/PycharmProjects/Find_Bibliography_NEw/data/azk_library/langmaier-konstantin-m__17.pdf;21;work;Fründ (Hans Fründ);\bfr[üu]nd\b;"Schlacht bei St. Jakob an der Birs. 17 Belege fur die eidgenossische Seite bei Frund, 138,159 f., 198,208; Das Schlachtenj ahrzeit der Eidgenossen nach den innerschweizerischen"
/Users/programming/PycharmProjects/Find_Bibliography_NEw/data/azk_library/langmaier-konstantin-m__17.pdf;21;work;Fründ (Hans Fründ);\bfr[üu]nd\b;"sz.ch/kultur, «Datenbanken Staatsarchiv: STASZ-Hauptarchiv, Urkundensammlung»); Frund, 132. 20 Frund, 263. 21 Frund, 138 f. 22 Paul Schweizer: Chronik von einem Sohn"
/Users/programming/PycharmProjects/Find_Bibliography_NEw/data/azk_library/langmaier-konstantin-m__17.pdf;21;work;Fründ (Hans Fründ);\bfr[üu]nd\b;"Datenbanken Staatsarchiv: STASZ-Hauptarchiv, Urkundensammlung»); Frund, 132. 20 Frund, 263. 21 Frund, 138 f. 22 Paul Schweizer: Chronik von einem Sohn des Bannerherm"
/Users/programming/PycharmProjects/Find_Bibliography_NEw/data/azk_library/langmaier-konstantin-m__17.pdf;21;work;Fründ (Hans Fründ);\bfr[üu]nd\b;"Staatsarchiv: STASZ-Hauptarchiv, Urkundensammlung»); Frund, 132. 20 Frund, 263. 21 Frund, 138 f. 22 Paul Schweizer: Chronik von einem Sohn des Bannerherm Hans Schwyzer"
/Users/programming/PycharmProjects/Find_Bibliography_NEw/data/azk_library/langmaier-konstantin-m__17.pdf;21;work;Hemmerlin (Felix Hemmerlin/Malleolus);felix\s+hemmerlin;"Einsiedeln, Cod. 628, einer Handschrift aus dem Kloster Rheinau); Balthasar Reber: Felix Hemmerlin von Zurich, Zurich 1846,269 (St. Jakob nach Hemmerli: 151 Tote); Klingenberger"
/Users/programming/PycharmProjects/Find_Bibliography_NEw/data/azk_library/langmaier-konstantin-m__17.pdf;21;work;Hemmerlin (Felix Hemmerlin/Malleolus);\bhemmerlin\b;"Cod. 628, einer Handschrift aus dem Kloster Rheinau); Balthasar Reber: Felix Hemmerlin von Zurich, Zurich 1846,269 (St. Jakob nach Hemmerli: 151 Tote); Klingenberger"
/Users/programming/PycharmProjects/Find_Bibliography_NEw/data/azk_library/langmaier-konstantin-m__17.pdf;21;work;Edlibach (Gerold Edlibach, Zürcher Chronik);\bedlibach\b;"Scharmutzel bei Erlenbach am 13. Oktober 1444 mit 27 Toten, «die gezelt wurdent»; Edlibach, 67, bringt das Gefecht zum 6. Oktober 1445, aber nahezu ubereinstimmend mit"
/Users/programming/PycharmProjects/Find_Bibliography_NEw/data/azk_library/langmaier-konstantin-m__17.pdf;21;work;Edlibach (Gerold Edlibach, Zürcher Chronik);\bedlibach\b;"Zurich, hg. von Johannes Dierauer (QSG 18), Basel 1900,213 (St. Jakob: 150Tote); Edlibach, 38,43 (Hirzel: 300 Tote, St. Jakob: 160 Tote); AnzSG 1 (1859), 34 (Hirzel:"
/Users/programming/PycharmProjects/Find_Bibliography_NEw/data/azk_library/langmaier-konstantin-m__17.pdf;21;work;Brennwald (Heinrich/Johannes Brennwald, Schweizerchronik);heinrich\s+brennwald;Opfer des Irakkriegs: www.iraqbodycount.org. 7 Vgl. namentlich die bei Heinrich Brennwald: Schweizerchronik, hg. von Rudolf Luginbuhl (QSG, N. F., Abt. 1/1), Bd
/Users/programming/PycharmProjects/Find_Bibliography_NEw/data/azk_library/langmaier-konstantin-m__17.pdf;21;work;Brennwald (Heinrich/Johannes Brennwald, Schweizerchronik);\bbrennwald\b;Opfer des Irakkriegs: www.iraqbodycount.org. 7 Vgl. namentlich die bei Heinrich Brennwald: Schweizerchronik, hg. von Rudolf Luginbuhl (QSG, N. F., Abt. 1/1), Bd. 2,
/Users/programming/PycharmProjects/Find_Bibliography_NEw/data/azk_library/langmaier-konstantin-m__17.pdf;21;work;Bullinger (Heinrich Bullinger, historiographische Werke);heinrich\s+bullinger;38 (Kusnacht), 34 (Kilchberg) bzw. 16 (Horgen) Gefallene zu verzeichnen. Heinrich Bullinger: Reformationsgeschichte, hg. von Johann Jakob Hottinger und Hans Heinrich
/Users/programming/PycharmProjects/Find_Bibliography_NEw/data/azk_library/langmaier-konstantin-m__17.pdf;21;work;Bullinger (Heinrich Bullinger, historiographische Werke);\bbullinger\b;"Stiftsbibliothek St. Gallen, Cod. 630). 13 StAZ, F IIa 241, fol. 45 v-46 v (Kusnacht); Bullinger (wie Anm. 2), Ms. A15,34 f. (Kilchberg); StAZ, F IIc 39a, Innenseite des hinteren"
/Users/programming/PycharmProjects/Find_Bibliography_NEw/data/azk_library/langmaier-konstantin-m__17.pdf;21;work;Bullinger (Heinrich Bullinger, historiographische Werke);\bbullinger\b;Kusnacht), 34 (Kilchberg) bzw. 16 (Horgen) Gefallene zu verzeichnen. Heinrich Bullinger: Reformationsgeschichte, hg. von Johann Jakob Hottinger und Hans Heinrich Vogeli
/Users/programming/PycharmProjects/Find_Bibliography_NEw/data/azk_library/langmaier-konstantin-m__17.pdf;21;work;Klingenberger/Rapperswiler Chronik (Eberhard Wüest, ed.);klingenberger\s+chronik;"uberlieferte Liste mit rund 150 Namen und einer Zahl von rund 850 Pferden, ferner Klingenberger Chronik, 314 (rund 500 Pferde); URStAZ, Bd. 6, Nr. 8904,8907,9021. 8 Vgl. unten"
/Users/programming/PycharmProjects/Find_Bibliography_NEw/data/azk_library/langmaier-konstantin-m__17.pdf;21;work;Klingenberger/Rapperswiler Chronik (Eberhard Wüest, ed.);klingenberger\s+chronik;gedruckt in: AnzSG, N. F. 7 (1896), 377 (Zitat). Weitere Gefallenenzahlen in: Klingenberger Chronik, 304 f., 307,320 (Freienbach: 42 Tote, Hirzel: 250-300 Tote, St. Jakob
/Users/programming/PycharmProjects/Find_Bibliography_NEw/data/azk_library/langmaier-konstantin-m__17.pdf;21;work;Klingenberger/Rapperswiler Chronik (Eberhard Wüest, ed.);klingenberger\s+chronik;"Hemmerlin von Zurich, Zurich 1846,269 (St. Jakob nach Hemmerli: 151 Tote); Klingenberger Chronik, 322, Anm. ww (St. Jakob: 140 Tote gemass Stiftsbibliothek St. Gallen"
/Users/programming/PycharmProjects/Find_Bibliography_NEw/data/azk_library/langmaier-konstantin-m__17.pdf;21;work;Zürcher Stadtchronik (allgemein);chronik\s+der\s+stadt\s+z[üu]rich;"Freienbach: 42 Tote, Hirzel: 250-300 Tote, St. Jakob an der Sihl: 145 Tote); Chronik der Stadt Zurich, hg. von Johannes Dierauer (QSG 18), Basel 1900,213 (St. Jakob: 150Tote"
/Users/programming/PycharmProjects/Find_Bibliography_NEw/data/azk_library/langmaier-konstantin-m__17.pdf;21;work;Zürcher Stadtchronik (allgemein);chronik\s+der\s+stadt\s+z[üu]rich;"Henggeier (QSG, N. F., Abt. II/3), Basel 1940,293; REC, Bd. 4, Nr. 11512. 18 Chronik der Stadt Zurich (wie Anm. 12), 220. 19 STASZ, Urk. 464 (zuganglich auch uber: www.sz"
/Users/programming/PycharmProjects/Find_Bibliography_NEw/data/azk_library/langmaier-konstantin-m__17.pdf;21;work;Hottinger (Johann Jakob Hottinger, Helvetische Kirchengeschichte);johann\s+jakob\s+hottinger;Gefallene zu verzeichnen. Heinrich Bullinger: Reformationsgeschichte, hg. von Johann Jakob Hottinger und Hans Heinrich Vogeli, Bd. 3, Frauenfeld 1840,147-150. 14 Monumenta
/Users/programming/PycharmProjects/Find_Bibliography_NEw/data/azk_library/langmaier-konstantin-m__17.pdf;21;work;Hottinger (Johann Jakob Hottinger, Helvetische Kirchengeschichte);\bhottinger\b;verzeichnen. Heinrich Bullinger: Reformationsgeschichte, hg. von Johann Jakob Hottinger und Hans Heinrich Vogeli, Bd. 3, Frauenfeld 1840,147-150. 14 Monumenta Germaniae
/Users/programming/PycharmProjects/Find_Bibliography_NEw/data/azk_library/langmaier-konstantin-m__17.pdf;22;work;Fründ (Hans Fründ);\bfr[üu]nd\b;"Anm. 15), 41. 25 URStAZ, Bd. 6, Nr. 8193,8938. 26 Klingenberger Chronik, 309 f.; Frund, 144 f.; Edlibach, 39; vgl. auch URStAZ, Bd. 6, Nr. 7328. 27 Klingenberger Chronik"
/Users/programming/PycharmProjects/Find_Bibliography_NEw/data/azk_library/langmaier-konstantin-m__17.pdf;22;work;Fründ (Hans Fründ);\bfr[üu]nd\b;"Edlibach, 39; vgl. auch URStAZ, Bd. 6, Nr. 7328. 27 Klingenberger Chronik, 310-312; Frund, 145-147; Edlibach, 39 f.; URStAZ, Bd. 6, Nr. 8985; StAZ, A 29.1, Mappe 3a (fruher"
/Users/programming/PycharmProjects/Find_Bibliography_NEw/data/azk_library/langmaier-konstantin-m__17.pdf;22;work;Fründ (Hans Fründ);\bfr[üu]nd\b;"und von Bernhard Stettier: [Kommentar], in: Tschudi, Bd. 11,148 f. Anm. 64. 28 Frund, 188-192; Chronik der Stadt Zurich (wie Anm. 12), 214 f.; Edlibach, 45-53; Thuner"
/Users/programming/PycharmProjects/Find_Bibliography_NEw/data/azk_library/langmaier-konstantin-m__17.pdf;22;work;Fründ (Hans Fründ);\bfr[üu]nd\b;"bearb. von Friedrich Emil Welti und Hermann Rennefahrt,Aarau 1971, Nr. 339,393 f.; Frund, 190. 31 Vgl. Edlibach, 40: «rouben oder brennen und alles, dz zu kriegschen"
/Users/programming/PycharmProjects/Find_Bibliography_NEw/data/azk_library/langmaier-konstantin-m__17.pdf;22;work;Fründ (Hans Fründ);\bfr[üu]nd\b;"Edlibach, 40: «rouben oder brennen und alles, dz zu kriegschen Sachen gehort». 32 Frund, bes. 140,152,156 f., 159 (Zitat; ahnlich Klingenberger Chronik, 320), 188 f"
/Users/programming/PycharmProjects/Find_Bibliography_NEw/data/azk_library/langmaier-konstantin-m__17.pdf;22;work;Fründ (Hans Fründ);\bfr[üu]nd\b;"Chronik, 310,315 (mit Zitat), 316,320,322 f., 330,336; URStAZ, Bd. 6, Nr. 8930. 34 Frund, 139 f., 144,146; Klingenberger Chronik, 308,309,312; Edlibach, 38; StALU, Urk"
/Users/programming/PycharmProjects/Find_Bibliography_NEw/data/azk_library/langmaier-konstantin-m__17.pdf;22;work;Fründ (Hans Fründ);\bfr[üu]nd\b;von 1386 bis 1532 (SchweizerTexte, N. F. 13), Bern/Stuttgart/Wien 1998,79. 35 Frund, 153 (Knonaueramt), 161 f. (Hongg, mit Zitat, dazu ubereinstimmend Klingenberger
/Users/programming/PycharmProjects/Find_Bibliography_NEw/data/azk_library/langmaier-konstantin-m__17.pdf;22;work;Fründ (Hans Fründ);\bfr[üu]nd\b;"161 f. (Hongg, mit Zitat, dazu ubereinstimmend Klingenberger Chronik, 323). 36 Frund, 146; Thuner Missive (wie Anm. 5), 356 f., Nr. 28; URStAZ, Bd. 6, Nr. 9015,9019"
/Users/programming/PycharmProjects/Find_Bibliography_NEw/data/azk_library/langmaier-konstantin-m__17.pdf;22;work;Fründ (Hans Fründ);\bfr[üu]nd\b;"Thuner Missive (wie Anm. 5), 356 f., Nr. 28; URStAZ, Bd. 6, Nr. 9015,9019. 37 Frund, 213 f. (Zitat), 244; Edlibach, 45. Vgl. ausfuhrlicher Christian Sieber: Krieg"
/Users/programming/PycharmProjects/Find_Bibliography_NEw/data/azk_library/langmaier-konstantin-m__17.pdf;22;work;Hemmerlin (Felix Hemmerlin/Malleolus);de\s+nobilitate\s+et\s+rusticitate;"dazu unten Anm. 46) Liebenau (wie Anm. 46), 238 f.; Felix Hemmerli: De nobilitate et rusticitate dialogus. [Strassburg, Johann Pruss d. A. um 1500], fol. 137 v Claudius"
/Users/programming/PycharmProjects/Find_Bibliography_NEw/data/azk_library/langmaier-konstantin-m__17.pdf;22;work;Edlibach (Gerold Edlibach, Zürcher Chronik);\bedlibach\b;"URStAZ, Bd. 6, Nr. 8193,8938. 26 Klingenberger Chronik, 309 f.; Frund, 144 f.; Edlibach, 39; vgl. auch URStAZ, Bd. 6, Nr. 7328. 27 Klingenberger Chronik, 310-312; Frund"
/Users/programming/PycharmProjects/Find_Bibliography_NEw/data/azk_library/langmaier-konstantin-m__17.pdf;22;work;Edlibach (Gerold Edlibach, Zürcher Chronik);\bedlibach\b;"URStAZ, Bd. 6, Nr. 7328. 27 Klingenberger Chronik, 310-312; Frund, 145-147; Edlibach, 39 f.; URStAZ, Bd. 6, Nr. 8985; StAZ, A 29.1, Mappe 3a (fruher B VI 215, fol"
/Users/programming/PycharmProjects/Find_Bibliography_NEw/data/azk_library/langmaier-konstantin-m__17.pdf;22;work;Edlibach (Gerold Edlibach, Zürcher Chronik);\bedlibach\b;"Anm. 64. 28 Frund, 188-192; Chronik der Stadt Zurich (wie Anm. 12), 214 f.; Edlibach, 45-53; Thuner Missive (wie Anm. 5), 355-366, Nr. 28-34; URStAZ, Bd. 2 (1370"
/Users/programming/PycharmProjects/Find_Bibliography_NEw/data/azk_library/langmaier-konstantin-m__17.pdf;22;work;Edlibach (Gerold Edlibach, Zürcher Chronik);\bedlibach\b;"Welti und Hermann Rennefahrt,Aarau 1971, Nr. 339,393 f.; Frund, 190. 31 Vgl. Edlibach, 40: «rouben oder brennen und alles, dz zu kriegschen Sachen gehort». 32 Frund"
/Users/programming/PycharmProjects/Find_Bibliography_NEw/data/azk_library/langmaier-konstantin-m__17.pdf;22;work;Edlibach (Gerold Edlibach, Zürcher Chronik);\bedlibach\b;"6, Nr. 8930. 34 Frund, 139 f., 144,146; Klingenberger Chronik, 308,309,312; Edlibach, 38; StALU, Urk 231/3328,7-9,18 (vgl. dazu unten Anm. 46) Liebenau (wie Anm"
/Users/programming/PycharmProjects/Find_Bibliography_NEw/data/azk_library/langmaier-konstantin-m__17.pdf;22;work;Edlibach (Gerold Edlibach, Zürcher Chronik);\bedlibach\b;"356 f., Nr. 28; URStAZ, Bd. 6, Nr. 9015,9019. 37 Frund, 213 f. (Zitat), 244; Edlibach, 45. Vgl. ausfuhrlicher Christian Sieber: Krieg und Frieden in der Herrschaft"
/Users/programming/PycharmProjects/Find_Bibliography_NEw/data/azk_library/langmaier-konstantin-m__17.pdf;22;work;Tschudi (Aegidius/Gilg Tschudi, Chronicon Helveticum);\btschudi\b;"und 351-370, hier 361, Anm. ***, und von Bernhard Stettier: [Kommentar], in: Tschudi, Bd. 11,148 f. Anm. 64. 28 Frund, 188-192; Chronik der Stadt Zurich (wie Anm"
/Users/programming/PycharmProjects/Find_Bibliography_NEw/data/azk_library/langmaier-konstantin-m__17.pdf;22;work;Bullinger (Heinrich Bullinger, historiographische Werke);\bbullinger\b;Zurich (Stadtgeschichte und Stadtebau in Zurich 7), Zurich 2005, bes. 14 f. 23 Bullinger (wie Anm. 2), Ms. A 14, fol. 327 r. 24 Bullinger (wie Anm. 13), Bd. 3,142.1405
/Users/programming/PycharmProjects/Find_Bibliography_NEw/data/azk_library/langmaier-konstantin-m__17.pdf;22;work;Bullinger (Heinrich Bullinger, historiographische Werke);\bbullinger\b;Zurich 2005, bes. 14 f. 23 Bullinger (wie Anm. 2), Ms. A 14, fol. 327 r. 24 Bullinger (wie Anm. 13), Bd. 3,142.1405 erhielt ein Priester von der Stadt Winterthur
/Users/programming/PycharmProjects/Find_Bibliography_NEw/data/azk_library/langmaier-konstantin-m__17.pdf;22;work;Klingenberger/Rapperswiler Chronik (Eberhard Wüest, ed.);klingenberger\s+chronik;"Vgl. Niederhauser (wie Anm. 15), 41. 25 URStAZ, Bd. 6, Nr. 8193,8938. 26 Klingenberger Chronik, 309 f.; Frund, 144 f.; Edlibach, 39; vgl. auch URStAZ, Bd. 6, Nr. 7328"
/Users/programming/PycharmProjects/Find_Bibliography_NEw/data/azk_library/langmaier-konstantin-m__17.pdf;22;work;Klingenberger/Rapperswiler Chronik (Eberhard Wüest, ed.);klingenberger\s+chronik;"f.; Frund, 144 f.; Edlibach, 39; vgl. auch URStAZ, Bd. 6, Nr. 7328. 27 Klingenberger Chronik, 310-312; Frund, 145-147; Edlibach, 39 f.; URStAZ, Bd. 6, Nr. 8985; StAZ"
/Users/programming/PycharmProjects/Find_Bibliography_NEw/data/azk_library/langmaier-konstantin-m__17.pdf;22;work;Klingenberger/Rapperswiler Chronik (Eberhard Wüest, ed.);klingenberger\s+chronik;"kriegschen Sachen gehort». 32 Frund, bes. 140,152,156 f., 159 (Zitat; ahnlich Klingenberger Chronik, 320), 188 f., 192,200-202,213 f., 222,233 f., 236,238,240,244; erganzend"
/Users/programming/PycharmProjects/Find_Bibliography_NEw/data/azk_library/langmaier-konstantin-m__17.pdf;22;work;Klingenberger/Rapperswiler Chronik (Eberhard Wüest, ed.);klingenberger\s+chronik;", 188 f., 192,200-202,213 f., 222,233 f., 236,238,240,244; erganzend: Klingenberger Chronik, 326;Thuner Missive (wie Anm. 5), 442, Nr. 84; URStAZ, Bd. 6, Nr. 8912"
/Users/programming/PycharmProjects/Find_Bibliography_NEw/data/azk_library/langmaier-konstantin-m__17.pdf;22;work;Klingenberger/Rapperswiler Chronik (Eberhard Wüest, ed.);klingenberger\s+chronik;"(wie Anm. 5), 442, Nr. 84; URStAZ, Bd. 6, Nr. 8912,9052,9061,9071. 33 Klingenberger Chronik, 310,315 (mit Zitat), 316,320,322 f., 330,336; URStAZ, Bd. 6, Nr. 8930"
/Users/programming/PycharmProjects/Find_Bibliography_NEw/data/azk_library/langmaier-konstantin-m__17.pdf;22;work;Klingenberger/Rapperswiler Chronik (Eberhard Wüest, ed.);klingenberger\s+chronik;"320,322 f., 330,336; URStAZ, Bd. 6, Nr. 8930. 34 Frund, 139 f., 144,146; Klingenberger Chronik, 308,309,312; Edlibach, 38; StALU, Urk 231/3328,7-9,18 (vgl. dazu unten"
/Users/programming/PycharmProjects/Find_Bibliography_NEw/data/azk_library/langmaier-konstantin-m__17.pdf;22;work;Klingenberger/Rapperswiler Chronik (Eberhard Wüest, ed.);klingenberger\s+chronik;"Frund, 153 (Knonaueramt), 161 f. (Hongg, mit Zitat, dazu ubereinstimmend Klingenberger Chronik, 323). 36 Frund, 146; Thuner Missive (wie Anm. 5), 356 f., Nr. 28; URStAZ"
/Users/programming/PycharmProjects/Find_Bibliography_NEw/data/azk_library/langmaier-konstantin-m__17.pdf;22;work;Zürcher Stadtchronik (allgemein);chronik\s+der\s+stadt\s+z[üu]rich;"[Kommentar], in: Tschudi, Bd. 11,148 f. Anm. 64. 28 Frund, 188-192; Chronik der Stadt Zurich (wie Anm. 12), 214 f.; Edlibach, 45-53; Thuner Missive (wie Anm. 5)"
/Users/programming/PycharmProjects/Find_Bibliography_NEw/data/azk_library/langmaier-konstantin-m__17.pdf;22;work;Hottinger (Johann Jakob Hottinger, Helvetische Kirchengeschichte);johann\s+jakob\s+hottinger;"fruher B VI 215, fol. 16-26; Gerichtsakten), teilweise referiert von Johann Jakob Hottinger: Zurichs inneres Leben wahrend der Dauer des Alten Zurichkriegs, in:"
/Users/programming/PycharmProjects/Find_Bibliography_NEw/data/azk_library/langmaier-konstantin-m__17.pdf;22;work;Hottinger (Johann Jakob Hottinger, Helvetische Kirchengeschichte);\bhottinger\b;"fruher B VI 215, fol. 16-26; Gerichtsakten), teilweise referiert von Johann Jakob Hottinger: Zurichs inneres Leben wahrend der Dauer des Alten Zurichkriegs, in: Schweizerisches"
/Users/programming/PycharmProjects/Find_Bibliography_NEw/data/azk_library/langmaier-konstantin-m__17.pdf;23;work;Fründ (Hans Fründ);\bfr[üu]nd\b;"Landschaft, Bd. l:Das Neuamt, bearb. von Thomas Weibel,Aarau 1996, Nr. 39b, 133a-b. 40 Frund, 159,201; URStAZ, Bd. 6, Nr. 9070; StAZ, W13 AG 7c, Nr. 1,17 (5. Oktober 1448"
/Users/programming/PycharmProjects/Find_Bibliography_NEw/data/azk_library/langmaier-konstantin-m__17.pdf;23;work;Fründ (Hans Fründ);\bfr[üu]nd\b;"A 29.1, Mappe 3 (1446 Fasnacht, Bewachung). 42 Klingenberger Chronik, 318 f.; Frund, 155 f., 200-202; Chronik der Stadt Zurich (wie Anm. 12), 213,215 f.; URStAZ"
/Users/programming/PycharmProjects/Find_Bibliography_NEw/data/azk_library/langmaier-konstantin-m__17.pdf;23;work;Fründ (Hans Fründ);\bfr[üu]nd\b;"der Stadt Zurich (wie Anm. 12), 213,215 f.; URStAZ, Bd. 6, Nr. 8953 (Muhlen). 43 Frund, 202,209 (Zitat); URStAZ, Bd. 6, Nr. 9038. 44 In historischer Perspektive jetzt"
/Users/programming/PycharmProjects/Find_Bibliography_NEw/data/azk_library/langmaier-konstantin-m__17.pdf;23;work;Tschudi (Aegidius/Gilg Tschudi, Chronicon Helveticum);\btschudi\b;"Die bibliophilen Taschenbucher 64), 2. Aufl., Dortmund 1979, fol. 282 r-v. 48 Tschudi,Bd. 11,246-248 (mit Anm. 117) und 354-356; REC, Bd. 4, Nr. 10899,11031,11034"
/Users/programming/PycharmProjects/Find_Bibliography_NEw/data/azk_library/langmaier-konstantin-m__17.pdf;23;work;Tschudi (Aegidius/Gilg Tschudi, Chronicon Helveticum);\btschudi\b;"Deponierte Gemeindearchive, KGA Fallanden IA 4 (10. Oktober 1455) (Fallanden);Tschudi, Bd. 12,62 f. (Hongg, wo von 1703 bis 1819 eine Gedenktafel an den Wiederaufbau"
/Users/programming/PycharmProjects/Find_Bibliography_NEw/data/azk_library/langmaier-konstantin-m__17.pdf;23;work;Brennwald (Heinrich/Johannes Brennwald, Schweizerchronik);\bbrennwald\b;"Chorherrenstift Einbrach und seine Mitglieder im Mittelalter, Zurich 1997,61 und Anm. 50; Brennwald (wie Anm. 7), Bd. 2,182; StAZ, C II 7, Nr. 144 (28. Januar 1446;Embrach); Zurcher"
/Users/programming/PycharmProjects/Find_Bibliography_NEw/data/azk_library/langmaier-konstantin-m__17.pdf;23;work;Klingenberger/Rapperswiler Chronik (Eberhard Wüest, ed.);klingenberger\s+chronik;"URStAZ, Bd. 6, Nr. 9070; StAZ, W13 AG 7c, Nr. 1,17 (5. Oktober 1448). 41 Klingenberger Chronik, 320; URStAZ, Bd. 6, Nr. 9016 (Fraumunster), 8949-8954; StAZ,A 29.1,"
/Users/programming/PycharmProjects/Find_Bibliography_NEw/data/azk_library/langmaier-konstantin-m__17.pdf;23;work;Klingenberger/Rapperswiler Chronik (Eberhard Wüest, ed.);klingenberger\s+chronik;"Fraumunster), 8949-8954; StAZ,A 29.1, Mappe 3 (1446 Fasnacht, Bewachung). 42 Klingenberger Chronik, 318 f.; Frund, 155 f., 200-202; Chronik der Stadt Zurich (wie Anm. 12"
/Users/programming/PycharmProjects/Find_Bibliography_NEw/data/azk_library/langmaier-konstantin-m__17.pdf;23;work;Klingenberger/Rapperswiler Chronik (Eberhard Wüest, ed.);klingenberger\s+chronik;liegt mutmasslich fur die Kirche von Elgg vor, ware dann aber (aufgrund Klingenberger Chronik, 272, und URStAZ, Bd. 6, Nr. 8662) ins Jahr 1440 zu datieren. Vgl. die
/Users/programming/PycharmProjects/Find_Bibliography_NEw/data/azk_library/langmaier-konstantin-m__17.pdf;23;work;Klingenberger/Rapperswiler Chronik (Eberhard Wüest, ed.);klingenberger\s+chronik;"34), 62 £,66-68,78-81; Chronik der Stadt Zurich (wie Anm. 12), 214 £; Klingenberger Chronik, 309, 312 f.;Thuner Missive (wie Anm. 5), 365, Nr. 34; REC, Bd. 4, Nr"
/Users/programming/PycharmProjects/Find_Bibliography_NEw/data/azk_library/langmaier-konstantin-m__17.pdf;23;work;Zürcher Stadtchronik (allgemein);chronik\s+der\s+stadt\s+z[üu]rich;"Bewachung). 42 Klingenberger Chronik, 318 f.; Frund, 155 f., 200-202; Chronik der Stadt Zurich (wie Anm. 12), 213,215 f.; URStAZ, Bd. 6, Nr. 8953 (Muhlen). 43 Frund"
/Users/programming/PycharmProjects/Find_Bibliography_NEw/data/azk_library/langmaier-konstantin-m__17.pdf;23;work;Zürcher Stadtchronik (allgemein);chronik\s+der\s+stadt\s+z[üu]rich;Reformierte Kirche Elgg. Renovation 2003-2004, [Elgg 2004], 15,45. 50 Die Chronik der Stadt Zurich (wie Anm. 12), 215 zahlt 26, Hemmerli (wie Anm. 34), fol. 138 r Sieber
/Users/programming/PycharmProjects/Find_Bibliography_NEw/data/azk_library/langmaier-konstantin-m__17.pdf;23;work;Zürcher Stadtchronik (allgemein);chronik\s+der\s+stadt\s+z[üu]rich;"137 r-138 r Sieber-Lehmann/Wilhelmi (wieAnm. 34), 62 £,66-68,78-81; Chronik der Stadt Zurich (wie Anm. 12), 214 £; Klingenberger Chronik, 309, 312 f.;Thuner Missive"
/Users/programming/PycharmProjects/Find_Bibliography_NEw/data/azk_library/langmaier-konstantin-m__17.pdf;24;work;Fründ (Hans Fründ);\bfr[üu]nd\b;"von Rheinau bat um Schonung seines Klosters. Vgl. URStAZ, Bd. 6, Nr. 9087. 55 Frund, 280; Chronik der Stadt Zurich (wie Anm. 12), 222; Basler Chroniken, Bd. 5, bearb"
/Users/programming/PycharmProjects/Find_Bibliography_NEw/data/azk_library/langmaier-konstantin-m__17.pdf;24;work;Fründ (Hans Fründ);\bfr[üu]nd\b;Zeitschrift fur Schweizerische Geschichte 30 (1950), 530-567, hier 538 f. 57 Frund,266.- Beispiele von Kriegswitwen und -waisen: StAZ, CV 5, Schachtel 2 (18. Mai
/Users/programming/PycharmProjects/Find_Bibliography_NEw/data/azk_library/langmaier-konstantin-m__17.pdf;24;work;Edlibach (Gerold Edlibach, Zürcher Chronik);\bedlibach\b;"in: Pfarrblatter von Uster 1 (1914), 3-14,19-29,37-46, hier 39 (Zitat). 66 Edlibach, 40, 54, 56, 57, 95; Rudolf Gamper: Die Zurcher Stadtchroniken und ihre Ausbreitung"
/Users/programming/PycharmProjects/Find_Bibliography_NEw/data/azk_library/langmaier-konstantin-m__17.pdf;24;work;Tschudi (Aegidius/Gilg Tschudi, Chronicon Helveticum);\btschudi\b;"Koppel (wie Anm. 38), 304 f. 59 URStAZ, Bd. 6, Nr. 9070. 60 EA, Bd. 2, Nr. 378a; Tschudi, Bd. 11,273 f.; URStAZ, Bd. 6, Nr. 8983. 61 StAZ, CI, Nr. 499 (9. Juni 1446"
/Users/programming/PycharmProjects/Find_Bibliography_NEw/data/azk_library/langmaier-konstantin-m__17.pdf;24;work;Tschudi (Aegidius/Gilg Tschudi, Chronicon Helveticum);\btschudi\b;Christian Sieber: Der Geschichtsschreiber Vadian in seiner Zeit und im Vergleich mit Tschudi und 86
/Users/programming/PycharmProjects/Find_Bibliography_NEw/data/azk_library/langmaier-konstantin-m__17.pdf;24;work;Bullinger (Heinrich Bullinger, historiographische Werke);heinrich\s+bullinger;"in: QSG, Bd. 6, Basel 1884,107-229,hier 136,156 f., 192-201,205 f., 214; Heinrich Bullinger: Von den Tigurineren und der statt Zurych SachenVIII buecher, ZBZ, Ms."
/Users/programming/PycharmProjects/Find_Bibliography_NEw/data/azk_library/langmaier-konstantin-m__17.pdf;24;work;Bullinger (Heinrich Bullinger, historiographische Werke);\bbullinger\b;"QSG, Bd. 6, Basel 1884,107-229,hier 136,156 f., 192-201,205 f., 214; Heinrich Bullinger: Von den Tigurineren und der statt Zurych SachenVIII buecher, ZBZ, Ms. Car"
/Users/programming/PycharmProjects/Find_Bibliography_NEw/data/azk_library/langmaier-konstantin-m__17.pdf;24;work;Klingenberger/Rapperswiler Chronik (Eberhard Wüest, ed.);klingenberger\s+chronik;"Jahrhundert, Diss., Zurich 1952,174 f. 53 Sieber (wie Anm. 37), 54, nach: Klingenberger Chronik, 312 f.; Hemmerli (wie Ami. 34), fol. 132 v Sieber-Lehmann/Wilhelmi"
/Users/programming/PycharmProjects/Find_Bibliography_NEw/data/azk_library/langmaier-konstantin-m__17.pdf;24;work;Zürcher Stadtchronik (allgemein);z[üu]rcher\s+stadtchronik;"hier 39 (Zitat). 66 Edlibach, 40, 54, 56, 57, 95; Rudolf Gamper: Die Zurcher Stadtchroniken und ihre Ausbreitung in die Ostschweiz (MAGZ 52/2), Zurich 1982,12,"
/Users/programming/PycharmProjects/Find_Bibliography_NEw/data/azk_library/langmaier-konstantin-m__17.pdf;24;work;Zürcher Stadtchronik (allgemein);chronik\s+der\s+stadt\s+z[üu]rich;"Schonung seines Klosters. Vgl. URStAZ, Bd. 6, Nr. 9087. 55 Frund, 280; Chronik der Stadt Zurich (wie Anm. 12), 222; Basler Chroniken, Bd. 5, bearb. von August Bernoulli"
/Users/programming/PycharmProjects/Find_Bibliography_NEw/data/azk_library/langmaier-konstantin-m__17.pdf;24;work;Vadian (Joachim Vadianus, St. Galler Chronik);\bvadian(us)?\b;hier 67,74 (nach Jan Assmann). 68 Vgl. Christian Sieber: Der Geschichtsschreiber Vadian in seiner Zeit und im Vergleich mit Tschudi und 86
/Users/programming/PycharmProjects/Find_Bibliography_NEw/data/azk_library/langmaier-konstantin-m__17.pdf;25;work;Fründ (Hans Fründ);\bfr[üu]nd\b;"URStAZ, Bd. 6, Nr. 9065; Neue Zurcher Zeitung vom 23./24. Oktober 1999, Nr. 247,51; Frund, 230 f.; RQ Kanton St. Gallen, 1. Teil: Die Rechtsquellen der Abtei St. Gallen"
/Users/programming/PycharmProjects/Find_Bibliography_NEw/data/azk_library/langmaier-konstantin-m__17.pdf;25;work;Schilling (ungenau);\bschilling\b;"Anzeigers von Uster» zur Gedenkfeier vom 28. Mai 1994,26. Mai 1994; Herbert Schilling: Gedenkgang zur Bluetmatt in Nanikon, in: Jahrbuch Greifensee 7 (1994/95),"
/Users/programming/PycharmProjects/Find_Bibliography_NEw/data/azk_library/langmaier-konstantin-m__17.pdf;25;work;Stumpf (Johannes Stumpf, Schweizerchronik);johannes\s+stumpf;69 Brief- und Aktensammlung zur Zurcher Dissertation von Attilio Bonomo [Johannes Stumpf der Refor¬ mator und Geschichtsschreiber, Genua 1923],Typoskript, Bd. 2
/Users/programming/PycharmProjects/Find_Bibliography_NEw/data/azk_library/langmaier-konstantin-m__17.pdf;25;work;Stumpf (Johannes Stumpf, Schweizerchronik);johannes\s+stumpf;"Typoskript, Bd. 2, ZBZ, Ms. Z1103a, 526 f. (Schreiben von Ludwig Lavater an Johannes Stumpf 1556); Bullinger (wie Anm. 2), Ms. A14, fol. 317 v (ebd., fol. 302 r,ein"
/Users/programming/PycharmProjects/Find_Bibliography_NEw/data/azk_library/langmaier-konstantin-m__17.pdf;25;work;Bullinger (Heinrich Bullinger, historiographische Werke);\bbullinger\b;Bullinger, in: Vadian als Geschichtsschreiber, hg, von Rudolf Gamper (Vadian-Studien 17), St. Gallen 2005 (im Druck),Text bei Anm. 59 und die dort angegebene Literatur
/Users/programming/PycharmProjects/Find_Bibliography_NEw/data/azk_library/langmaier-konstantin-m__17.pdf;25;work;Bullinger (Heinrich Bullinger, historiographische Werke);\bbullinger\b;"Ms. Z1103a, 526 f. (Schreiben von Ludwig Lavater an Johannes Stumpf 1556); Bullinger (wie Anm. 2), Ms. A14, fol. 317 v (ebd., fol. 302 r,ein Beispiel von mundlicher"
/Users/programming/PycharmProjects/Find_Bibliography_NEw/data/azk_library/langmaier-konstantin-m__17.pdf;25;work;Vadian (Joachim Vadianus, St. Galler Chronik);\bvadian(us)?\b;Bullinger, in: Vadian als Geschichtsschreiber, hg, von Rudolf Gamper (Vadian-Studien 17), St. Gallen 2005 (im Druck),Text bei Anm. 59 und die dort angegebene Literatur
/Users/programming/PycharmProjects/Find_Bibliography_NEw/data/azk_library/langmaier-konstantin-m__17.pdf;26;work;Stumpf (Johannes Stumpf, Schweizerchronik);johannes\s+stumpf;"(Tigurinerchronik; Zitat), ferner ebd., Nr. 127,708-710 (Darstellung bei Johannes Stumpf). 88"
/Users/programming/PycharmProjects/Find_Bibliography_NEw/data/azk_library/langmaier-konstantin-m__17.pdf;26;work;Bullinger (Heinrich Bullinger, historiographische Werke);heinrich\s+bullinger;"fol. 132 r (Memorialtafel; Zitat) und 140 r-141 r (Alter Zurichkrieg) Heinrich Bullinger: Annales sive Chronicon coenobii Capell, in: Johann Jakob Simler: Sammlung"
/Users/programming/PycharmProjects/Find_Bibliography_NEw/data/azk_library/langmaier-konstantin-m__17.pdf;26;work;Bullinger (Heinrich Bullinger, historiographische Werke);\bbullinger\b;Ausfuhrungen oben, Text vor Anm. 27. 85 Vgl. oben den Beitrag von Bernhard Stettier. 86 Bullinger (wie Anm. 2), Ms. A 14, fol. 300 v (Guders Abschrift von Stumpfs «Historia
/Users/programming/PycharmProjects/Find_Bibliography_NEw/data/azk_library/langmaier-konstantin-m__17.pdf;26;work;Bullinger (Heinrich Bullinger, historiographische Werke);\bbullinger\b;"zuruckgeblieben, wahrend der Abt und der ubrige Konvent nach Zurich fluchteten. Vgl. Bullinger (wie Anm. 91), 436. Vgl. ferner Klingenberger Chronik, 313; Denkschrift (wie"
/Users/programming/PycharmProjects/Find_Bibliography_NEw/data/azk_library/langmaier-konstantin-m__17.pdf;26;work;Bullinger (Heinrich Bullinger, historiographische Werke);\bbullinger\b;"fol. 132 r (Memorialtafel; Zitat) und 140 r-141 r (Alter Zurichkrieg) Heinrich Bullinger: Annales sive Chronicon coenobii Capell, in: Johann Jakob Simler: Sammlung"
/Users/programming/PycharmProjects/Find_Bibliography_NEw/data/azk_library/langmaier-konstantin-m__17.pdf;26;work;Bullinger (Heinrich Bullinger, historiographische Werke);\bbullinger\b;findet sich auch in Bullingers Reformationsgeschichte aus den 1560er Jahren, vgl. Bullinger (wie Anm. 13), Bd. 1,91: «[...] dermassen verwust, das es in 7 jaren nitt mocht
/Users/programming/PycharmProjects/Find_Bibliography_NEw/data/azk_library/langmaier-konstantin-m__17.pdf;26;work;Bullinger (Heinrich Bullinger, historiographische Werke);\bbullinger\b;Anm. 23,66 und 68-69. 93 Die Namen zum Jahr 1493 in StAZ, E II 437, fol. 144 r Bullinger (wie Anm. 91), 443: Ulrich Stampfli (Altabt), Johannes Schonenberg (ebenfalls
/Users/programming/PycharmProjects/Find_Bibliography_NEw/data/azk_library/langmaier-konstantin-m__17.pdf;26;work;Klingenberger/Rapperswiler Chronik (Eberhard Wüest, ed.);klingenberger\s+chronik;"nach Zurich fluchteten. Vgl. Bullinger (wie Anm. 91), 436. Vgl. ferner Klingenberger Chronik, 313; Denkschrift (wie Anm. 47), 479; URStAZ, Bd. 6, Nr. 8418,8859. 88"
/Users/programming/PycharmProjects/Find_Bibliography_NEw/data/azk_library/langmaier-konstantin-m__17.pdf;26;work;Simler (Josias Simler, De Helvetiorum republica / Republika Helvetiorum);\bsimler\b;"437, fol. 130 r-146 r (bis 1511; ebd., fol. 147 r-149 v Fortsetzung von Peter Simler bis 1542), bes. fol. 132 r (Memorialtafel; Zitat) und 140 r-141 r (Alter Zurichkrieg"
/Users/programming/PycharmProjects/Find_Bibliography_NEw/data/azk_library/langmaier-konstantin-m__17.pdf;26;work;Simler (Josias Simler, De Helvetiorum republica / Republika Helvetiorum);\bsimler\b;Heinrich Bullinger: Annales sive Chronicon coenobii Capell, in: Johann Jakob Simler: Sammlung alter und neuer Urkunden zur Beleuchtung der Kirchen-Geschichte vornemlich
/Users/programming/PycharmProjects/Find_Bibliography_NEw/data/azk_library/jucker-michael__9.pdf;3;work;Kopp (Joseph Eutych Kopp, Geschichte der Eidgenossen);\bkopp\b;strukturellen Grundgefuge stark an volkerrechtliche Kongresse der Neuzeit, wie bereits Max Kopp festgestellt hat.9 Im folgenden geht es mir um die Frage, welche Auswirkungen
/Users/programming/PycharmProjects/Find_Bibliography_NEw/data/azk_library/jucker-michael__9.pdf;9;work;Etterlin (Petermann Etterlin, Kronika);\betterlin\b;Stadtschreiber Luzerns zu einem neuen Produkt fuhrten. Die Luzerner Schreiber Egloff Etterlin und sein Nachfolger Johannes alias Dietrich Sachs waren auf dem diplomatischen
/Users/programming/PycharmProjects/Find_Bibliography_NEw/data/azk_library/jucker-michael__9.pdf;10;work;Etterlin (Petermann Etterlin, Kronika);\betterlin\b;vermuten. Insbesondere die diplomatischen Reisen des Luzerner Stadtschreibers Etterlin wahrend des Kriegs waren ausschlaggebend fur das Entstehen der Abschiede in
/Users/programming/PycharmProjects/Find_Bibliography_NEw/data/azk_library/jucker-michael__9.pdf;11;work;Tschudi (Aegidius/Gilg Tschudi, Chronicon Helveticum);\btschudi\b;"Vgl. die vorzuglichen und detaillierten Einleitungen von Bernhard Stettier in:Tschudi,Bde. 10-12; nun auch Ders.: Die Eidgenossenschaft im 15. Jahrhundert. Die Suche"
/Users/programming/PycharmProjects/Find_Bibliography_NEw/data/azk_library/jucker-michael__9.pdf;11;work;Kopp (Joseph Eutych Kopp, Geschichte der Eidgenossen);\bkopp\b;Beihefte zu J. F. Bohmer, Regesta Imperii), Koln/Weimar/Wien 2006 (im Druck). 9 Max Kopp: Die Geltung des Mehrheitsprinzips in eidgenossischen Angelegenheiten vom 13.
/Users/programming/PycharmProjects/Find_Bibliography_NEw/data/azk_library/jucker-michael__9.pdf;12;work;Fründ (Hans Fründ);\bfr[üu]nd\b;Einflusse hin, Segesser belegt dies allerdings nur aus der Chronistik von Tschudi und Frund. Nun auch aktenmassig bezeugt: Deutsche Reichstagsakten unter Kaiser Friedrich
/Users/programming/PycharmProjects/Find_Bibliography_NEw/data/azk_library/jucker-michael__9.pdf;12;work;Tschudi (Aegidius/Gilg Tschudi, Chronicon Helveticum);\btschudi\b;solche Einflusse hin, Segesser belegt dies allerdings nur aus der Chronistik von Tschudi und Frund. Nun auch aktenmassig bezeugt: Deutsche Reichstagsakten unter Kaiser
/Users/programming/PycharmProjects/Find_Bibliography_NEw/data/azk_library/frey-stefan__13.pdf;8;work;Tschudi (Aegidius/Gilg Tschudi, Chronicon Helveticum);aegidi(?:us)?\s+tschudi;von Heinrich Brennwald oder, ausgepradgt und sehr wirkungsmiachtig, bei Aegidius Tschudi, der die beiden als «ufst6rer und anhetzer zu allem krieg» bezeichnet. Zudem
/Users/programming/PycharmProjects/Find_Bibliography_NEw/data/azk_library/frey-stefan__13.pdf;8;work;Tschudi (Aegidius/Gilg Tschudi, Chronicon Helveticum);\btschudi\b;Heinrich Brennwald oder, ausgepradgt und sehr wirkungsmiachtig, bei Aegidius Tschudi, der die beiden als «ufst6rer und anhetzer zu allem krieg» bezeichnet. Zudem
/Users/programming/PycharmProjects/Find_Bibliography_NEw/data/azk_library/frey-stefan__13.pdf;8;work;Brennwald (Heinrich/Johannes Brennwald, Schweizerchronik);heinrich\s+brennwald;eignete) als Hauptschuldige findet sich erst spater, etwa in der Chronik von Heinrich Brennwald oder, ausgepradgt und sehr wirkungsmiachtig, bei Aegidius Tschudi, der
/Users/programming/PycharmProjects/Find_Bibliography_NEw/data/azk_library/frey-stefan__13.pdf;8;work;Brennwald (Heinrich/Johannes Brennwald, Schweizerchronik);\bbrennwald\b;als Hauptschuldige findet sich erst spater, etwa in der Chronik von Heinrich Brennwald oder, ausgepradgt und sehr wirkungsmiachtig, bei Aegidius Tschudi, der die
/Users/programming/PycharmProjects/Find_Bibliography_NEw/data/azk_library/frey-stefan__13.pdf;8;work;Klingenberger/Rapperswiler Chronik (Eberhard Wüest, ed.);klingenberger\s+chronik;auf unmittelbar nach dem Alten Ziirichkrieg entstandene Quellen wie die Klingenberger Chronik oder die Chronik von Hans Friind berufen kann. Die Charakterisierung
/Users/programming/PycharmProjects/Find_Bibliography_NEw/data/azk_library/frey-stefan__13.pdf;10;work;Tschudi (Aegidius/Gilg Tschudi, Chronicon Helveticum);\btschudi\b;Einzelertische Konsolidierung und eidgendssische Solidaritat im Widerstreit, in: Tschudi, Bd. 9,22*-158*. 11 Chronik der Stadt Ziirich, hg. von Johannes Dierauer (QSG
/Users/programming/PycharmProjects/Find_Bibliography_NEw/data/azk_library/frey-stefan__13.pdf;10;work;Tschudi (Aegidius/Gilg Tschudi, Chronicon Helveticum);\btschudi\b;Dezember 1438 als Zeugnis fiir den Zusammenstoss zweier Rechtskulturen, in: Tschudi, Bd. 10, 17*-62*. 23 StAZ, B VI 214, fol. 168 r—-169 v. 24 Tschudi, Bd. 10,330
/Users/programming/PycharmProjects/Find_Bibliography_NEw/data/azk_library/frey-stefan__13.pdf;10;work;Tschudi (Aegidius/Gilg Tschudi, Chronicon Helveticum);\btschudi\b;Rechtskulturen, in: Tschudi, Bd. 10, 17*-62*. 23 StAZ, B VI 214, fol. 168 r—-169 v. 24 Tschudi, Bd. 10,330 und Anm. 132. 25 Martin Stadler: Das Biindnis zwischen KGnig Friedrich
/Users/programming/PycharmProjects/Find_Bibliography_NEw/data/azk_library/frey-stefan__13.pdf;11;work;Edlibach (Gerold Edlibach, Zürcher Chronik);gerold\s+edlibach;"Begebenheiten sind dabei meistens nur schematisch wiedergegeben. (Chronik von Gerold Edlibach, Abschrift um 1506; Zentralbibliothek Ziirich, Ms. A 77, fol. 37 v)"
/Users/programming/PycharmProjects/Find_Bibliography_NEw/data/azk_library/frey-stefan__13.pdf;11;work;Edlibach (Gerold Edlibach, Zürcher Chronik);\bedlibach\b;Sicherheit bringen konnten, aber Hab und Gut verloren haben. Die Abschrift der Edlibach-Chronik enthdlt kiinstlerisch hochstehende, kolorierte Federzeichnungen, die
/Users/programming/PycharmProjects/Find_Bibliography_NEw/data/azk_library/frey-stefan__13.pdf;11;work;Edlibach (Gerold Edlibach, Zürcher Chronik);\bedlibach\b;"Begebenheiten sind dabei meistens nur schematisch wiedergegeben. (Chronik von Gerold Edlibach, Abschrift um 1506; Zentralbibliothek Ziirich, Ms. A 77, fol. 37 v)"
/Users/programming/PycharmProjects/Find_Bibliography_NEw/data/azk_library/frey-stefan__13.pdf;11;work;Edlibach (Gerold Edlibach, Zürcher Chronik);chronik\s+von\s+gerold\s+edlibach;"baulichen Begebenheiten sind dabei meistens nur schematisch wiedergegeben. (Chronik von Gerold Edlibach, Abschrift um 1506; Zentralbibliothek Ziirich, Ms. A 77, fol. 37 v"
/Users/programming/PycharmProjects/Find_Bibliography_NEw/data/azk_library/frey-stefan__13.pdf;12;work;Edlibach (Gerold Edlibach, Zürcher Chronik);gerold\s+edlibach;"und Gelb gekleidete Laufer von Uri an einem Stecken befestigt. (Chronik von Gerold Edlibach, Abschrift um 1506; Zentralbibliothek Ziirich, Ms. A 77, fol. 38 v) Farbabb"
/Users/programming/PycharmProjects/Find_Bibliography_NEw/data/azk_library/frey-stefan__13.pdf;12;work;Edlibach (Gerold Edlibach, Zürcher Chronik);gerold\s+edlibach;"erkennbar, die die eidgenessischen Truppen durchbrechen konnten. (Chronik von Gerold Edlibach, Abschrift um 1506; Zentralbibliothek Ziirich, Ms. A 77, fol. 39 v)"
/Users/programming/PycharmProjects/Find_Bibliography_NEw/data/azk_library/frey-stefan__13.pdf;12;work;Edlibach (Gerold Edlibach, Zürcher Chronik);\bedlibach\b;"Gelb gekleidete Laufer von Uri an einem Stecken befestigt. (Chronik von Gerold Edlibach, Abschrift um 1506; Zentralbibliothek Ziirich, Ms. A 77, fol. 38 v) Farbabb"
/Users/programming/PycharmProjects/Find_Bibliography_NEw/data/azk_library/frey-stefan__13.pdf;12;work;Edlibach (Gerold Edlibach, Zürcher Chronik);\bedlibach\b;"erkennbar, die die eidgenessischen Truppen durchbrechen konnten. (Chronik von Gerold Edlibach, Abschrift um 1506; Zentralbibliothek Ziirich, Ms. A 77, fol. 39 v)"
/Users/programming/PycharmProjects/Find_Bibliography_NEw/data/azk_library/frey-stefan__13.pdf;12;work;Edlibach (Gerold Edlibach, Zürcher Chronik);chronik\s+von\s+gerold\s+edlibach;"Schwarz und Gelb gekleidete Laufer von Uri an einem Stecken befestigt. (Chronik von Gerold Edlibach, Abschrift um 1506; Zentralbibliothek Ziirich, Ms. A 77, fol. 38 v"
/Users/programming/PycharmProjects/Find_Bibliography_NEw/data/azk_library/frey-stefan__13.pdf;12;work;Edlibach (Gerold Edlibach, Zürcher Chronik);chronik\s+von\s+gerold\s+edlibach;"Letzi erkennbar, die die eidgenessischen Truppen durchbrechen konnten. (Chronik von Gerold Edlibach, Abschrift um 1506; Zentralbibliothek Ziirich, Ms. A 77, fol. 39 v"
/Users/programming/PycharmProjects/Find_Bibliography_NEw/data/azk_library/frey-stefan__13.pdf;17;work;Edlibach (Gerold Edlibach, Zürcher Chronik);gerold\s+edlibach;"zurtickgelassene Waffen, Munition und Versorgungsgiiter zu erkennen. (Chronik von Gerold Edlibach, Abschrift um 1506; Zentralbibliothek Ziirich, Ms. A 77, fol. 68 v) Farbabb"
/Users/programming/PycharmProjects/Find_Bibliography_NEw/data/azk_library/frey-stefan__13.pdf;17;work;Edlibach (Gerold Edlibach, Zürcher Chronik);gerold\s+edlibach;"neuer Schiffe und zwei neuer Flosse auf Ziircher Seite fort. (Chronik von Gerold Edlibach, Abschrift um 1506; Zentralbibliothek Ziirich, Ms. A 77, fol. 80 v)"
/Users/programming/PycharmProjects/Find_Bibliography_NEw/data/azk_library/frey-stefan__13.pdf;17;work;Edlibach (Gerold Edlibach, Zürcher Chronik);\bedlibach\b;"zurtickgelassene Waffen, Munition und Versorgungsgiiter zu erkennen. (Chronik von Gerold Edlibach, Abschrift um 1506; Zentralbibliothek Ziirich, Ms. A 77, fol. 68 v) Farbabb"
/Users/programming/PycharmProjects/Find_Bibliography_NEw/data/azk_library/frey-stefan__13.pdf;17;work;Edlibach (Gerold Edlibach, Zürcher Chronik);\bedlibach\b;"neuer Schiffe und zwei neuer Flosse auf Ziircher Seite fort. (Chronik von Gerold Edlibach, Abschrift um 1506; Zentralbibliothek Ziirich, Ms. A 77, fol. 80 v)"
/Users/programming/PycharmProjects/Find_Bibliography_NEw/data/azk_library/frey-stefan__13.pdf;17;work;Edlibach (Gerold Edlibach, Zürcher Chronik);chronik\s+von\s+gerold\s+edlibach;"zurtickgelassene Waffen, Munition und Versorgungsgiiter zu erkennen. (Chronik von Gerold Edlibach, Abschrift um 1506; Zentralbibliothek Ziirich, Ms. A 77, fol. 68 v"
/Users/programming/PycharmProjects/Find_Bibliography_NEw/data/azk_library/frey-stefan__13.pdf;17;work;Edlibach (Gerold Edlibach, Zürcher Chronik);chronik\s+von\s+gerold\s+edlibach;"zwei neuer Schiffe und zwei neuer Flosse auf Ziircher Seite fort. (Chronik von Gerold Edlibach, Abschrift um 1506; Zentralbibliothek Ziirich, Ms. A 77, fol. 80 v"
/Users/programming/PycharmProjects/Find_Bibliography_NEw/data/azk_library/frey-stefan__13.pdf;18;work;Edlibach (Gerold Edlibach, Zürcher Chronik);gerold\s+edlibach;"der hechsten neutralen Instanz im Reich, den Weg zum Frieden. (Chronik von Gerold Edlibach, Abschrift um 1506; Zentralbibliothek Ziirich, Ms. A 77, fol. 90 r)"
/Users/programming/PycharmProjects/Find_Bibliography_NEw/data/azk_library/frey-stefan__13.pdf;18;work;Edlibach (Gerold Edlibach, Zürcher Chronik);\bedlibach\b;"hechsten neutralen Instanz im Reich, den Weg zum Frieden. (Chronik von Gerold Edlibach, Abschrift um 1506; Zentralbibliothek Ziirich, Ms. A 77, fol. 90 r)"
/Users/programming/PycharmProjects/Find_Bibliography_NEw/data/azk_library/frey-stefan__13.pdf;18;work;Edlibach (Gerold Edlibach, Zürcher Chronik);chronik\s+von\s+gerold\s+edlibach;"Ludwig, der hechsten neutralen Instanz im Reich, den Weg zum Frieden. (Chronik von Gerold Edlibach, Abschrift um 1506; Zentralbibliothek Ziirich, Ms. A 77, fol. 90 r"
/Users/programming/PycharmProjects/Find_Bibliography_NEw/data/azk_library/rigendinger-fritz__2.pdf;4;work;Tschudi (Aegidius/Gilg Tschudi, Chronicon Helveticum);aegidi(?:us)?\s+tschudi;Klingenberger Chronik und vom Schwyzer Landschreiber Hans Friind sowie vom spateren Aegidius Tschudi ausfiihrlich geschildert: Die in der 114
/Users/programming/PycharmProjects/Find_Bibliography_NEw/data/azk_library/rigendinger-fritz__2.pdf;4;work;Tschudi (Aegidius/Gilg Tschudi, Chronicon Helveticum);\btschudi\b;Chronik und vom Schwyzer Landschreiber Hans Friind sowie vom spateren Aegidius Tschudi ausfiihrlich geschildert: Die in der 114
/Users/programming/PycharmProjects/Find_Bibliography_NEw/data/azk_library/rigendinger-fritz__2.pdf;4;work;Klingenberger/Rapperswiler Chronik (Eberhard Wüest, ed.);klingenberger\s+chronik;Herrschaftswechsel begleiteten, werden in der zeitgendssischen Chronistik, in der Klingenberger Chronik und vom Schwyzer Landschreiber Hans Friind sowie vom spateren Aegidius
/Users/programming/PycharmProjects/Find_Bibliography_NEw/data/azk_library/rigendinger-fritz__2.pdf;10;work;Tschudi (Aegidius/Gilg Tschudi, Chronicon Helveticum);\btschudi\b;zweisttindigem Ansturm wurden die zwei Stadttore gewaltsam gedffnet. Die Verteidiger, laut Tschudi 600 «starcke landtltit», mussten sich in das Schloss Sargans zurlickziehen,
/Users/programming/PycharmProjects/Find_Bibliography_NEw/data/azk_library/rigendinger-fritz__2.pdf;13;work;Tschudi (Aegidius/Gilg Tschudi, Chronicon Helveticum);\btschudi\b;Einzelortische Konsolidierung und eidgendssische Solidaritat im Widerstreit, in: Tschudi, Bd. 9, 22*-158*, hier 137*-140*. 5 Wegelin (wie Anm. 3), Nr. 471-473 (19. September
/Users/programming/PycharmProjects/Find_Bibliography_NEw/data/azk_library/rigendinger-fritz__2.pdf;13;work;Tschudi (Aegidius/Gilg Tschudi, Chronicon Helveticum);\btschudi\b;228-235, Zitat 232. 7 StAZ, CI, Nr. 1542 (21. Dezember 1436), Entwurf. Druck: Tschudi, Bd. 10, 38-43. Analoger Gegenbrief von Hauptmann und R§aten gross und klein
/Users/programming/PycharmProjects/Find_Bibliography_NEw/data/azk_library/rigendinger-fritz__2.pdf;13;work;Tschudi (Aegidius/Gilg Tschudi, Chronicon Helveticum);\btschudi\b;Heiligenberg und von Werdenberg-Sargans, Neuenburg 1891, Fig. 86) abgeschliffen. Druck: Tschudi, Bd. 10, 59-63, und Urkundensammlung (wie Anm. 5), Bd. 2, Nr. 201. Die Zollfreiheit
/Users/programming/PycharmProjects/Find_Bibliography_NEw/data/azk_library/rigendinger-fritz__2.pdf;13;work;Tschudi (Aegidius/Gilg Tschudi, Chronicon Helveticum);\btschudi\b;"Landschreiber von Schwyz); StASZ, Urk. 412a (Vidimus 27. Juli 1449). Druck: Tschudi, Bd. 10, 142-148. 10 Dazu ausfiihrlich Klingenberger Chronik, 243-249, und Tschudi"
/Users/programming/PycharmProjects/Find_Bibliography_NEw/data/azk_library/rigendinger-fritz__2.pdf;13;work;Tschudi (Aegidius/Gilg Tschudi, Chronicon Helveticum);\btschudi\b;Tschudi, Bd. 10, 142-148. 10 Dazu ausfiihrlich Klingenberger Chronik, 243-249, und Tschudi, Bd. 10, 125~133. Zum Sarganser Zug vel. Bernhard Stettler: [Kommentar], in
/Users/programming/PycharmProjects/Find_Bibliography_NEw/data/azk_library/rigendinger-fritz__2.pdf;13;work;Tschudi (Aegidius/Gilg Tschudi, Chronicon Helveticum);\btschudi\b;Bd. 10, 125~133. Zum Sarganser Zug vel. Bernhard Stettler: [Kommentar], in: Tschudi, Bd. 10, 134 f. Anm. 42 und 43. 11 URStAZ, Bd. 6, Nr. 8264-8265 (5. Mai 1438
/Users/programming/PycharmProjects/Find_Bibliography_NEw/data/azk_library/rigendinger-fritz__2.pdf;13;work;Tschudi (Aegidius/Gilg Tschudi, Chronicon Helveticum);\btschudi\b;"mit Weesen, bearb. von Ferdinand Elsener, Aarau 1951, Nr.9 (2. Marz 1438). 15 Tschudi, Bd. 10, 215-221. 16 Friind, 40. 17 Friind, 42; Tschudi, Bd. 10, 224 f. Urkundliche"
/Users/programming/PycharmProjects/Find_Bibliography_NEw/data/azk_library/rigendinger-fritz__2.pdf;13;work;Tschudi (Aegidius/Gilg Tschudi, Chronicon Helveticum);\btschudi\b;"9 (2. Marz 1438). 15 Tschudi, Bd. 10, 215-221. 16 Friind, 40. 17 Friind, 42; Tschudi, Bd. 10, 224 f. Urkundliche Evidenz im Kilchberger Friede vom 1. Dezember 1440"
/Users/programming/PycharmProjects/Find_Bibliography_NEw/data/azk_library/rigendinger-fritz__2.pdf;13;work;Tschudi (Aegidius/Gilg Tschudi, Chronicon Helveticum);\btschudi\b;224 f. Urkundliche Evidenz im Kilchberger Friede vom 1. Dezember 1440, Druck: Tschudi, Bd. 10, 340-348, hier 341, Zeile 30-32. 18 Friind, 54 (24. Oktober 1440, bei
/Users/programming/PycharmProjects/Find_Bibliography_NEw/data/azk_library/rigendinger-fritz__2.pdf;13;work;Tschudi (Aegidius/Gilg Tschudi, Chronicon Helveticum);\btschudi\b;"Oktober 1437). 19 Das folgende nach: Klingenberger Chronik, 263; Friind, 55-58; Tschudi, Bd. 10, 292-299. 123"
/Users/programming/PycharmProjects/Find_Bibliography_NEw/data/azk_library/rigendinger-fritz__2.pdf;13;work;Klingenberger/Rapperswiler Chronik (Eberhard Wüest, ed.);klingenberger\s+chronik;3 Bande, Glarus 1865-1891, hier Bd. 2, Nr. 198 (22. September 1436). 6 Klingenberger Chronik, 228-235, Zitat 232. 7 StAZ, CI, Nr. 1542 (21. Dezember 1436), Entwurf
/Users/programming/PycharmProjects/Find_Bibliography_NEw/data/azk_library/rigendinger-fritz__2.pdf;13;work;Klingenberger/Rapperswiler Chronik (Eberhard Wüest, ed.);klingenberger\s+chronik;27. Juli 1449). Druck: Tschudi, Bd. 10, 142-148. 10 Dazu ausfiihrlich Klingenberger Chronik, 243-249, und Tschudi, Bd. 10, 125~133. Zum Sarganser Zug vel. Bernhard
/Users/programming/PycharmProjects/Find_Bibliography_NEw/data/azk_library/rigendinger-fritz__2.pdf;13;work;Klingenberger/Rapperswiler Chronik (Eberhard Wüest, ed.);klingenberger\s+chronik;"Grafschaft Sargans vgl. oben Anm. 9 (7. Oktober 1437). 19 Das folgende nach: Klingenberger Chronik, 263; Friind, 55-58; Tschudi, Bd. 10, 292-299. 123"
/Users/programming/PycharmProjects/Find_Bibliography_NEw/data/azk_library/rigendinger-fritz__2.pdf;14;work;Tschachtlan (Benedikt Tschachtlan);\btschachtlan\b;sowie der Bericht der anwesenden Berner Hauptleute in der Chronik von Bendicht Tschachtlan, gedruckt ebd., Anm. 260-264. Zum Schlachtgeschehen ausfihrlich Erwin Rothenhdusler
/Users/programming/PycharmProjects/Find_Bibliography_NEw/data/azk_library/rigendinger-fritz__2.pdf;14;work;Tschachtlan (Benedikt Tschachtlan);\btschachtlan\b;Bernhard Stettler: [Kommentar], in: Tschudi, Bd. 11, 422, Anm. 212 (nach Bendicht Tschachtlan). 35 Thommen, Bd. 4, Nr. 64 (16. November 1446) und 70 (14. Februar 1447)
/Users/programming/PycharmProjects/Find_Bibliography_NEw/data/azk_library/rigendinger-fritz__2.pdf;14;work;Tschudi (Aegidius/Gilg Tschudi, Chronicon Helveticum);\btschudi\b;"StAZ, CI, Nr. 1600 (11. November 1440). Klingenberger Chronik, 273; Friind, 73; Tschudi, Bd. 10, 322. 23 Tschudi, Bd. 10, 340-348 (Kilchberger Friede vom 1. Dezember"
/Users/programming/PycharmProjects/Find_Bibliography_NEw/data/azk_library/rigendinger-fritz__2.pdf;14;work;Tschudi (Aegidius/Gilg Tschudi, Chronicon Helveticum);\btschudi\b;"November 1440). Klingenberger Chronik, 273; Friind, 73; Tschudi, Bd. 10, 322. 23 Tschudi, Bd. 10, 340-348 (Kilchberger Friede vom 1. Dezember 1440), hier 343, Zeile"
/Users/programming/PycharmProjects/Find_Bibliography_NEw/data/azk_library/rigendinger-fritz__2.pdf;14;work;Tschudi (Aegidius/Gilg Tschudi, Chronicon Helveticum);\btschudi\b;behalten sin.» Zum Kilchberger Frieden vgl. Bernhard Stettler: [Kommentar], in: Tschudi, Bd. 10, 348 f., Anm. 136. 24 StAZ, CI, Nr. 609 (19. November 1442), URStAZ
/Users/programming/PycharmProjects/Find_Bibliography_NEw/data/azk_library/rigendinger-fritz__2.pdf;14;work;Tschudi (Aegidius/Gilg Tschudi, Chronicon Helveticum);\btschudi\b;", 1650 (Rapperswil). URStAZ, Bd. 6, Nr. 8889-8894 (13. Marz 1443). 26 Druck: Tschudi, Bd. 11,345 f. (30. November 1444; Original fehlt). 27 Tschudi, Bd. 11, 346"
/Users/programming/PycharmProjects/Find_Bibliography_NEw/data/azk_library/rigendinger-fritz__2.pdf;14;work;Tschudi (Aegidius/Gilg Tschudi, Chronicon Helveticum);\btschudi\b;"1443). 26 Druck: Tschudi, Bd. 11,345 f. (30. November 1444; Original fehlt). 27 Tschudi, Bd. 11, 346 f. Graf Wilhelm als Hauptmann zu Walenstadt in TLA Innsbruck, Sigmundiana"
/Users/programming/PycharmProjects/Find_Bibliography_NEw/data/azk_library/rigendinger-fritz__2.pdf;14;work;Tschudi (Aegidius/Gilg Tschudi, Chronicon Helveticum);\btschudi\b;203 (25. September 1460, inseriert im Schreiben vom 12. Oktober 1460), Druck: Tschudi, Bd. 13/1, 150, Zeile 12. 28 Eine weisse, rot bewehrte Gans in Schwarz, heute
/Users/programming/PycharmProjects/Find_Bibliography_NEw/data/azk_library/rigendinger-fritz__2.pdf;14;work;Tschudi (Aegidius/Gilg Tschudi, Chronicon Helveticum);\btschudi\b;"Rothenhausler, Basel 1951, 344 und 346 (Abbildung); HLS, Bd. 1,393 (Abbildung). 29 Tschudi, Bd. 11, 353 f. 30 Friind, 257-260; Tschudi, Bd. 11, 416-418. 31. Friind, 261"
/Users/programming/PycharmProjects/Find_Bibliography_NEw/data/azk_library/rigendinger-fritz__2.pdf;14;work;Tschudi (Aegidius/Gilg Tschudi, Chronicon Helveticum);\btschudi\b;"; HLS, Bd. 1,393 (Abbildung). 29 Tschudi, Bd. 11, 353 f. 30 Friind, 257-260; Tschudi, Bd. 11, 416-418. 31. Friind, 261. 32 Friind, 260-264, sowie der Bericht der"
/Users/programming/PycharmProjects/Find_Bibliography_NEw/data/azk_library/rigendinger-fritz__2.pdf;14;work;Tschudi (Aegidius/Gilg Tschudi, Chronicon Helveticum);\btschudi\b;Kriegsgeschichte, Bd. 1, Heft 2, Bern 1935, 92-94. Zur Darstellung der Schlacht bei Tschudi vgl. Bernhard Stettler: [Kommentar], in: Tschudi, Bd. 11, 422 £,, Anm. 212.
/Users/programming/PycharmProjects/Find_Bibliography_NEw/data/azk_library/rigendinger-fritz__2.pdf;14;work;Tschudi (Aegidius/Gilg Tschudi, Chronicon Helveticum);\btschudi\b;Darstellung der Schlacht bei Tschudi vgl. Bernhard Stettler: [Kommentar], in: Tschudi, Bd. 11, 422 £,, Anm. 212. 33 Friind, 264. 34 Bernhard Stettler: [Kommentar
/Users/programming/PycharmProjects/Find_Bibliography_NEw/data/azk_library/rigendinger-fritz__2.pdf;14;work;Tschudi (Aegidius/Gilg Tschudi, Chronicon Helveticum);\btschudi\b;11, 422 £,, Anm. 212. 33 Friind, 264. 34 Bernhard Stettler: [Kommentar], in: Tschudi, Bd. 11, 422, Anm. 212 (nach Bendicht Tschachtlan). 35 Thommen, Bd. 4, Nr. 64
/Users/programming/PycharmProjects/Find_Bibliography_NEw/data/azk_library/rigendinger-fritz__2.pdf;14;work;Klingenberger/Rapperswiler Chronik (Eberhard Wüest, ed.);klingenberger\s+chronik;"darumb wir spis [Lebensmittel] in unser schloss Sangans gekoufft haben». 21 Klingenberger Chronik, 264; Friind, 56. 22 StAZ, CI, Nr. 1600 (11. November 1440). Klingenberger"
/Users/programming/PycharmProjects/Find_Bibliography_NEw/data/azk_library/rigendinger-fritz__2.pdf;14;work;Klingenberger/Rapperswiler Chronik (Eberhard Wüest, ed.);klingenberger\s+chronik;"Klingenberger Chronik, 264; Friind, 56. 22 StAZ, CI, Nr. 1600 (11. November 1440). Klingenberger Chronik, 273; Friind, 73; Tschudi, Bd. 10, 322. 23 Tschudi, Bd. 10, 340-348"
/Users/programming/PycharmProjects/Find_Bibliography_NEw/data/azk_library/stettler-bernhard__8.pdf;1;work;Fründ (Hans Fründ);hans\s+fr[üu]nd;ausfuhrlichsten Zeugnisse stammen verstandlicherweise aus den beiden feindlichen Lagern. Hans Frund, der Landschreiber von Schwyz, stand dabei an vorderster Front, worauf er in
/Users/programming/PycharmProjects/Find_Bibliography_NEw/data/azk_library/stettler-bernhard__8.pdf;1;work;Fründ (Hans Fründ);\bfr[üu]nd\b;Zeugnisse stammen verstandlicherweise aus den beiden feindlichen Lagern. Hans Frund, der Landschreiber von Schwyz, stand dabei an vorderster Front, worauf er in
/Users/programming/PycharmProjects/Find_Bibliography_NEw/data/azk_library/stettler-bernhard__8.pdf;1;work;Fründ (Hans Fründ);\bfr[üu]nd\b;Ereignisse von 1436-1446 in durchgehend gleichbleibender Dichte erfasst sind. Frund nahm nicht nur fur sein Land Partei, sondern setzte sich aktiv als Verfechter
/Users/programming/PycharmProjects/Find_Bibliography_NEw/data/azk_library/stettler-bernhard__8.pdf;1;work;Fründ (Hans Fründ);\bfr[üu]nd\b;unternimmt, ist immer recht, und erst noch verankert im gottlichen Heilsplan. Frund tendiert zudem darauf hin, die politischen Ziele der Schwyzer zu jenen der Eidgenossen
/Users/programming/PycharmProjects/Find_Bibliography_NEw/data/azk_library/stettler-bernhard__8.pdf;1;work;Klingenberger/Rapperswiler Chronik (Eberhard Wüest, ed.);klingenberger\s+chronik;Quellensammlung.1 Die Darstellung des Alten Zurichkriegs in der sogenannten Klingenberger Chronik zeichnet sich durch nuchternen Realismus aus. Ihr ungenannter Verfasser
/Users/programming/PycharmProjects/Find_Bibliography_NEw/data/azk_library/stettler-bernhard__8.pdf;2;work;Fründ (Hans Fründ);hans\s+fr[üu]nd;der Stadt Zurich weder eine der Klingenberger Chronik eben burtige noch eine Hans Frunds Bericht entsprechende, durchgehende Darstellung der Ereignisse uberliefert
/Users/programming/PycharmProjects/Find_Bibliography_NEw/data/azk_library/stettler-bernhard__8.pdf;2;work;Etterlin (Petermann Etterlin, Kronika);\betterlin\b;Burgermeisters Rudolf Stussi. Stumpfs Chronik blieb, von der summarischen Darstellung bei Etterlin abgesehen, lange Zeit die einzige im Druck zugangliche Darstellung des Alten
/Users/programming/PycharmProjects/Find_Bibliography_NEw/data/azk_library/stettler-bernhard__8.pdf;2;work;Stumpf (Johannes Stumpf, Schweizerchronik);johannes\s+stumpf;Abb. 4: Erste Textseite zum Alten Zurichkrieg in der Schweizerchronik von Johannes Stumpf mit dem Tod von Graf Friedrich VII. von Toggenburg am 30. April 1436 als
/Users/programming/PycharmProjects/Find_Bibliography_NEw/data/azk_library/stettler-bernhard__8.pdf;2;work;Stumpf (Johannes Stumpf, Schweizerchronik);johannes\s+stumpf;Zeit die einzige im Druck zugangliche Darstellung des Alten Zurichkriegs. (Johannes Stumpf: Gemeiner loblicher Eydgnoschafft Stetten, Landen und Volckeren Chronick
/Users/programming/PycharmProjects/Find_Bibliography_NEw/data/azk_library/stettler-bernhard__8.pdf;2;work;Stumpf (Johannes Stumpf, Schweizerchronik);stumpfs?\s+chronik;volget.» ). Unten rechts das Wappen des Zurcher Burgermeisters Rudolf Stussi. Stumpfs Chronik blieb, von der summarischen Darstellung bei Etterlin abgesehen, lange Zeit
/Users/programming/PycharmProjects/Find_Bibliography_NEw/data/azk_library/stettler-bernhard__8.pdf;2;work;Klingenberger/Rapperswiler Chronik (Eberhard Wüest, ed.);klingenberger\s+chronik;ohne Hoffnung.2 Es fallt auf, dass aus der Stadt Zurich weder eine der Klingenberger Chronik eben burtige noch eine Hans Frunds Bericht entsprechende, durchgehende
/Users/programming/PycharmProjects/Find_Bibliography_NEw/data/azk_library/stettler-bernhard__8.pdf;2;work;Klingenberger/Rapperswiler Chronik (Eberhard Wüest, ed.);rapperswiler\s+version\s+der\s+ereignisse;Die Rapperswiler Version der Ereignisse ist bei weitem die zuverlassigste chronikalische Quelle fur den Alten Zurichkrieg, doch bricht sie aus nicht naher bekannten
/Users/programming/PycharmProjects/Find_Bibliography_NEw/data/azk_library/stettler-bernhard__8.pdf;2;work;Zürcher Stadtchronik (allgemein);chronik\s+der\s+stadt\s+z[üu]rich;der Grund dafur. Die um 1450 von einem anonymen Verfasser redigierte Chronik der Stadt Zurich setzt erst mit dem Jahr 1443 ein. Ihren Detailkenntnissen nach zu schliessen
/Users/programming/PycharmProjects/Find_Bibliography_NEw/data/azk_library/stettler-bernhard__8.pdf;4;work;Dacher (Gebhard/Gebhart Dacher, Konstanzer Chronik);(?:gebhard|gebhart)\s+dacher;politische Stellungnahme und der Grad der Betroffenheit der jeweiligen Stadt. Gebhard Dacher aus der zurichfreundlichen Stadt Konstanz weiss in seiner um 1470 verfassten
/Users/programming/PycharmProjects/Find_Bibliography_NEw/data/azk_library/stettler-bernhard__8.pdf;4;work;Hemmerlin (Felix Hemmerlin/Malleolus);de\s+nobilitate\s+et\s+rusticitate;Schwyz zu polemisieren. In seinem Herzog Albrecht gewidmeten Hauptwerk «De nobilitate et rusticitate dialogus» (Zwiegesprach uber Adel und Bauernstand) neh men die Ausfuhrungen
/Users/programming/PycharmProjects/Find_Bibliography_NEw/data/azk_library/stettler-bernhard__8.pdf;5;work;Anonyme Basler Fortsetzung der Königshofen-Chronik („Von den von Zürich“);von\s+den\s+von\s+z[üu]rich;von Jakob Twinger von Konigshofen wird der Zurichkrieg unter dem Titel «Von den von Zurich, wie si von den eignossen worend kamen» des langeren, doch ziemlich konfus
/Users/programming/PycharmProjects/Find_Bibliography_NEw/data/azk_library/stettler-bernhard__8.pdf;5;work;Twinger von Königshofen (Jakob Twinger von Königshofen, Chronik);jakob\s+twinger\s+von\s+k[öo]nigshofen;1450er Jahre entstandenen anonymen Basler Fortsetzung der Chronik von Jakob Twinger von Konigshofen wird der Zurichkrieg unter dem Titel «Von den von Zurich, wie si
/Users/programming/PycharmProjects/Find_Bibliography_NEw/data/azk_library/stettler-bernhard__8.pdf;5;work;Twinger von Königshofen (Jakob Twinger von Königshofen, Chronik);twinger\s+von\s+k[öo]nigshofen;Jahre entstandenen anonymen Basler Fortsetzung der Chronik von Jakob Twinger von Konigshofen wird der Zurichkrieg unter dem Titel «Von den von Zurich, wie si von
/Users/programming/PycharmProjects/Find_Bibliography_NEw/data/azk_library/stettler-bernhard__8.pdf;5;work;Twinger von Königshofen (Jakob Twinger von Königshofen, Chronik);\btwinger\b;der 1450er Jahre entstandenen anonymen Basler Fortsetzung der Chronik von Jakob Twinger von Konigshofen wird der Zurichkrieg unter dem Titel «Von den von Zurich, wie
/Users/programming/PycharmProjects/Find_Bibliography_NEw/data/azk_library/stettler-bernhard__8.pdf;6;work;Fründ (Hans Fründ);hans\s+fr[üu]nd;eidgenossischer, dominiert von dem das gesamte Geschehen erfassen den Bericht von Hans Frund, und ein zurcherisch-osterreichischer, reprasentiert in viel weniger geschlossener
/Users/programming/PycharmProjects/Find_Bibliography_NEw/data/azk_library/stettler-bernhard__8.pdf;6;work;Fründ (Hans Fründ);hans\s+fr[üu]nd;Zurichkrieg auf eine «andre geloubsame geschrift», und dies war die Chronik von Hans Frund. Aus Tschachtlans Sicht hatte das Thema Zurichkrieg in der ihm zur Verfugung
/Users/programming/PycharmProjects/Find_Bibliography_NEw/data/azk_library/stettler-bernhard__8.pdf;6;work;Fründ (Hans Fründ);\bfr[üu]nd\b;eidgenossischer, dominiert von dem das gesamte Geschehen erfassen den Bericht von Hans Frund, und ein zurcherisch-osterreichischer, reprasentiert in viel weniger geschlossener
/Users/programming/PycharmProjects/Find_Bibliography_NEw/data/azk_library/stettler-bernhard__8.pdf;6;work;Fründ (Hans Fründ);\bfr[üu]nd\b;Zurichkrieg auf eine «andre geloubsame geschrift», und dies war die Chronik von Hans Frund. Aus Tschachtlans Sicht hatte das Thema Zurichkrieg in der ihm zur Verfugung
/Users/programming/PycharmProjects/Find_Bibliography_NEw/data/azk_library/stettler-bernhard__8.pdf;6;work;Tschachtlan (Benedikt Tschachtlan);\btschachtlan\b;richtungen und rechtspruchen mit guotten eren behuoben und erobrett hant.» Tschachtlan beendigte seine Darstellung des Zurichkriegs entsprechend seiner Vorlage mit
/Users/programming/PycharmProjects/Find_Bibliography_NEw/data/azk_library/stettler-bernhard__8.pdf;6;work;Justinger (Konrad Justinger, Berner Chronik);(?:kon|con)rad\s+justinger;die rechte croneck der statt Bern», und das war fur ihn die Chronik von Konrad Justinger, sowie fur den Zurichkrieg auf eine «andre geloubsame geschrift», und dies
/Users/programming/PycharmProjects/Find_Bibliography_NEw/data/azk_library/stettler-bernhard__8.pdf;6;work;Justinger (Konrad Justinger, Berner Chronik);\bjustinger\b;die rechte croneck der statt Bern», und das war fur ihn die Chronik von Konrad Justinger, sowie fur den Zurichkrieg auf eine «andre geloubsame geschrift», und dies
/Users/programming/PycharmProjects/Find_Bibliography_NEw/data/azk_library/stettler-bernhard__8.pdf;6;work;Justinger (Konrad Justinger, Berner Chronik);die\s+recht[e]?\s+cr?on[e]?ck\s+der\s+stat[t]?\s+bern;seiner 1470 abgeschlossenen Geschichtsdarstellung hauptsachlich auf «die rechte croneck der statt Bern», und das war fur ihn die Chronik von Konrad Justinger, sowie fur
/Users/programming/PycharmProjects/Find_Bibliography_NEw/data/azk_library/stettler-bernhard__8.pdf;6;work;Klingenberger/Rapperswiler Chronik (Eberhard Wüest, ed.);klingenberger\s+chronik;osterreichischer, reprasentiert in viel weniger geschlossener Form durch die Klingenberger Chronik, die bereits 1444 abbricht, und die Zurcher Stadtchronik, die in vollig
/Users/programming/PycharmProjects/Find_Bibliography_NEw/data/azk_library/stettler-bernhard__8.pdf;6;work;Zürcher Stadtchronik (allgemein);z[üu]rcher\s+stadtchronik;Form durch die Klingenberger Chronik, die bereits 1444 abbricht, und die Zurcher Stadtchronik, die in vollig anderer Art erst 1443 einsetzt. In welcher Weise wurde
/Users/programming/PycharmProjects/Find_Bibliography_NEw/data/azk_library/stettler-bernhard__8.pdf;7;work;Fründ (Hans Fründ);\bfr[üu]nd\b;Eidgenossenschaft bedeutet hatte: 1445 war «mencklicher des kriegs mued, und hat einer sin frund hie, der ander dort verloren und warend zu beden sitten um fil lips und guotz
/Users/programming/PycharmProjects/Find_Bibliography_NEw/data/azk_library/stettler-bernhard__8.pdf;7;work;Schilling (ungenau);\bschilling\b;politischer Losung. Die vom Berner Rat begutachtete «amtliche» Chronik des Diebold Schilling bringt praktisch den Tschachtlanschen Text. Valerius Anshelm hingegen war bei
/Users/programming/PycharmProjects/Find_Bibliography_NEw/data/azk_library/stettler-bernhard__8.pdf;7;work;Schilling (ungenau);\bschilling\b;"noch nie untersucht. Er kannte aber min destens die Berner Chronik des Diebold Schilling und somit die Frundsche Chronik; doch stand er dieser kritisch gegenuber und"
/Users/programming/PycharmProjects/Find_Bibliography_NEw/data/azk_library/stettler-bernhard__8.pdf;7;work;Schilling (ungenau);diebold\s+schilling;politischer Losung. Die vom Berner Rat begutachtete «amtliche» Chronik des Diebold Schilling bringt praktisch den Tschachtlanschen Text. Valerius Anshelm hingegen war
/Users/programming/PycharmProjects/Find_Bibliography_NEw/data/azk_library/stettler-bernhard__8.pdf;7;work;Schilling (ungenau);diebold\s+schilling;"anhin noch nie untersucht. Er kannte aber min destens die Berner Chronik des Diebold Schilling und somit die Frundsche Chronik; doch stand er dieser kritisch gegenuber"
/Users/programming/PycharmProjects/Find_Bibliography_NEw/data/azk_library/stettler-bernhard__8.pdf;7;work;Edlibach (Gerold Edlibach, Zürcher Chronik);gerold\s+edlibach;einen Kom promiss uberbruckt worden war - meldete sich eine Zurcher Stimme: Gerold Edlibach. Er dachte durchaus eidgenossisch, suchte aber auch Zurichs Standpunkt zu
/Users/programming/PycharmProjects/Find_Bibliography_NEw/data/azk_library/stettler-bernhard__8.pdf;7;work;Edlibach (Gerold Edlibach, Zürcher Chronik);gerold\s+edlibach;wurdigen und nahm damit die nach 1450 abgebrochene Zurcher Tradition wieder auf. Gerold Edlibach, Stiefsohn von Hans Waidmann, Ratsherr und Seckelmeister, wagte es wieder
/Users/programming/PycharmProjects/Find_Bibliography_NEw/data/azk_library/stettler-bernhard__8.pdf;7;work;Edlibach (Gerold Edlibach, Zürcher Chronik);\bedlibach\b;Kom promiss uberbruckt worden war - meldete sich eine Zurcher Stimme: Gerold Edlibach. Er dachte durchaus eidgenossisch, suchte aber auch Zurichs Standpunkt zu wurdigen
/Users/programming/PycharmProjects/Find_Bibliography_NEw/data/azk_library/stettler-bernhard__8.pdf;7;work;Edlibach (Gerold Edlibach, Zürcher Chronik);\bedlibach\b;und nahm damit die nach 1450 abgebrochene Zurcher Tradition wieder auf. Gerold Edlibach, Stiefsohn von Hans Waidmann, Ratsherr und Seckelmeister, wagte es wieder, Zeitgeschichte
/Users/programming/PycharmProjects/Find_Bibliography_NEw/data/azk_library/stettler-bernhard__8.pdf;7;work;Edlibach (Gerold Edlibach, Zürcher Chronik);\bedlibach\b;dass man sich «vor somlichen grossen totlichen krieg zu ewigen zitten huete». Edlibach war sich bewusst, was der Konflikt zwi schen Zurich und Schwyz, den er als erster
/Users/programming/PycharmProjects/Find_Bibliography_NEw/data/azk_library/stettler-bernhard__8.pdf;7;work;Edlibach (Gerold Edlibach, Zürcher Chronik);\bedlibach\b;fil lips und guotz kommen, dz sy arm warend, und begert mencklicher fridens». Edlibach wollte nicht alte Wunden aufreissen. Er uberging vieles, «da von gar vill wer
/Users/programming/PycharmProjects/Find_Bibliography_NEw/data/azk_library/stettler-bernhard__8.pdf;7;work;Edlibach (Gerold Edlibach, Zürcher Chronik);\bedlibach\b;Bild, man habe beiden Parteien «die schwentz zusammen gestrickt [geknupft]». Edlibach ausserte sich auch zu den Schiedsverhandlungen der Jahre 1446 und 1447, die
/Users/programming/PycharmProjects/Find_Bibliography_NEw/data/azk_library/stettler-bernhard__8.pdf;7;work;Anshelm (Valerius Anshelm, Berner Chronik);valerius\s+anshelm;Chronik des Diebold Schilling bringt praktisch den Tschachtlanschen Text. Valerius Anshelm hingegen war bei der Abfassung seines nach 1529 entstandenen Geschichtswerks
/Users/programming/PycharmProjects/Find_Bibliography_NEw/data/azk_library/stettler-bernhard__8.pdf;7;work;Anshelm (Valerius Anshelm, Berner Chronik);\banshelm\b;Chronik des Diebold Schilling bringt praktisch den Tschachtlanschen Text. Valerius Anshelm hingegen war bei der Abfassung seines nach 1529 entstandenen Geschichtswerks
/Users/programming/PycharmProjects/Find_Bibliography_NEw/data/azk_library/stettler-bernhard__8.pdf;7;work;Berner Chronik (allgemein);\bberner\s+chronik\b;"Darstellung wurden bis anhin noch nie untersucht. Er kannte aber min destens die Berner Chronik des Diebold Schilling und somit die Frundsche Chronik; doch stand er dieser"
/Users/programming/PycharmProjects/Find_Bibliography_NEw/data/azk_library/stettler-bernhard__8.pdf;8;work;Fründ (Hans Fründ);\bfr[üu]nd\b;Darstellung von Edlibach samt den darin enthaltenen Dokumenten ( die Chronik von Frund dagegen war ihm nicht bekannt) und bereicherte diesen Grundstock durch anekdotische
/Users/programming/PycharmProjects/Find_Bibliography_NEw/data/azk_library/stettler-bernhard__8.pdf;8;work;Etterlin (Petermann Etterlin, Kronika);petermann\s+etterlin;eidgenossischer und zurcherischer Uberlieferung verlor seine Bedeutung. Der Luzerner Petermann Etterlin erorterte in seiner 1507 erschienenen «Kronica von der loblichen Eydtgnoschaft
/Users/programming/PycharmProjects/Find_Bibliography_NEw/data/azk_library/stettler-bernhard__8.pdf;8;work;Etterlin (Petermann Etterlin, Kronika);\betterlin\b;und zurcherischer Uberlieferung verlor seine Bedeutung. Der Luzerner Petermann Etterlin erorterte in seiner 1507 erschienenen «Kronica von der loblichen Eydtgnoschaft
/Users/programming/PycharmProjects/Find_Bibliography_NEw/data/azk_library/stettler-bernhard__8.pdf;8;work;Etterlin (Petermann Etterlin, Kronika);\betterlin\b;doch kriegen muoßent, dann das [ als wenn] sy mit einanderen solten kriegen.» Etterlin wollte sich die Finger nicht verbrennen und konzentrierte sich in seiner summarischen
/Users/programming/PycharmProjects/Find_Bibliography_NEw/data/azk_library/stettler-bernhard__8.pdf;8;work;Etterlin (Petermann Etterlin, Kronika);\betterlin\b;Anlehnung an Caesars «Bell um Gallicum» mit den Helvetiern beginnen liess. Wahrend Etterlin bloss die Nutzlichkeit eidgenossischer Solidaritat betont hatte, wurde diese
/Users/programming/PycharmProjects/Find_Bibliography_NEw/data/azk_library/stettler-bernhard__8.pdf;8;work;Edlibach (Gerold Edlibach, Zürcher Chronik);\bedlibach\b;Brennwald verwendete die Klingenberger Chronik, vor allem aber die Darstellung von Edlibach samt den darin enthaltenen Dokumenten ( die Chronik von Frund dagegen war ihm
/Users/programming/PycharmProjects/Find_Bibliography_NEw/data/azk_library/stettler-bernhard__8.pdf;8;work;Brennwald (Heinrich/Johannes Brennwald, Schweizerchronik);heinrich\s+brennwald;oder zuo minn lassen betadigen [vereinbaren].»13 Der Embracher Chorherr Heinrich Brennwald stellte um 1510 die Schweizer Ge schichte auf eine grundsatzlich neue Basis
/Users/programming/PycharmProjects/Find_Bibliography_NEw/data/azk_library/stettler-bernhard__8.pdf;8;work;Brennwald (Heinrich/Johannes Brennwald, Schweizerchronik);\bbrennwald\b;zuo minn lassen betadigen [vereinbaren].»13 Der Embracher Chorherr Heinrich Brennwald stellte um 1510 die Schweizer Ge schichte auf eine grundsatzlich neue Basis
/Users/programming/PycharmProjects/Find_Bibliography_NEw/data/azk_library/stettler-bernhard__8.pdf;8;work;Brennwald (Heinrich/Johannes Brennwald, Schweizerchronik);\bbrennwald\b;die Nutzlichkeit eidgenossischer Solidaritat betont hatte, wurde diese durch Brennwald erstmals auf historische Wurzeln zuruckgefuhrt. Zudem war Brennwald darauf
/Users/programming/PycharmProjects/Find_Bibliography_NEw/data/azk_library/stettler-bernhard__8.pdf;8;work;Brennwald (Heinrich/Johannes Brennwald, Schweizerchronik);\bbrennwald\b;diese durch Brennwald erstmals auf historische Wurzeln zuruckgefuhrt. Zudem war Brennwald darauf bedacht, den einzelnen Orten in einem Aufriss ihrer Geschichte von den
/Users/programming/PycharmProjects/Find_Bibliography_NEw/data/azk_library/stettler-bernhard__8.pdf;8;work;Brennwald (Heinrich/Johannes Brennwald, Schweizerchronik);\bbrennwald\b;Zurichkrieg ist inhaltlich weitgehend von der Zurcher Uberlieferung bestimmt. Brennwald verwendete die Klingenberger Chronik, vor allem aber die Darstellung von Edlibach
/Users/programming/PycharmProjects/Find_Bibliography_NEw/data/azk_library/stettler-bernhard__8.pdf;8;work;Klingenberger/Rapperswiler Chronik (Eberhard Wüest, ed.);klingenberger\s+chronik;weitgehend von der Zurcher Uberlieferung bestimmt. Brennwald verwendete die Klingenberger Chronik, vor allem aber die Darstellung von Edlibach samt den darin enthaltenen
/Users/programming/PycharmProjects/Find_Bibliography_NEw/data/azk_library/stettler-bernhard__8.pdf;9;work;Stumpf (Johannes Stumpf, Schweizerchronik);johannes\s+stumpf;eine Aufarbeitung des Themas unter Neu gewichtung der Quellen war gekommen. Johannes Stumpf war damals gewissermassen der Geschichtsschreiber vom Dienst. In seiner
/Users/programming/PycharmProjects/Find_Bibliography_NEw/data/azk_library/stettler-bernhard__8.pdf;9;work;Brennwald (Heinrich/Johannes Brennwald, Schweizerchronik);\bbrennwald\b;"und die von Zurich und ander eignossen uber einander verhazt [aufhetzte]». Brennwald schloss seine Darstellung mit dem Anlass vom Jahr 1446; von der Entwicklung"
/Users/programming/PycharmProjects/Find_Bibliography_NEw/data/azk_library/stettler-bernhard__8.pdf;9;work;Bullinger (Heinrich Bullinger, historiographische Werke);heinrich\s+bullinger;Personlichkeiten, die ihm geistig uberlegen waren, insbesondere durch den Antistes Heinrich Bullinger, der sich neben seiner Amtstatigkeit mit unermudlicher Kraft um die Geschichte
/Users/programming/PycharmProjects/Find_Bibliography_NEw/data/azk_library/stettler-bernhard__8.pdf;9;work;Bullinger (Heinrich Bullinger, historiographische Werke);heinrich\s+bullinger;bemuhte. Die politischen Konsequenzen des Zweiten Kappeler Kriegs hatten Heinrich Bullinger, seit 1529 Pfarrer in Bremgarten, in existentielle Gefahr gebracht. Als
/Users/programming/PycharmProjects/Find_Bibliography_NEw/data/azk_library/stettler-bernhard__8.pdf;9;work;Bullinger (Heinrich Bullinger, historiographische Werke);\bbullinger\b;Personlichkeiten, die ihm geistig uberlegen waren, insbesondere durch den Antistes Heinrich Bullinger, der sich neben seiner Amtstatigkeit mit unermudlicher Kraft um die Geschichte
/Users/programming/PycharmProjects/Find_Bibliography_NEw/data/azk_library/stettler-bernhard__8.pdf;9;work;Bullinger (Heinrich Bullinger, historiographische Werke);\bbullinger\b;bemuhte. Die politischen Konsequenzen des Zweiten Kappeler Kriegs hatten Heinrich Bullinger, seit 1529 Pfarrer in Bremgarten, in existentielle Gefahr gebracht. Als Bremgarten
/Users/programming/PycharmProjects/Find_Bibliography_NEw/data/azk_library/stettler-bernhard__8.pdf;9;work;Bullinger (Heinrich Bullinger, historiographische Werke);\bbullinger\b;Landschaft sowie der dramatischen Entwicklung in den Gemeinen Herrschaften verfasste Bullinger 1532 einen «Radtschlag wie man moge vor kriegen sin und der funf orten tyranny
/Users/programming/PycharmProjects/Find_Bibliography_NEw/data/azk_library/stettler-bernhard__8.pdf;9;work;Bullinger (Heinrich Bullinger, historiographische Werke);\bbullinger\b;den die Aktualitat der Zurichkriegsthematik schlaglichtartig beleuchtet wird. Bullinger befasste sich mit dem Wesen der Eidgenossenschaft an dessen heikelster Stelle
/Users/programming/PycharmProjects/Find_Bibliography_NEw/data/azk_library/stettler-bernhard__8.pdf;9;work;Bullinger (Heinrich Bullinger, historiographische Werke);\bbullinger\b;vertruwen», der Schlussspruch im Alten Zurichkrieg habe dies beispielhaft gezeigt. Bullinger vertrat in diesem Ratschlag offen eine Extremposition, von der er sich spater
/Users/programming/PycharmProjects/Find_Bibliography_NEw/data/azk_library/stettler-bernhard__8.pdf;9;work;Bullinger (Heinrich Bullinger, historiographische Werke);\bbullinger\b;Lebens befasste er sich aber immer wieder mit dem Alten Zurichkrieg. 1568 schloss Bullinger seine «Historia gemeiner loblicher eydgnoschafft» ab. Das zweibandige Werk
/Users/programming/PycharmProjects/Find_Bibliography_NEw/data/azk_library/stettler-bernhard__8.pdf;9;work;Kopp (Joseph Eutych Kopp, Geschichte der Eidgenossen);geschichte\s+der\s+eidgenossen;der sich neben seiner Amtstatigkeit mit unermudlicher Kraft um die Geschichte der Eidgenossenschaft bemuhte. Die politischen Konsequenzen des Zweiten Kappeler Kriegs
/Users/programming/PycharmProjects/Find_Bibliography_NEw/data/azk_library/stettler-bernhard__8.pdf;10;work;Stumpf (Johannes Stumpf, Schweizerchronik);johannes\s+stumpf;430 v) richkrieg sind jedenfalls neben Bullingers Darstellung noch jene von Johannes Stumpf und Hans Fussli beigebunden sowie eine umfangreiche Sammlung von Dokumenten
/Users/programming/PycharmProjects/Find_Bibliography_NEw/data/azk_library/stettler-bernhard__8.pdf;10;work;Bullinger (Heinrich Bullinger, historiographische Werke);\bbullinger\b;sibeniarigen Zurych kriegs», die um 1540 verfasst worden war. Die «Epitome» konnte Bullinger aber erst schreiben, nachdem er die Dokumentensammlung «uß den brieften und
/Users/programming/PycharmProjects/Find_Bibliography_NEw/data/azk_library/stettler-bernhard__8.pdf;10;work;Bullinger (Heinrich Bullinger, historiographische Werke);\bbullinger\b;unmissverstandlich den Zurcher Standpunkt vertritt. Der Standpunkt der Gegenseite war Bullinger ebenfalls bekannt, da eine Ab schrift der Frundschen Chronik aus dem Besitz
/Users/programming/PycharmProjects/Find_Bibliography_NEw/data/azk_library/stettler-bernhard__8.pdf;10;work;Bullinger (Heinrich Bullinger, historiographische Werke);\bbullinger\b;und eydgnossen parth gerichtet».16 Aufgrund all dieser Materialien verfasste Bullinger 1572-1574 die einschlagigen Abschnitte in seiner Gesamtdarstellung «Von den
/Users/programming/PycharmProjects/Find_Bibliography_NEw/data/azk_library/stettler-bernhard__8.pdf;11;work;Stumpf (Johannes Stumpf, Schweizerchronik);johannes\s+stumpf;nitt der racht eigenlich und allt namen ist».17 Der in Bruchsal geborene Johannes Stumpf, der vom Johanniterorden zum reformier ten Glauben ubergetreten und Pfarrer
/Users/programming/PycharmProjects/Find_Bibliography_NEw/data/azk_library/stettler-bernhard__8.pdf;11;work;Bullinger (Heinrich Bullinger, historiographische Werke);heinrich\s+bullinger;ubergetreten und Pfarrer geworden war, gehorte zum Kreis der Geschichts freunde um Heinrich Bullinger. Bereits in den 1530er und fruhen 1540er Jahren redigierte er mit Bullingers
/Users/programming/PycharmProjects/Find_Bibliography_NEw/data/azk_library/stettler-bernhard__8.pdf;11;work;Bullinger (Heinrich Bullinger, historiographische Werke);\bbullinger\b;furnemer» als die an dern an diesen Kriegen beteiligt habe. Aus dieser Sicht gewann Bullinger Distanz zum Geschehen. Ital Reding war nun nur noch «grimmig uff der unschuldigen
/Users/programming/PycharmProjects/Find_Bibliography_NEw/data/azk_library/stettler-bernhard__8.pdf;11;work;Bullinger (Heinrich Bullinger, historiographische Werke);\bbullinger\b;seinen Schriften die «bescheidenheit» vergessen. Seinen eigenen Bericht beschloss Bullinger in einem Anflug von Versohnlichkeit mit der Feststellung, dass man seit dem
/Users/programming/PycharmProjects/Find_Bibliography_NEw/data/azk_library/stettler-bernhard__8.pdf;11;work;Bullinger (Heinrich Bullinger, historiographische Werke);\bbullinger\b;und Pfarrer geworden war, gehorte zum Kreis der Geschichts freunde um Heinrich Bullinger. Bereits in den 1530er und fruhen 1540er Jahren redigierte er mit Bullingers
/Users/programming/PycharmProjects/Find_Bibliography_NEw/data/azk_library/stettler-bernhard__8.pdf;12;work;Edlibach (Gerold Edlibach, Zürcher Chronik);\bedlibach\b;Frieden wusste Stumpf nicht mehr, als er uber die Chronik von Brennwald aus Edlibach bis zum Jahr 1447 erfahren konnte.18 In seiner 1548 im Druck erschienenen Schweizerchronik
/Users/programming/PycharmProjects/Find_Bibliography_NEw/data/azk_library/stettler-bernhard__8.pdf;12;work;Brennwald (Heinrich/Johannes Brennwald, Schweizerchronik);\bbrennwald\b;zum endgultigen Frieden wusste Stumpf nicht mehr, als er uber die Chronik von Brennwald aus Edlibach bis zum Jahr 1447 erfahren konnte.18 In seiner 1548 im Druck erschienenen
/Users/programming/PycharmProjects/Find_Bibliography_NEw/data/azk_library/stettler-bernhard__8.pdf;12;work;Bullinger (Heinrich Bullinger, historiographische Werke);\bbullinger\b;1445 wurden von Stumpf verfasst. Dabei bemuhte er sich noch mehr als spater Bullinger um Versohnlichkeit, wurde doch auch den altglaubigen Orten je ein Dedikationsexemplar
/Users/programming/PycharmProjects/Find_Bibliography_NEw/data/azk_library/stettler-bernhard__8.pdf;12;work;Vadian (Joachim Vadianus, St. Galler Chronik);\bvadian(us)?\b;stehend, hatte sich bereits um 1530 der St. Galler Burgermeis ter Joachim von Watt (Vadian) zum Thema Zurichkrieg geaussert. Als Aussenstehender brauchte er auf eidgenossische
/Users/programming/PycharmProjects/Find_Bibliography_NEw/data/azk_library/stettler-bernhard__8.pdf;13;work;Fründ (Hans Fründ);hans\s+fr[üu]nd;fanden. Die Verlustzahlen auf eidgenossischer Seite schwanken zwischen 16 bei Hans Frund und 170 bei Gerold Edlibach. (Holzschnitt in: Stumpf, Chronik, wie Abb. 4,
/Users/programming/PycharmProjects/Find_Bibliography_NEw/data/azk_library/stettler-bernhard__8.pdf;13;work;Fründ (Hans Fründ);\bfr[üu]nd\b;fanden. Die Verlustzahlen auf eidgenossischer Seite schwanken zwischen 16 bei Hans Frund und 170 bei Gerold Edlibach. (Holzschnitt in: Stumpf, Chronik, wie Abb. 4, Bd
/Users/programming/PycharmProjects/Find_Bibliography_NEw/data/azk_library/stettler-bernhard__8.pdf;13;work;Edlibach (Gerold Edlibach, Zürcher Chronik);gerold\s+edlibach;auf eidgenossischer Seite schwanken zwischen 16 bei Hans Frund und 170 bei Gerold Edlibach. (Holzschnitt in: Stumpf, Chronik, wie Abb. 4, Bd. 2, fol. 142 v) Landfrieden
/Users/programming/PycharmProjects/Find_Bibliography_NEw/data/azk_library/stettler-bernhard__8.pdf;13;work;Edlibach (Gerold Edlibach, Zürcher Chronik);\bedlibach\b;eidgenossischer Seite schwanken zwischen 16 bei Hans Frund und 170 bei Gerold Edlibach. (Holzschnitt in: Stumpf, Chronik, wie Abb. 4, Bd. 2, fol. 142 v) Landfrieden
/Users/programming/PycharmProjects/Find_Bibliography_NEw/data/azk_library/stettler-bernhard__8.pdf;13;work;Klingenberger/Rapperswiler Chronik (Eberhard Wüest, ed.);klingenberger\s+chronik;Fur seine Ausfuhrungen stutzte er sich hauptsachlich auf eine Kopie der Klingenberger Chronik, die er voruber gehend ausleihen konnte. Ganz in ihrem Sinn halt er mit
/Users/programming/PycharmProjects/Find_Bibliography_NEw/data/azk_library/stettler-bernhard__8.pdf;13;work;Vadian (Joachim Vadianus, St. Galler Chronik);\bvadian(us)?\b;wiederhergestellt. Unter dem Eindruck dieser wechsel vollen Entwicklung verfasste Vadian seine Grosse Chronik der Abte von St. Gallen und widmete darin dem Alten Zurichkrieg
/Users/programming/PycharmProjects/Find_Bibliography_NEw/data/azk_library/stettler-bernhard__8.pdf;13;work;Vadian (Joachim Vadianus, St. Galler Chronik);\bvadian(us)?\b;großten schaden unglimpf und widerwillen bi den aidgnoßen» gebracht. Emport ist Vadian daruber, dass die Schwyzer 1441 mit Konig Friedrich III. gegen die Stadt intrigierten
/Users/programming/PycharmProjects/Find_Bibliography_NEw/data/azk_library/stettler-bernhard__8.pdf;14;work;Fründ (Hans Fründ);\bfr[üu]nd\b;unbefangen und vorurteilslos.20 Bis zur Reformationszeit war die Darstellung von Frund der einzige zeitgenossische Bericht, der in Form von Abschriften sowie mehr oder
/Users/programming/PycharmProjects/Find_Bibliography_NEw/data/azk_library/stettler-bernhard__8.pdf;14;work;Etterlin (Petermann Etterlin, Kronika);petermann\s+etterlin;schwyzerisch-eidge nossische Sicht stand trotz aller Nivellierung auch bei Petermann Etterlin und Heinrich Brennwald noch immer im Vordergrund. Mit Stumpfs gedruckter
/Users/programming/PycharmProjects/Find_Bibliography_NEw/data/azk_library/stettler-bernhard__8.pdf;14;work;Etterlin (Petermann Etterlin, Kronika);\betterlin\b;schwyzerisch-eidge nossische Sicht stand trotz aller Nivellierung auch bei Petermann Etterlin und Heinrich Brennwald noch immer im Vordergrund. Mit Stumpfs gedruckter Schweizerchronik
/Users/programming/PycharmProjects/Find_Bibliography_NEw/data/azk_library/stettler-bernhard__8.pdf;14;work;Stumpf (Johannes Stumpf, Schweizerchronik);johannes\s+stumpf;Bullinger stand er in Kontakt, und die Auffassun gen Vadians waren ihm bekannt. Johannes Stumpf hatte er bei seiner Tatigkeit beraten und mit Quellenmaterial unterstutzt
/Users/programming/PycharmProjects/Find_Bibliography_NEw/data/azk_library/stettler-bernhard__8.pdf;14;work;Tschudi (Aegidius/Gilg Tschudi, Chronicon Helveticum);aegidi(?:us)?\s+tschudi;breitere Offentlichkeit getragen. Der Glarner Politiker und Geschichtsschreiber Aegidius Tschudi war mit Stumpfs Schweizerchronik bestens vertraut, mit Bullinger stand er
/Users/programming/PycharmProjects/Find_Bibliography_NEw/data/azk_library/stettler-bernhard__8.pdf;14;work;Tschudi (Aegidius/Gilg Tschudi, Chronicon Helveticum);\btschudi\b;Offentlichkeit getragen. Der Glarner Politiker und Geschichtsschreiber Aegidius Tschudi war mit Stumpfs Schweizerchronik bestens vertraut, mit Bullinger stand er in
/Users/programming/PycharmProjects/Find_Bibliography_NEw/data/azk_library/stettler-bernhard__8.pdf;14;work;Tschudi (Aegidius/Gilg Tschudi, Chronicon Helveticum);\btschudi\b;Heinrich Bullinger konnte Einblick nehmen in verschiedene seiner Werke. Aber Tschudi war ein uberzeugter Altglaubiger, weshalb die Gelehrtenkontakte nie das vom
/Users/programming/PycharmProjects/Find_Bibliography_NEw/data/azk_library/stettler-bernhard__8.pdf;14;work;Tschudi (Aegidius/Gilg Tschudi, Chronicon Helveticum);\btschudi\b;Glaubenskonflikt uberschattete Thema des Alten Zurichkriegs betrafen. Beweggrund fur Tschudi, sich in den 1550er Jahren mit dieser Thematik zu befassen, waren also nicht
/Users/programming/PycharmProjects/Find_Bibliography_NEw/data/azk_library/stettler-bernhard__8.pdf;14;work;Tschudi (Aegidius/Gilg Tschudi, Chronicon Helveticum);\btschudi\b;einem Brief an den ihm vertrauten Luzerner Stadtschreiber Zacharias B letz verrat Tschudi seine Parteilichkeit, indem er bei der Aufzahlung seiner Vorlagen die Chroniken
/Users/programming/PycharmProjects/Find_Bibliography_NEw/data/azk_library/stettler-bernhard__8.pdf;14;work;Tschudi (Aegidius/Gilg Tschudi, Chronicon Helveticum);\btschudi\b;auskommen musste. Wie Bullinger auf Zurcher Seite die Frundsche Chronik, so zog Tschudi die Klingenberger und die Zurcher Stadtchronik sowie die Dokumente auch der
/Users/programming/PycharmProjects/Find_Bibliography_NEw/data/azk_library/stettler-bernhard__8.pdf;14;work;Brennwald (Heinrich/Johannes Brennwald, Schweizerchronik);heinrich\s+brennwald;nossische Sicht stand trotz aller Nivellierung auch bei Petermann Etterlin und Heinrich Brennwald noch immer im Vordergrund. Mit Stumpfs gedruckter Schweizerchronik wurde
/Users/programming/PycharmProjects/Find_Bibliography_NEw/data/azk_library/stettler-bernhard__8.pdf;14;work;Brennwald (Heinrich/Johannes Brennwald, Schweizerchronik);\bbrennwald\b;Sicht stand trotz aller Nivellierung auch bei Petermann Etterlin und Heinrich Brennwald noch immer im Vordergrund. Mit Stumpfs gedruckter Schweizerchronik wurde um
/Users/programming/PycharmProjects/Find_Bibliography_NEw/data/azk_library/stettler-bernhard__8.pdf;14;work;Bullinger (Heinrich Bullinger, historiographische Werke);heinrich\s+bullinger;er bei seiner Tatigkeit beraten und mit Quellenmaterial unterstutzt, und Heinrich Bullinger konnte Einblick nehmen in verschiedene seiner Werke. Aber Tschudi war ein
/Users/programming/PycharmProjects/Find_Bibliography_NEw/data/azk_library/stettler-bernhard__8.pdf;14;work;Bullinger (Heinrich Bullinger, historiographische Werke);\bbullinger\b;Geschichtsschreiber Aegidius Tschudi war mit Stumpfs Schweizerchronik bestens vertraut, mit Bullinger stand er in Kontakt, und die Auffassun gen Vadians waren ihm bekannt. Johannes
/Users/programming/PycharmProjects/Find_Bibliography_NEw/data/azk_library/stettler-bernhard__8.pdf;14;work;Bullinger (Heinrich Bullinger, historiographische Werke);\bbullinger\b;bei seiner Tatigkeit beraten und mit Quellenmaterial unterstutzt, und Heinrich Bullinger konnte Einblick nehmen in verschiedene seiner Werke. Aber Tschudi war ein uberzeugter
/Users/programming/PycharmProjects/Find_Bibliography_NEw/data/azk_library/stettler-bernhard__8.pdf;14;work;Bullinger (Heinrich Bullinger, historiographische Werke);\bbullinger\b;heisst letztlich Frundsche - Bild vom Zurichkrieg, das nach den Arbeiten von Bullinger und Stumpf sowie von Vadian nicht mehr haltbar war, unter Berucksichtigung
/Users/programming/PycharmProjects/Find_Bibliography_NEw/data/azk_library/stettler-bernhard__8.pdf;14;work;Bullinger (Heinrich Bullinger, historiographische Werke);\bbullinger\b;gegenuberstellte. Tschudis Darstellung darf also als das Gegenstuck zu den Arbeiten von Bullinger und Stumpf sowie von Vadian bezeichnet werden - Gegenstuck zuhanden der altglaubigen
/Users/programming/PycharmProjects/Find_Bibliography_NEw/data/azk_library/stettler-bernhard__8.pdf;14;work;Bullinger (Heinrich Bullinger, historiographische Werke);\bbullinger\b;zahlreichen Archiven hatte, aber ohne Gelehrtengesprach auskommen musste. Wie Bullinger auf Zurcher Seite die Frundsche Chronik, so zog Tschudi die Klingenberger und
/Users/programming/PycharmProjects/Find_Bibliography_NEw/data/azk_library/stettler-bernhard__8.pdf;14;work;Zürcher Stadtchronik (allgemein);z[üu]rcher\s+stadtchronik;Seite die Frundsche Chronik, so zog Tschudi die Klingenberger und die Zurcher Stadtchronik sowie die Dokumente auch der Gegenpartei heran. Diese Quellen verwendete
/Users/programming/PycharmProjects/Find_Bibliography_NEw/data/azk_library/stettler-bernhard__8.pdf;14;work;Vadian (Joachim Vadianus, St. Galler Chronik);\bvadian(us)?\b;Osterreich Vorhaltungen zu machen. Trotz allem beurteilte Vadian Zurichs Zuruckwei sung des Bundnisrechts und sein Beharren auf Reichsrecht als einen politischen
/Users/programming/PycharmProjects/Find_Bibliography_NEw/data/azk_library/stettler-bernhard__8.pdf;14;work;Vadian (Joachim Vadianus, St. Galler Chronik);\bvadian(us)?\b;den von Schwitz lut der punten zuozuchend». Auch vor aktuellen Bezugen scheute Vadian nicht zuruck. Vor allem beklagte er, dass die innern Orte, die im Alten Zurichkrieg
/Users/programming/PycharmProjects/Find_Bibliography_NEw/data/azk_library/stettler-bernhard__8.pdf;14;work;Vadian (Joachim Vadianus, St. Galler Chronik);\bvadian(us)?\b;Bild vom Zurichkrieg, das nach den Arbeiten von Bullinger und Stumpf sowie von Vadian nicht mehr haltbar war, unter Berucksichtigung der zurcherisch-osterreichischen
/Users/programming/PycharmProjects/Find_Bibliography_NEw/data/azk_library/stettler-bernhard__8.pdf;14;work;Vadian (Joachim Vadianus, St. Galler Chronik);\bvadian(us)?\b;darf also als das Gegenstuck zu den Arbeiten von Bullinger und Stumpf sowie von Vadian bezeichnet werden - Gegenstuck zuhanden der altglaubigen inneren Orte, verfasst
/Users/programming/PycharmProjects/Find_Bibliography_NEw/data/azk_library/stettler-bernhard__8.pdf;15;work;Schilling (ungenau);\bschilling\b;"Vor deren Abfassung hatte Stettler die Chroniken von Konrad Justinger, Diebold Schilling und Valerius Anshelm kopiert; zudem verwen dete er Dokumente aus dem Berner"
/Users/programming/PycharmProjects/Find_Bibliography_NEw/data/azk_library/stettler-bernhard__8.pdf;15;work;Schilling (ungenau);diebold\s+schilling;"Vor deren Abfassung hatte Stettler die Chroniken von Konrad Justinger, Diebold Schilling und Valerius Anshelm kopiert; zudem verwen dete er Dokumente aus dem Berner"
/Users/programming/PycharmProjects/Find_Bibliography_NEw/data/azk_library/stettler-bernhard__8.pdf;15;work;Justinger (Konrad Justinger, Berner Chronik);(?:kon|con)rad\s+justinger;"Schweitzer Chronic» erhielt. Vor deren Abfassung hatte Stettler die Chroniken von Konrad Justinger, Diebold Schilling und Valerius Anshelm kopiert; zudem verwen dete er Dokumente"
/Users/programming/PycharmProjects/Find_Bibliography_NEw/data/azk_library/stettler-bernhard__8.pdf;15;work;Justinger (Konrad Justinger, Berner Chronik);\bjustinger\b;"Chronic» erhielt. Vor deren Abfassung hatte Stettler die Chroniken von Konrad Justinger, Diebold Schilling und Valerius Anshelm kopiert; zudem verwen dete er Dokumente"
/Users/programming/PycharmProjects/Find_Bibliography_NEw/data/azk_library/stettler-bernhard__8.pdf;15;work;Tschudi (Aegidius/Gilg Tschudi, Chronicon Helveticum);\btschudi\b;Bemerkenswert ist, dass Tschudi trotz abweichender Auffassungen in Zurich nicht in Ungnade fiel. Der Zurcher Gelehrte Josias Simler schatzte Tschudi als Geschichtsschrei
/Users/programming/PycharmProjects/Find_Bibliography_NEw/data/azk_library/stettler-bernhard__8.pdf;15;work;Tschudi (Aegidius/Gilg Tschudi, Chronicon Helveticum);\btschudi\b;in Zurich nicht in Ungnade fiel. Der Zurcher Gelehrte Josias Simler schatzte Tschudi als Geschichtsschrei ber sehr hoch ein und hatte einen wesentlichen Anteil an
/Users/programming/PycharmProjects/Find_Bibliography_NEw/data/azk_library/stettler-bernhard__8.pdf;15;work;Tschudi (Aegidius/Gilg Tschudi, Chronicon Helveticum);\btschudi\b;im Vorwort zu seiner Schweizerchronik von 1568 schrieb, hatte Geltung auch fur Tschudi.23 Weder Bullingers Darstellung noch jene von Tschudi und Vadian wurden zu Lebzei
/Users/programming/PycharmProjects/Find_Bibliography_NEw/data/azk_library/stettler-bernhard__8.pdf;15;work;Tschudi (Aegidius/Gilg Tschudi, Chronicon Helveticum);\btschudi\b;hatte Geltung auch fur Tschudi.23 Weder Bullingers Darstellung noch jene von Tschudi und Vadian wurden zu Lebzei ten der Verfasser gedruckt und fanden deshalb nicht
/Users/programming/PycharmProjects/Find_Bibliography_NEw/data/azk_library/stettler-bernhard__8.pdf;15;work;Anshelm (Valerius Anshelm, Berner Chronik);valerius\s+anshelm;"hatte Stettler die Chroniken von Konrad Justinger, Diebold Schilling und Valerius Anshelm kopiert; zudem verwen dete er Dokumente aus dem Berner Archiv. Stettler"
/Users/programming/PycharmProjects/Find_Bibliography_NEw/data/azk_library/stettler-bernhard__8.pdf;15;work;Anshelm (Valerius Anshelm, Berner Chronik);\banshelm\b;"hatte Stettler die Chroniken von Konrad Justinger, Diebold Schilling und Valerius Anshelm kopiert; zudem verwen dete er Dokumente aus dem Berner Archiv. Stettler vertrat"
/Users/programming/PycharmProjects/Find_Bibliography_NEw/data/azk_library/stettler-bernhard__8.pdf;15;work;Bullinger (Heinrich Bullinger, historiographische Werke);\bbullinger\b;bei den Thermopylen gleich.22 Grund fur diese Versohnlichkeit durfte wie bei Bullinger die innere und aussere politische Entwicklung der 1570er Jahre gewesen sein
/Users/programming/PycharmProjects/Find_Bibliography_NEw/data/azk_library/stettler-bernhard__8.pdf;15;work;Bullinger (Heinrich Bullinger, historiographische Werke);\bbullinger\b;die innere und aussere politische Entwicklung der 1570er Jahre gewesen sein. Bullinger verfasste seine Schweizerchronik «von wagen mines geliepten vatterlants» und
/Users/programming/PycharmProjects/Find_Bibliography_NEw/data/azk_library/stettler-bernhard__8.pdf;15;work;Bullinger (Heinrich Bullinger, historiographische Werke);\bbullinger\b;letzte zyten lassend sich also an, dz einer enderung großlich zuo besorgen». Was Bullinger im Vorwort zu seiner Schweizerchronik von 1568 schrieb, hatte Geltung auch
/Users/programming/PycharmProjects/Find_Bibliography_NEw/data/azk_library/stettler-bernhard__8.pdf;15;work;Vadian (Joachim Vadianus, St. Galler Chronik);\bvadian(us)?\b;Geltung auch fur Tschudi.23 Weder Bullingers Darstellung noch jene von Tschudi und Vadian wurden zu Lebzei ten der Verfasser gedruckt und fanden deshalb nicht den Weg
/Users/programming/PycharmProjects/Find_Bibliography_NEw/data/azk_library/stettler-bernhard__8.pdf;15;work;Michael Stettler (Berner Chronik 1620–1622);michael\s+stettler;frombden fursten und herren».Am Beispiel des Berner Geschichtsschreibers Michael Stettler lasst sich dies exemplarisch zeigen. Michael Stettler, ein treuer Diener
/Users/programming/PycharmProjects/Find_Bibliography_NEw/data/azk_library/stettler-bernhard__8.pdf;15;work;Michael Stettler (Berner Chronik 1620–1622);michael\s+stettler;Geschichtsschreibers Michael Stettler lasst sich dies exemplarisch zeigen. Michael Stettler, ein treuer Diener seines Staats, veroffentlichte 1627 eine Darstellung
/Users/programming/PycharmProjects/Find_Bibliography_NEw/data/azk_library/stettler-bernhard__8.pdf;15;work;Simler (Josias Simler, De Helvetiorum republica / Republika Helvetiorum);josias\s+simler;abweichender Auffassungen in Zurich nicht in Ungnade fiel. Der Zurcher Gelehrte Josias Simler schatzte Tschudi als Geschichtsschrei ber sehr hoch ein und hatte einen wesentlichen
/Users/programming/PycharmProjects/Find_Bibliography_NEw/data/azk_library/stettler-bernhard__8.pdf;15;work;Simler (Josias Simler, De Helvetiorum republica / Republika Helvetiorum);\bsimler\b;abweichender Auffassungen in Zurich nicht in Ungnade fiel. Der Zurcher Gelehrte Josias Simler schatzte Tschudi als Geschichtsschrei ber sehr hoch ein und hatte einen wesentlichen
/Users/programming/PycharmProjects/Find_Bibliography_NEw/data/azk_library/stettler-bernhard__8.pdf;15;work;Simler (Josias Simler, De Helvetiorum republica / Republika Helvetiorum);\bsimler\b;Tschudis Schweizerchronik. In seiner «Respublica Helvetiorum» von 1576 widmete Simler dem Alten Zurichkrieg aber nur einen kurzen Hinweis, wobei er die Hauptschuld
/Users/programming/PycharmProjects/Find_Bibliography_NEw/data/azk_library/stettler-bernhard__8.pdf;15;work;Simler (Josias Simler, De Helvetiorum republica / Republika Helvetiorum);\bsimler\b;artibus et opera in Helvecijs conflatum» ). Bei St. Jakob an der Birs hatten laut Simler die «Helvetier» ihr «Vaterland», ja «Germanien» gerettet («pro totius patriae
/Users/programming/PycharmProjects/Find_Bibliography_NEw/data/azk_library/stettler-bernhard__8.pdf;15;work;Simler (Josias Simler, De Helvetiorum republica / Republika Helvetiorum);respublica\s+helvetiorum;entstandenen Schlussfassung von Tschudis Schweizerchronik. In seiner «Respublica Helvetiorum» von 1576 widmete Simler dem Alten Zurichkrieg aber nur einen kurzen
/Users/programming/PycharmProjects/Find_Bibliography_NEw/data/azk_library/stettler-bernhard__8.pdf;16;work;Fründ (Hans Fründ);hans\s+fr[üu]nd;graphische Stagnation. Er wiederholte mehr oder weniger die Auffassungen von Hans Frund (die ihm uber Diebold Schilling bekannt waren), umgedeutet auf reformierte
/Users/programming/PycharmProjects/Find_Bibliography_NEw/data/azk_library/stettler-bernhard__8.pdf;16;work;Fründ (Hans Fründ);\bfr[üu]nd\b;graphische Stagnation. Er wiederholte mehr oder weniger die Auffassungen von Hans Frund (die ihm uber Diebold Schilling bekannt waren), umgedeutet auf reformierte Orthodoxie
/Users/programming/PycharmProjects/Find_Bibliography_NEw/data/azk_library/stettler-bernhard__8.pdf;16;work;Hemmerlin (Felix Hemmerlin/Malleolus);de\s+nobilitate\s+et\s+rusticitate;herausgegeben, darunter das Schwyzer Kapitel aus Felix Hemmerlis «De nobilitate et rusticitate dialogus». In Lauffers «Historischen und critischen Beytragen» befinden
/Users/programming/PycharmProjects/Find_Bibliography_NEw/data/azk_library/stettler-bernhard__8.pdf;16;work;Schilling (ungenau);\bschilling\b;wiederholte mehr oder weniger die Auffassungen von Hans Frund (die ihm uber Diebold Schilling bekannt waren), umgedeutet auf reformierte Orthodoxie. Fur Stettler war der
/Users/programming/PycharmProjects/Find_Bibliography_NEw/data/azk_library/stettler-bernhard__8.pdf;16;work;Schilling (ungenau);diebold\s+schilling;wiederholte mehr oder weniger die Auffassungen von Hans Frund (die ihm uber Diebold Schilling bekannt waren), umgedeutet auf reformierte Orthodoxie. Fur Stettler war
/Users/programming/PycharmProjects/Find_Bibliography_NEw/data/azk_library/stettler-bernhard__8.pdf;16;work;Tschudi (Aegidius/Gilg Tschudi, Chronicon Helveticum);aegidi(?:us)?\s+tschudi;zur Geschichte des Alten Zurichkriegs.25 Von diesem Aufbruch konnte auch Aegidius Tschudis Werk profitieren. 1734-1736 wurde sein «Chronicon Helveticum» in zwei Banden
/Users/programming/PycharmProjects/Find_Bibliography_NEw/data/azk_library/stettler-bernhard__8.pdf;16;work;Tschudi (Aegidius/Gilg Tschudi, Chronicon Helveticum);chronicon\s+helveticum;konnte auch Aegidius Tschudis Werk profitieren. 1734-1736 wurde sein «Chronicon Helveticum» in zwei Banden in Basel gedruckt, ediert von Jo hann Rudolf Iselin. Tschudis
/Users/programming/PycharmProjects/Find_Bibliography_NEw/data/azk_library/stettler-bernhard__8.pdf;16;work;Bullinger (Heinrich Bullinger, historiographische Werke);\bbullinger\b;Darstellung des Zurichkriegs erhielt damit- verglichen mit den ungedruckten von Bullinger und Vadian - einen einmaligen Bekanntheitsgrad. Mit ihrem Materialreichtum
/Users/programming/PycharmProjects/Find_Bibliography_NEw/data/azk_library/stettler-bernhard__8.pdf;16;work;Vadian (Joachim Vadianus, St. Galler Chronik);\bvadian(us)?\b;Zurichkriegs erhielt damit- verglichen mit den ungedruckten von Bullinger und Vadian - einen einmaligen Bekanntheitsgrad. Mit ihrem Materialreichtum und ihrer Farbigkeit
/Users/programming/PycharmProjects/Find_Bibliography_NEw/data/azk_library/stettler-bernhard__8.pdf;18;work;Tschudi (Aegidius/Gilg Tschudi, Chronicon Helveticum);aegidi(?:us)?\s+tschudi;Mannern ungemein leid» gewesen sei. In dieser Hinsicht sah sich Muller bei Aegidius Tschudi bestatigt. Die von Tschudi postulierte «erberkeit» als Tragerin alteidgenossischerTugend
/Users/programming/PycharmProjects/Find_Bibliography_NEw/data/azk_library/stettler-bernhard__8.pdf;18;work;Tschudi (Aegidius/Gilg Tschudi, Chronicon Helveticum);\btschudi\b;Mannern ungemein leid» gewesen sei. In dieser Hinsicht sah sich Muller bei Aegidius Tschudi bestatigt. Die von Tschudi postulierte «erberkeit» als Tragerin alteidgenossischerTugend
/Users/programming/PycharmProjects/Find_Bibliography_NEw/data/azk_library/stettler-bernhard__8.pdf;18;work;Tschudi (Aegidius/Gilg Tschudi, Chronicon Helveticum);\btschudi\b;sei. In dieser Hinsicht sah sich Muller bei Aegidius Tschudi bestatigt. Die von Tschudi postulierte «erberkeit» als Tragerin alteidgenossischerTugend trat bei Muller
/Users/programming/PycharmProjects/Find_Bibliography_NEw/data/azk_library/stettler-bernhard__8.pdf;18;work;Tschudi (Aegidius/Gilg Tschudi, Chronicon Helveticum);\btschudi\b;19. Jahrhunderts dagegen setzte sich grundsatzlich und zum Teil vehement von Tschudi ab, wobei sie aber die Kritik allzusehr auf Materielles konzentrierte und die
/Users/programming/PycharmProjects/Find_Bibliography_NEw/data/azk_library/stettler-bernhard__8.pdf;18;work;Tschudi (Aegidius/Gilg Tschudi, Chronicon Helveticum);chronicon\s+helveticum;verliess. In den «Geschichten Schweizerischer Eidgenossen schaft» lebt das «Chronicon Helveticum» fort. Die wissenschaftliche Geschichtsschrei bung des 19. Jahrhunderts
/Users/programming/PycharmProjects/Find_Bibliography_NEw/data/azk_library/stettler-bernhard__8.pdf;19;work;Fründ (Hans Fründ);hans\s+fr[üu]nd;Kritik - das aus der Polemik des 15. Jahrhunderts hervorgegangene Bild von Hans Frund in der Ausgestaltung durch Aegidius Tschudi aus analoger Bewusstseinslage mit
/Users/programming/PycharmProjects/Find_Bibliography_NEw/data/azk_library/stettler-bernhard__8.pdf;19;work;Fründ (Hans Fründ);hans\s+fr[üu]nd;Zur Uberlieferungs situation vgl. Bernhard Stettler: Zur Uberlieferung von Hans Frunds Darstellung des Alten Zurichkriegs, in: Tschudi, Bd. 12, 122*-134*. 2 Klingenberger
/Users/programming/PycharmProjects/Find_Bibliography_NEw/data/azk_library/stettler-bernhard__8.pdf;19;work;Fründ (Hans Fründ);\bfr[üu]nd\b;Kritik - das aus der Polemik des 15. Jahrhunderts hervorgegangene Bild von Hans Frund in der Ausgestaltung durch Aegidius Tschudi aus analoger Bewusstseinslage mit
/Users/programming/PycharmProjects/Find_Bibliography_NEw/data/azk_library/stettler-bernhard__8.pdf;19;work;Fründ (Hans Fründ);\bfr[üu]nd\b;differenzieren, vermochte sich aber vom Bild des 19. Jahrhunderts - und damit von Frund und Tschudi - erst in neuester Zeit zu losen.30 Anmerkungen * Uberarbeiteter
/Users/programming/PycharmProjects/Find_Bibliography_NEw/data/azk_library/stettler-bernhard__8.pdf;19;work;Fründ (Hans Fründ);\bfr[üu]nd\b;"Der Verfasser dankt Ursula Kagi fur die kritische Durchsicht des Manuskripts. 1 Frund, 1-293; Stiftsbibliothek St. Gallen, Cod. 644, 329-490 (nicht edierter Aktenteil"
/Users/programming/PycharmProjects/Find_Bibliography_NEw/data/azk_library/stettler-bernhard__8.pdf;19;work;Hemmerlin (Felix Hemmerlin/Malleolus);de\s+nobilitate\s+et\s+rusticitate;Johannes Dierauer (QSG 18), Basel 1900, 212- 225. 4 Felix Hemmerli: De nobilitate et rusticitate dialogus [Strassburg Joh. Pruss d. A. uin 1500], fol. 129 r -141 v
/Users/programming/PycharmProjects/Find_Bibliography_NEw/data/azk_library/stettler-bernhard__8.pdf;19;work;Etterlin (Petermann Etterlin, Kronika);petermann\s+etterlin;von Emil B losch, Bd. 1, Bern 1884, 53 Anm. a. 12 Edlibach, 1-105. 13 Petermann Etterlin: Kronica von der loblichen Eydtgnoschaft,jr harkomen und sust seltzam strittenn
/Users/programming/PycharmProjects/Find_Bibliography_NEw/data/azk_library/stettler-bernhard__8.pdf;19;work;Etterlin (Petermann Etterlin, Kronika);\betterlin\b;Emil B losch, Bd. 1, Bern 1884, 53 Anm. a. 12 Edlibach, 1-105. 13 Petermann Etterlin: Kronica von der loblichen Eydtgnoschaft,jr harkomen und sust seltzam strittenn
/Users/programming/PycharmProjects/Find_Bibliography_NEw/data/azk_library/stettler-bernhard__8.pdf;19;work;Tschachtlan (Benedikt Tschachtlan);\btschachtlan\b;157 (Schreiben an Gers), und Bd. 2, Nr. 35-36 (Hilfegesuche). 10 Bendicht Tschachtlan: Berner Chronik bis zum Jahr 1470/71, hg. von Pascal Ladner, in: Kommentar
/Users/programming/PycharmProjects/Find_Bibliography_NEw/data/azk_library/stettler-bernhard__8.pdf;19;work;Edlibach (Gerold Edlibach, Zürcher Chronik);\bedlibach\b;Anshelm: Berner Chronik, hg. von Emil B losch, Bd. 1, Bern 1884, 53 Anm. a. 12 Edlibach, 1-105. 13 Petermann Etterlin: Kronica von der loblichen Eydtgnoschaft,jr harkomen
/Users/programming/PycharmProjects/Find_Bibliography_NEw/data/azk_library/stettler-bernhard__8.pdf;19;work;Tschudi (Aegidius/Gilg Tschudi, Chronicon Helveticum);aegidi(?:us)?\s+tschudi;Jahrhunderts hervorgegangene Bild von Hans Frund in der Ausgestaltung durch Aegidius Tschudi aus analoger Bewusstseinslage mit aktualisierter Interpretation weitgehend
/Users/programming/PycharmProjects/Find_Bibliography_NEw/data/azk_library/stettler-bernhard__8.pdf;19;work;Tschudi (Aegidius/Gilg Tschudi, Chronicon Helveticum);aegidi(?:us)?\s+tschudi;gekurzter Wiederabdruck eines Teils der Einleitung zu Bd. 12 der Neuedition von Aegidius Tschudis Schweizerchronik (Bernhard Stettler: Der Platz von Tschudis Darstellung
/Users/programming/PycharmProjects/Find_Bibliography_NEw/data/azk_library/stettler-bernhard__8.pdf;19;work;Tschudi (Aegidius/Gilg Tschudi, Chronicon Helveticum);\btschudi\b;Jahrhunderts hervorgegangene Bild von Hans Frund in der Ausgestaltung durch Aegidius Tschudi aus analoger Bewusstseinslage mit aktualisierter Interpretation weitgehend ubernahm
/Users/programming/PycharmProjects/Find_Bibliography_NEw/data/azk_library/stettler-bernhard__8.pdf;19;work;Tschudi (Aegidius/Gilg Tschudi, Chronicon Helveticum);\btschudi\b;vermochte sich aber vom Bild des 19. Jahrhunderts - und damit von Frund und Tschudi - erst in neuester Zeit zu losen.30 Anmerkungen * Uberarbeiteter und gekurzter
/Users/programming/PycharmProjects/Find_Bibliography_NEw/data/azk_library/stettler-bernhard__8.pdf;19;work;Tschudi (Aegidius/Gilg Tschudi, Chronicon Helveticum);\btschudi\b;Platz von Tschudis Darstellung in der Historiographie des Alten Zurichkriegs, in:Tschudi, Bd. 12, 88*-116*), wo die Quellen und die Literatur vollumfanglich nachgewiesen
/Users/programming/PycharmProjects/Find_Bibliography_NEw/data/azk_library/stettler-bernhard__8.pdf;19;work;Tschudi (Aegidius/Gilg Tschudi, Chronicon Helveticum);\btschudi\b;Stettler: Zur Uberlieferung von Hans Frunds Darstellung des Alten Zurichkriegs, in: Tschudi, Bd. 12, 122*-134*. 2 Klingenberger Chronik, 226-337. - Eine Neuedition der
/Users/programming/PycharmProjects/Find_Bibliography_NEw/data/azk_library/stettler-bernhard__8.pdf;19;work;Anshelm (Valerius Anshelm, Berner Chronik);valerius\s+anshelm;Handschrift Ms. A 120 der Zentralbibliothek Zurich, Luzern 1988, 290-407. 11 Valerius Anshelm: Berner Chronik, hg. von Emil B losch, Bd. 1, Bern 1884, 53 Anm. a. 12 Edlibach
/Users/programming/PycharmProjects/Find_Bibliography_NEw/data/azk_library/stettler-bernhard__8.pdf;19;work;Anshelm (Valerius Anshelm, Berner Chronik);\banshelm\b;Handschrift Ms. A 120 der Zentralbibliothek Zurich, Luzern 1988, 290-407. 11 Valerius Anshelm: Berner Chronik, hg. von Emil B losch, Bd. 1, Bern 1884, 53 Anm. a. 12 Edlibach
/Users/programming/PycharmProjects/Find_Bibliography_NEw/data/azk_library/stettler-bernhard__8.pdf;19;work;Klingenberger/Rapperswiler Chronik (Eberhard Wüest, ed.);klingenberger\s+chronik;Darstellung des Alten Zurichkriegs, in: Tschudi, Bd. 12, 122*-134*. 2 Klingenberger Chronik, 226-337. - Eine Neuedition der unter dem Namen «Klingenberger Chronik
/Users/programming/PycharmProjects/Find_Bibliography_NEw/data/azk_library/stettler-bernhard__8.pdf;19;work;Klingenberger/Rapperswiler Chronik (Eberhard Wüest, ed.);klingenberger\s+chronik;Klingenberger Chronik, 226-337. - Eine Neuedition der unter dem Namen «Klingenberger Chronik» bekannten, mutmasslich aber vom Rapperswiler Stadtschreiber Eberhard
/Users/programming/PycharmProjects/Find_Bibliography_NEw/data/azk_library/stettler-bernhard__8.pdf;19;work;Twinger von Königshofen (Jakob Twinger von Königshofen, Chronik);\btwinger\b;, 205 f., 208, 221 ff., 225 ff., 227 f., 229. 6 Basler Fortsetzung des Jakob Twinger von Konigshafen, hg. von August Bernoulli (Basler Chroniken 4 ), Basel 1890
/Users/programming/PycharmProjects/Find_Bibliography_NEw/data/azk_library/stettler-bernhard__8.pdf;19;work;Twinger von Königshofen (Jakob Twinger von Königshofen, Chronik);\btwinger\b;Basler Chroniken 4), Basel 1890, 254 ff. 8 Strassburger Fortsetzung des Jakob Twinger von Konigshafen, hg. von Franz Joseph Mone, in: Quellen sammlung der badischen
/Users/programming/PycharmProjects/Find_Bibliography_NEw/data/azk_library/stettler-bernhard__8.pdf;19;work;Berner Chronik (allgemein);\bberner\s+chronik\b;Schreiben an Gers), und Bd. 2, Nr. 35-36 (Hilfegesuche). 10 Bendicht Tschachtlan: Berner Chronik bis zum Jahr 1470/71, hg. von Pascal Ladner, in: Kommentar zur Faksimile
/Users/programming/PycharmProjects/Find_Bibliography_NEw/data/azk_library/stettler-bernhard__8.pdf;19;work;Berner Chronik (allgemein);\bberner\s+chronik\b;der Zentralbibliothek Zurich, Luzern 1988, 290-407. 11 Valerius Anshelm: Berner Chronik, hg. von Emil B losch, Bd. 1, Bern 1884, 53 Anm. a. 12 Edlibach, 1-105. 13
/Users/programming/PycharmProjects/Find_Bibliography_NEw/data/azk_library/stettler-bernhard__8.pdf;19;work;Zürcher Stadtchronik (allgemein);chronik\s+der\s+stadt\s+z[üu]rich;Chronik ist in Vorbereitung (mit ZBZ, Ms. A 78, als Textgrundlage). 3 Chronik der Stadt Zurich, hg. von Johannes Dierauer (QSG 18), Basel 1900, 212- 225. 4 Felix Hemmerli
/Users/programming/PycharmProjects/Find_Bibliography_NEw/data/azk_library/stettler-bernhard__8.pdf;20;work;Stumpf (Johannes Stumpf, Schweizerchronik);johannes\s+stumpf;und der statt Zurych sachen VIII buecher, ZBZ, Ms. Car. C 44, 125-370. 18 Johannes Stumpf: Schweizerchronik, ZBZ, Ms. A 41, 373- 569. 19 Johannes Stumpf: Gemeiner
/Users/programming/PycharmProjects/Find_Bibliography_NEw/data/azk_library/stettler-bernhard__8.pdf;20;work;Stumpf (Johannes Stumpf, Schweizerchronik);johannes\s+stumpf;125-370. 18 Johannes Stumpf: Schweizerchronik, ZBZ, Ms. A 41, 373- 569. 19 Johannes Stumpf: Gemeiner loblicher Eydgnoschafft Stetten, Landen und Volckeren Chronick
/Users/programming/PycharmProjects/Find_Bibliography_NEw/data/azk_library/stettler-bernhard__8.pdf;20;work;Tschudi (Aegidius/Gilg Tschudi, Chronicon Helveticum);aegidi(?:us)?\s+tschudi;critische Beytrage zu der Historie der Eidsgenossen etc., Zurich 1739. 26 Aegidius Tschudi: Chronicon Helveticum, hg. von Johann R. Iselin, Bd. 2, Basel 1736, 212
/Users/programming/PycharmProjects/Find_Bibliography_NEw/data/azk_library/stettler-bernhard__8.pdf;20;work;Tschudi (Aegidius/Gilg Tschudi, Chronicon Helveticum);\btschudi\b;"Ernst Gotzinger, Bd. 2: Chronik der Abte, St. Gallen 1877, 40--83 und 87-130. 21 Tschudi, Bande 10--12 passim; besonders Bernhard Stettler:Tschudis Darstellung des Alten"
/Users/programming/PycharmProjects/Find_Bibliography_NEw/data/azk_library/stettler-bernhard__8.pdf;20;work;Tschudi (Aegidius/Gilg Tschudi, Chronicon Helveticum);\btschudi\b;critische Beytrage zu der Historie der Eidsgenossen etc., Zurich 1739. 26 Aegidius Tschudi: Chronicon Helveticum, hg. von Johann R. Iselin, Bd. 2, Basel 1736, 212-558
/Users/programming/PycharmProjects/Find_Bibliography_NEw/data/azk_library/stettler-bernhard__8.pdf;20;work;Tschudi (Aegidius/Gilg Tschudi, Chronicon Helveticum);chronicon\s+helveticum;der Historie der Eidsgenossen etc., Zurich 1739. 26 Aegidius Tschudi: Chronicon Helveticum, hg. von Johann R. Iselin, Bd. 2, Basel 1736, 212-558. 27 Johannes von
/Users/programming/PycharmProjects/Find_Bibliography_NEw/data/azk_library/stettler-bernhard__8.pdf;20;work;Brennwald (Heinrich/Johannes Brennwald, Schweizerchronik);heinrich\s+brennwald;42 14 Heinrich Brennwald: Schweizerchronik, hg. von RudolfLuginbuhl (QSG,N. E,Abt.I/1),Bd. 2,Basel 1910, 1-177. 15 Heinrich Bullinger: Radtschlag wie man moge vor
/Users/programming/PycharmProjects/Find_Bibliography_NEw/data/azk_library/stettler-bernhard__8.pdf;20;work;Brennwald (Heinrich/Johannes Brennwald, Schweizerchronik);\bbrennwald\b;42 14 Heinrich Brennwald: Schweizerchronik, hg. von RudolfLuginbuhl (QSG,N. E,Abt.I/1),Bd. 2,Basel 1910, 1-177. 15 Heinrich Bullinger: Radtschlag wie man moge vor
/Users/programming/PycharmProjects/Find_Bibliography_NEw/data/azk_library/stettler-bernhard__8.pdf;20;work;Bullinger (Heinrich Bullinger, historiographische Werke);heinrich\s+bullinger;hg. von RudolfLuginbuhl (QSG,N. E,Abt.I/1),Bd. 2,Basel 1910, 1-177. 15 Heinrich Bullinger: Radtschlag wie man moge vor kriegen sin und der funf orten tyranny abkummen
/Users/programming/PycharmProjects/Find_Bibliography_NEw/data/azk_library/stettler-bernhard__8.pdf;20;work;Bullinger (Heinrich Bullinger, historiographische Werke);heinrich\s+bullinger;"1521-1532, hg. von Johannes Strickler, Bd. 5, Zurich 1884, Nr. 176. 16 Heinrich Bullinger:Historia gemeiner loblicher eydgnoschafft, ZBZ,Ms.A 14-15; in Ms.A 14:"
/Users/programming/PycharmProjects/Find_Bibliography_NEw/data/azk_library/stettler-bernhard__8.pdf;20;work;Bullinger (Heinrich Bullinger, historiographische Werke);heinrich\s+bullinger;Bullinger uberarbeitete Abschrift von Stumpfs «Historia», fol. 240--357. 17 Heinrich Bullinger: Von den Tigurineren und der statt Zurych sachen VIII buecher, ZBZ, Ms
/Users/programming/PycharmProjects/Find_Bibliography_NEw/data/azk_library/stettler-bernhard__8.pdf;20;work;Bullinger (Heinrich Bullinger, historiographische Werke);\bbullinger\b;von RudolfLuginbuhl (QSG,N. E,Abt.I/1),Bd. 2,Basel 1910, 1-177. 15 Heinrich Bullinger: Radtschlag wie man moge vor kriegen sin und der funf orten tyranny abkummen
/Users/programming/PycharmProjects/Find_Bibliography_NEw/data/azk_library/stettler-bernhard__8.pdf;20;work;Bullinger (Heinrich Bullinger, historiographische Werke);\bbullinger\b;"1521-1532, hg. von Johannes Strickler, Bd. 5, Zurich 1884, Nr. 176. 16 Heinrich Bullinger:Historia gemeiner loblicher eydgnoschafft, ZBZ,Ms.A 14-15; in Ms.A 14:«Epitome"
/Users/programming/PycharmProjects/Find_Bibliography_NEw/data/azk_library/stettler-bernhard__8.pdf;20;work;Bullinger (Heinrich Bullinger, historiographische Werke);\bbullinger\b;"eydgnoschafft, ZBZ,Ms.A 14-15; in Ms.A 14:«Epitome», fol. 184-205, und die von Bullinger uberarbeitete Abschrift von Stumpfs «Historia», fol. 240--357. 17 Heinrich"
/Users/programming/PycharmProjects/Find_Bibliography_NEw/data/azk_library/stettler-bernhard__8.pdf;20;work;Bullinger (Heinrich Bullinger, historiographische Werke);\bbullinger\b;Bullinger uberarbeitete Abschrift von Stumpfs «Historia», fol. 240--357. 17 Heinrich Bullinger: Von den Tigurineren und der statt Zurych sachen VIII buecher, ZBZ, Ms. Car
/Users/programming/PycharmProjects/Find_Bibliography_NEw/data/azk_library/stettler-bernhard__8.pdf;20;work;Bullinger (Heinrich Bullinger, historiographische Werke);\bbullinger\b;Josias Simler: De republica Helvetiorum libri duo, Zurich 1576, fol. 58. 23 Bullinger (wie Anm. 16), Ms. A 14, fol. 27. 24 Michael Stettler: Schweitzer Chronic,
/Users/programming/PycharmProjects/Find_Bibliography_NEw/data/azk_library/stettler-bernhard__8.pdf;20;work;Vadian (Joachim Vadianus, St. Galler Chronik);\bvadian(us)?\b;Volckeren Chronick etc., Zurich 1548, Bd. 2, fol. 426 v--431 v. 20 Joachim von Watt (Vadian ]: Deutsche historische Schriften, hg. von Ernst Gotzinger, Bd. 2: Chronik der
/Users/programming/PycharmProjects/Find_Bibliography_NEw/data/azk_library/stettler-bernhard__8.pdf;20;work;Cysat (Renward Cysat, Luzerner Chronik/Collectanea);\bcysat\b;"Bd. 12, 73*-88*; Brief an Zacharias B letz vom 30. Oktober 1556, in: Ren ward Cysat: Collectanea Chronica etc., hg. von Josef Schmid, Bd. I/1 (Quellen und Forschungen"
/Users/programming/PycharmProjects/Find_Bibliography_NEw/data/azk_library/stettler-bernhard__8.pdf;20;work;Michael Stettler (Berner Chronik 1620–1622);michael\s+stettler;Zurich 1576, fol. 58. 23 Bullinger (wie Anm. 16), Ms. A 14, fol. 27. 24 Michael Stettler: Schweitzer Chronic, Bd. l, Bern 1627, 127-169. 25 Jakob Lauffer: Genaue
/Users/programming/PycharmProjects/Find_Bibliography_NEw/data/azk_library/stettler-bernhard__8.pdf;20;work;Simler (Josias Simler, De Helvetiorum republica / Republika Helvetiorum);josias\s+simler;Kulturgeschichte von Luzern und der lnnerschweiz 4), Luzern 1969, 38 f. 22 Josias Simler: De republica Helvetiorum libri duo, Zurich 1576, fol. 58. 23 Bullinger
/Users/programming/PycharmProjects/Find_Bibliography_NEw/data/azk_library/stettler-bernhard__8.pdf;20;work;Simler (Josias Simler, De Helvetiorum republica / Republika Helvetiorum);\bsimler\b;Kulturgeschichte von Luzern und der lnnerschweiz 4), Luzern 1969, 38 f. 22 Josias Simler: De republica Helvetiorum libri duo, Zurich 1576, fol. 58. 23 Bullinger (wie
/Users/programming/PycharmProjects/Find_Bibliography_NEw/data/azk_library/stettler-bernhard__8.pdf;20;work;Simler (Josias Simler, De Helvetiorum republica / Republika Helvetiorum);repub(?:lica|lica)\s+helvetiorum;Luzern und der lnnerschweiz 4), Luzern 1969, 38 f. 22 Josias Simler: De republica Helvetiorum libri duo, Zurich 1576, fol. 58. 23 Bullinger (wie Anm. 16), Ms. A 14
/Users/programming/PycharmProjects/Find_Bibliography_NEw/data/azk_library/michael-jucker__9.pdf;3;work;Kopp (Joseph Eutych Kopp, Geschichte der Eidgenossen);\bkopp\b;strukturellen Grundgefuge stark an volkerrechtliche Kongresse der Neuzeit, wie bereits Max Kopp festgestellt hat.9 Im folgenden geht es mir um die Frage, welche Auswirkungen
/Users/programming/PycharmProjects/Find_Bibliography_NEw/data/azk_library/michael-jucker__9.pdf;9;work;Etterlin (Petermann Etterlin, Kronika);\betterlin\b;Stadtschreiber Luzerns zu einem neuen Produkt fuhrten. Die Luzerner Schreiber Egloff Etterlin und sein Nachfolger Johannes alias Dietrich Sachs waren auf dem diplomatischen
/Users/programming/PycharmProjects/Find_Bibliography_NEw/data/azk_library/michael-jucker__9.pdf;10;work;Etterlin (Petermann Etterlin, Kronika);\betterlin\b;vermuten. Insbesondere die diplomatischen Reisen des Luzerner Stadtschreibers Etterlin wahrend des Kriegs waren ausschlaggebend fur das Entstehen der Abschiede in
/Users/programming/PycharmProjects/Find_Bibliography_NEw/data/azk_library/michael-jucker__9.pdf;11;work;Tschudi (Aegidius/Gilg Tschudi, Chronicon Helveticum);\btschudi\b;"Vgl. die vorzuglichen und detaillierten Einleitungen von Bernhard Stettier in:Tschudi,Bde. 10-12; nun auch Ders.: Die Eidgenossenschaft im 15. Jahrhundert. Die Suche"
/Users/programming/PycharmProjects/Find_Bibliography_NEw/data/azk_library/michael-jucker__9.pdf;11;work;Kopp (Joseph Eutych Kopp, Geschichte der Eidgenossen);\bkopp\b;Beihefte zu J. F. Bohmer, Regesta Imperii), Koln/Weimar/Wien 2006 (im Druck). 9 Max Kopp: Die Geltung des Mehrheitsprinzips in eidgenossischen Angelegenheiten vom 13.
/Users/programming/PycharmProjects/Find_Bibliography_NEw/data/azk_library/michael-jucker__9.pdf;12;work;Fründ (Hans Fründ);\bfr[üu]nd\b;Einflusse hin, Segesser belegt dies allerdings nur aus der Chronistik von Tschudi und Frund. Nun auch aktenmassig bezeugt: Deutsche Reichstagsakten unter Kaiser Friedrich
/Users/programming/PycharmProjects/Find_Bibliography_NEw/data/azk_library/michael-jucker__9.pdf;12;work;Tschudi (Aegidius/Gilg Tschudi, Chronicon Helveticum);\btschudi\b;solche Einflusse hin, Segesser belegt dies allerdings nur aus der Chronistik von Tschudi und Frund. Nun auch aktenmassig bezeugt: Deutsche Reichstagsakten unter Kaiser
/Users/programming/PycharmProjects/Find_Bibliography_NEw/data/azk_library/niederhauser-peter__4.pdf;2;work;Stumpf (Johannes Stumpf, Schweizerchronik);johannes\s+stumpf;und gemeinen nutz hoch beschwart.» Unverbliimt wies der Ziircher Chronist Johannes Stumpf in der Mitte des 16. Jahrhunderts auf das Schicksal Winterthurs im Alten
/Users/programming/PycharmProjects/Find_Bibliography_NEw/data/azk_library/niederhauser-peter__4.pdf;7;work;Schilling (ungenau);\bschilling\b;aus Uerschhausen), von Eiern, Schmalz und Salz, Spezereien (fiir 2 1/2 Pfund 2 Schilling von Elli Spenglerin), vor allem aber von Wein. Der Altschultheiss etwa lieferte
/Users/programming/PycharmProjects/Find_Bibliography_NEw/data/azk_library/niederhauser-peter__4.pdf;8;work;Tschachtlan (Benedikt Tschachtlan);\btschachtlan\b;"der Truppen des Freiherrn von Raron gerieten. (Berner Chronik des Bendicht Tschachtlan, 1470; Handschrift A 120 der Zentralbibliothek Ziirich, Faksimile-Ausgabe"
/Users/programming/PycharmProjects/Find_Bibliography_NEw/data/azk_library/niederhauser-peter__4.pdf;8;work;Berner Chronik (allgemein);\bberner\s+chronik\b;"Letzi in einen Hinterhalt der Truppen des Freiherrn von Raron gerieten. (Berner Chronik des Bendicht Tschachtlan, 1470; Handschrift A 120 der Zentralbibliothek Ziirich"
/Users/programming/PycharmProjects/Find_Bibliography_NEw/data/azk_library/niederhauser-peter__4.pdf;14;work;Stumpf (Johannes Stumpf, Schweizerchronik);johannes\s+stumpf;. Ich danke Christian Sieber fiir die kritische Durchsicht des Textes. 2 Johannes Stumpf: Gemeiner loblicher Eydgnoschafft Stetten, Landen und Velckeren Chronick
/Users/programming/PycharmProjects/Find_Bibliography_NEw/data/azk_library/niederhauser-peter__4.pdf;14;work;Tschudi (Aegidius/Gilg Tschudi, Chronicon Helveticum);\btschudi\b;"Mittelalters, Marburg a. d. L. 1991, 111-129; Einleitung von Bernhard Stettler: in: Tschudi, Bd. 11; kiinftig auch Peter Niederhiduser: «Damit si bei dem haus Osterreich"
/Users/programming/PycharmProjects/Find_Bibliography_NEw/data/azk_library/niederhauser-peter__4.pdf;14;work;Tschudi (Aegidius/Gilg Tschudi, Chronicon Helveticum);\btschudi\b;"Kloster Kappel, Thommen, Bd. 4, Nr. 15. VIII; Privilegienbestatigung fiir Uri, Tschudi, Bd. 11, 47 ff. 12 Hilfsforderung: StAW, Urkunde Nr. 799; Verhandlungen: URStAZ"
/Users/programming/PycharmProjects/Find_Bibliography_NEw/data/azk_library/niederhauser-peter__4.pdf;14;work;Klingenberger/Rapperswiler Chronik (Eberhard Wüest, ed.);klingenberger\s+chronik;"zu J. F Bohmer, Regesta Imperii), K6ln/Weimar/Wien 2006 (im Druck). 11 Klingenberger Chronik, 289 f; Urkundenausstellungen in Winterthur: Lehensbestatigung fiir Kaspar"
/Users/programming/PycharmProjects/Find_Bibliography_NEw/data/azk_library/niederhauser-peter__4.pdf;15;work;Klingenberger/Rapperswiler Chronik (Eberhard Wüest, ed.);klingenberger\s+chronik;Quellenedition von Peter Niederhduser im vorliegenden Band. 18 Siehe Anm. 2. 19 Klingenberger Chronik, 260,271 und 274. Vg]. auch die Diskussion tiber die Pliinderungen, abgedruckt
/Users/programming/PycharmProjects/Find_Bibliography_NEw/data/azk_library/niederhauser-peter__4.pdf;15;work;Klingenberger/Rapperswiler Chronik (Eberhard Wüest, ed.);klingenberger\s+chronik;"4278 und 4295; EA, Bd. 2, Nr. 235 und 237, URStAZ, Bd. 6, Nr. 8662. 20 Klingenberger Chronik, 305 und 345. Vel. auch: URStAZ, Bd. 6, Nr. 8917; Bosshart (wie Anm."
/Users/programming/PycharmProjects/Find_Bibliography_NEw/data/azk_library/niederhauser-peter__4.pdf;15;work;Klingenberger/Rapperswiler Chronik (Eberhard Wüest, ed.);klingenberger\s+chronik;"Winterthurer Sicht siehe Hauser, in: Bosshart (wie Anm. 3), 354 ff. 22 Klingenberger Chronik, 300, 329 f., 334, 345 und 348; auch URStAZ, Bd. 6, Nr. 9001, 9037 und"
/Users/programming/PycharmProjects/Find_Bibliography_NEw/data/azk_library/niederhauser-peter__4.pdf;15;work;Klingenberger/Rapperswiler Chronik (Eberhard Wüest, ed.);klingenberger\s+chronik;Urkunde Nr. 846. Vgl. auch Hauser, in: Bosshart (wie Anm. 3), 357 f. 32 Klingenberger Chronik, 345. 33 StAW, B 4/1, Nr. 6. 34 URStAZ, Bd.6, Nr.8078 (Aarburg), 8321
/Users/programming/PycharmProjects/Find_Bibliography_NEw/data/azk_library/niederhauser-peter__4.pdf;16;work;Tschudi (Aegidius/Gilg Tschudi, Chronicon Helveticum);\btschudi\b;"Mittelalter (Vortraige und Forschungen 49), Stuttgart 2002, 233-273. 47 Vel. Tschudi, Bd. 13, 17*-95*; Bernhard Stettler: Die Eidgenossenschaft im 15. Jahrhundert"
/Users/programming/PycharmProjects/Find_Bibliography_NEw/data/azk_library/konstantin-m-langmaier__28.pdf;5;work;Fründ (Hans Fründ);hans\s+fr[üu]nd;"Opitz u. a. (= Clio Lucernensis, Bd. 2), Zurich 1993, S. 309; Die Chronik des Hans Frund, Landschreiber zu Schwytz, hrsg. von Christian Immanuel Kind, Chur 1875, S"
/Users/programming/PycharmProjects/Find_Bibliography_NEw/data/azk_library/konstantin-m-langmaier__28.pdf;5;work;Fründ (Hans Fründ);hans\s+fr[üu]nd;"als die Eroberung der Stadt Zurich befurch tet wurde; vgl. Die Chronik des Hans Frund, Landschreiber zu Schwytz, hrsg. von Christian Immanuel Kind, Chur 1875, S"
/Users/programming/PycharmProjects/Find_Bibliography_NEw/data/azk_library/konstantin-m-langmaier__28.pdf;5;work;Fründ (Hans Fründ);hans\s+fr[üu]nd;"Idiotikon, Bd. 3 (1895), Sp. 6. 71 Vgl. URZ, Bd. 6 (wie Anm. 50), Nr. 8965, 8966; Hans Frund, Chronik (wie Anm. 57), S. 158 72 Der Bruder des Konstanzer Bischofs Heinrichs"
/Users/programming/PycharmProjects/Find_Bibliography_NEw/data/azk_library/konstantin-m-langmaier__28.pdf;5;work;Fründ (Hans Fründ);\bfr[üu]nd\b;"Opitz u. a. (= Clio Lucernensis, Bd. 2), Zurich 1993, S. 309; Die Chronik des Hans Frund, Landschreiber zu Schwytz, hrsg. von Christian Immanuel Kind, Chur 1875, S. 163"
/Users/programming/PycharmProjects/Find_Bibliography_NEw/data/azk_library/konstantin-m-langmaier__28.pdf;5;work;Fründ (Hans Fründ);\bfr[üu]nd\b;"als die Eroberung der Stadt Zurich befurch tet wurde; vgl. Die Chronik des Hans Frund, Landschreiber zu Schwytz, hrsg. von Christian Immanuel Kind, Chur 1875, S. 154"
/Users/programming/PycharmProjects/Find_Bibliography_NEw/data/azk_library/konstantin-m-langmaier__28.pdf;5;work;Fründ (Hans Fründ);\bfr[üu]nd\b;"Idiotikon, Bd. 3 (1895), Sp. 6. 71 Vgl. URZ, Bd. 6 (wie Anm. 50), Nr. 8965, 8966; Hans Frund, Chronik (wie Anm. 57), S. 158 72 Der Bruder des Konstanzer Bischofs Heinrichs"
/Users/programming/PycharmProjects/Find_Bibliography_NEw/data/azk_library/konstantin-m-langmaier__28.pdf;5;work;Fründ (Hans Fründ);chronik\s+des\s+hans\s+fr[üu]nd;"Claudia Opitz u. a. (= Clio Lucernensis, Bd. 2), Zurich 1993, S. 309; Die Chronik des Hans Frund, Landschreiber zu Schwytz, hrsg. von Christian Immanuel Kind, Chur 1875"
/Users/programming/PycharmProjects/Find_Bibliography_NEw/data/azk_library/konstantin-m-langmaier__28.pdf;5;work;Fründ (Hans Fründ);chronik\s+des\s+hans\s+fr[üu]nd;"1443, als die Eroberung der Stadt Zurich befurch tet wurde; vgl. Die Chronik des Hans Frund, Landschreiber zu Schwytz, hrsg. von Christian Immanuel Kind, Chur 1875"
/Users/programming/PycharmProjects/Find_Bibliography_NEw/data/azk_library/konstantin-m-langmaier__28.pdf;5;work;Tschudi (Aegidius/Gilg Tschudi, Chronicon Helveticum);aegidi(?:us)?\s+tschudi;46 Derartige Grenzen des Handelns fielen umso mehr bei einer Ade 44 Vgl. Aegidius Tschudi, Chronicon Helveticum, bearb. von Bernhard Stettler (= Quel len zur Schweizer
/Users/programming/PycharmProjects/Find_Bibliography_NEw/data/azk_library/konstantin-m-langmaier__28.pdf;5;work;Tschudi (Aegidius/Gilg Tschudi, Chronicon Helveticum);aegidi(?:us)?\s+tschudi;"S. 158 72 Der Bruder des Konstanzer Bischofs Heinrichs von Hewen; vgl. Aegidius Tschudi, Chronicon Helveticum, Teil 11, bearb. von Bernhard Stettler (= Quellen"
/Users/programming/PycharmProjects/Find_Bibliography_NEw/data/azk_library/konstantin-m-langmaier__28.pdf;5;work;Tschudi (Aegidius/Gilg Tschudi, Chronicon Helveticum);aegidi(?:us)?\s+tschudi;"S. 315 (1412; Neumarkt 61; vacat; identisch?). 74 Bleibt zu klaren; vgl. Aegidius Tschudi, Chronicon Helveticum, Teil 11, S. 196; Re gesten zur Geschichte der Bischofe"
/Users/programming/PycharmProjects/Find_Bibliography_NEw/data/azk_library/konstantin-m-langmaier__28.pdf;5;work;Tschudi (Aegidius/Gilg Tschudi, Chronicon Helveticum);\btschudi\b;Derartige Grenzen des Handelns fielen umso mehr bei einer Ade 44 Vgl. Aegidius Tschudi, Chronicon Helveticum, bearb. von Bernhard Stettler (= Quel len zur Schweizer
/Users/programming/PycharmProjects/Find_Bibliography_NEw/data/azk_library/konstantin-m-langmaier__28.pdf;5;work;Tschudi (Aegidius/Gilg Tschudi, Chronicon Helveticum);\btschudi\b;"158 72 Der Bruder des Konstanzer Bischofs Heinrichs von Hewen; vgl. Aegidius Tschudi, Chronicon Helveticum, Teil 11, bearb. von Bernhard Stettler (= Quellen zur"
/Users/programming/PycharmProjects/Find_Bibliography_NEw/data/azk_library/konstantin-m-langmaier__28.pdf;5;work;Tschudi (Aegidius/Gilg Tschudi, Chronicon Helveticum);\btschudi\b;"315 (1412; Neumarkt 61; vacat; identisch?). 74 Bleibt zu klaren; vgl. Aegidius Tschudi, Chronicon Helveticum, Teil 11, S. 196; Re gesten zur Geschichte der Bischofe"
/Users/programming/PycharmProjects/Find_Bibliography_NEw/data/azk_library/konstantin-m-langmaier__28.pdf;5;work;Tschudi (Aegidius/Gilg Tschudi, Chronicon Helveticum);chronicon\s+helveticum;des Handelns fielen umso mehr bei einer Ade 44 Vgl. Aegidius Tschudi, Chronicon Helveticum, bearb. von Bernhard Stettler (= Quel len zur Schweizer Geschichte, N
/Users/programming/PycharmProjects/Find_Bibliography_NEw/data/azk_library/konstantin-m-langmaier__28.pdf;5;work;Tschudi (Aegidius/Gilg Tschudi, Chronicon Helveticum);chronicon\s+helveticum;"Bruder des Konstanzer Bischofs Heinrichs von Hewen; vgl. Aegidius Tschudi, Chronicon Helveticum, Teil 11, bearb. von Bernhard Stettler (= Quellen zur Schwei zer Geschichte"
/Users/programming/PycharmProjects/Find_Bibliography_NEw/data/azk_library/konstantin-m-langmaier__28.pdf;5;work;Tschudi (Aegidius/Gilg Tschudi, Chronicon Helveticum);chronicon\s+helveticum;"Neumarkt 61; vacat; identisch?). 74 Bleibt zu klaren; vgl. Aegidius Tschudi, Chronicon Helveticum, Teil 11, S. 196; Re gesten zur Geschichte der Bischofe von Constanz,"
/Users/programming/PycharmProjects/Find_Bibliography_NEw/data/azk_library/konstantin-m-langmaier__28.pdf;5;work;Klingenberger/Rapperswiler Chronik (Eberhard Wüest, ed.);klingenberger\s+chronik;von Konstanz und vom Abt von Einsiedeln vermittelt worden. Vgl. die sog. Klingenberger Chronik des Eberhard Wust, Stadt schreiber von Rapperswil, bearb. von Bernhard
/Users/programming/PycharmProjects/Find_Bibliography_NEw/data/azk_library/konstantin-m-langmaier__28.pdf;8;work;Fründ (Hans Fründ);hans\s+fr[üu]nd;"Opitz u. a. (= Clio Lucernensis, Bd. 2), Zurich 1993, S. 309; Die Chronik des Hans Frund, Landschreiber zu Schwytz, hrsg. von Christian Immanuel Kind, Chur 1875, S"
/Users/programming/PycharmProjects/Find_Bibliography_NEw/data/azk_library/konstantin-m-langmaier__28.pdf;8;work;Fründ (Hans Fründ);\bfr[üu]nd\b;"Opitz u. a. (= Clio Lucernensis, Bd. 2), Zurich 1993, S. 309; Die Chronik des Hans Frund, Landschreiber zu Schwytz, hrsg. von Christian Immanuel Kind, Chur 1875, S. 163"
/Users/programming/PycharmProjects/Find_Bibliography_NEw/data/azk_library/konstantin-m-langmaier__28.pdf;8;work;Fründ (Hans Fründ);chronik\s+des\s+hans\s+fr[üu]nd;"Claudia Opitz u. a. (= Clio Lucernensis, Bd. 2), Zurich 1993, S. 309; Die Chronik des Hans Frund, Landschreiber zu Schwytz, hrsg. von Christian Immanuel Kind, Chur 1875"
/Users/programming/PycharmProjects/Find_Bibliography_NEw/data/azk_library/konstantin-m-langmaier__28.pdf;12;work;Tschudi (Aegidius/Gilg Tschudi, Chronicon Helveticum);aegidi(?:us)?\s+tschudi;46 Derartige Grenzen des Handelns fielen umso mehr bei einer Ade 44 Vgl. Aegidius Tschudi, Chronicon Helveticum, bearb. von Bernhard Stettler (= Quel len zur Schweizer
/Users/programming/PycharmProjects/Find_Bibliography_NEw/data/azk_library/konstantin-m-langmaier__28.pdf;12;work;Tschudi (Aegidius/Gilg Tschudi, Chronicon Helveticum);\btschudi\b;Derartige Grenzen des Handelns fielen umso mehr bei einer Ade 44 Vgl. Aegidius Tschudi, Chronicon Helveticum, bearb. von Bernhard Stettler (= Quel len zur Schweizer
/Users/programming/PycharmProjects/Find_Bibliography_NEw/data/azk_library/konstantin-m-langmaier__28.pdf;12;work;Tschudi (Aegidius/Gilg Tschudi, Chronicon Helveticum);chronicon\s+helveticum;des Handelns fielen umso mehr bei einer Ade 44 Vgl. Aegidius Tschudi, Chronicon Helveticum, bearb. von Bernhard Stettler (= Quel len zur Schweizer Geschichte, N
/Users/programming/PycharmProjects/Find_Bibliography_NEw/data/azk_library/konstantin-m-langmaier__28.pdf;20;work;Klingenberger/Rapperswiler Chronik (Eberhard Wüest, ed.);klingenberger\s+chronik;von Konstanz und vom Abt von Einsiedeln vermittelt worden. Vgl. die sog. Klingenberger Chronik des Eberhard Wust, Stadt schreiber von Rapperswil, bearb. von Bernhard
/Users/programming/PycharmProjects/Find_Bibliography_NEw/data/azk_library/konstantin-m-langmaier__28.pdf;21;work;Fründ (Hans Fründ);hans\s+fr[üu]nd;"als die Eroberung der Stadt Zurich befurch tet wurde; vgl. Die Chronik des Hans Frund, Landschreiber zu Schwytz, hrsg. von Christian Immanuel Kind, Chur 1875, S"
/Users/programming/PycharmProjects/Find_Bibliography_NEw/data/azk_library/konstantin-m-langmaier__28.pdf;21;work;Fründ (Hans Fründ);\bfr[üu]nd\b;"als die Eroberung der Stadt Zurich befurch tet wurde; vgl. Die Chronik des Hans Frund, Landschreiber zu Schwytz, hrsg. von Christian Immanuel Kind, Chur 1875, S. 154"
/Users/programming/PycharmProjects/Find_Bibliography_NEw/data/azk_library/konstantin-m-langmaier__28.pdf;21;work;Fründ (Hans Fründ);chronik\s+des\s+hans\s+fr[üu]nd;"1443, als die Eroberung der Stadt Zurich befurch tet wurde; vgl. Die Chronik des Hans Frund, Landschreiber zu Schwytz, hrsg. von Christian Immanuel Kind, Chur 1875"
/Users/programming/PycharmProjects/Find_Bibliography_NEw/data/azk_library/konstantin-m-langmaier__28.pdf;22;work;Fründ (Hans Fründ);hans\s+fr[üu]nd;"Idiotikon, Bd. 3 (1895), Sp. 6. 71 Vgl. URZ, Bd. 6 (wie Anm. 50), Nr. 8965, 8966; Hans Frund, Chronik (wie Anm. 57), S. 158 72 Der Bruder des Konstanzer Bischofs Heinrichs"
/Users/programming/PycharmProjects/Find_Bibliography_NEw/data/azk_library/konstantin-m-langmaier__28.pdf;22;work;Fründ (Hans Fründ);\bfr[üu]nd\b;"Idiotikon, Bd. 3 (1895), Sp. 6. 71 Vgl. URZ, Bd. 6 (wie Anm. 50), Nr. 8965, 8966; Hans Frund, Chronik (wie Anm. 57), S. 158 72 Der Bruder des Konstanzer Bischofs Heinrichs"
/Users/programming/PycharmProjects/Find_Bibliography_NEw/data/azk_library/konstantin-m-langmaier__28.pdf;22;work;Tschudi (Aegidius/Gilg Tschudi, Chronicon Helveticum);aegidi(?:us)?\s+tschudi;"S. 158 72 Der Bruder des Konstanzer Bischofs Heinrichs von Hewen; vgl. Aegidius Tschudi, Chronicon Helveticum, Teil 11, bearb. von Bernhard Stettler (= Quellen"
/Users/programming/PycharmProjects/Find_Bibliography_NEw/data/azk_library/konstantin-m-langmaier__28.pdf;22;work;Tschudi (Aegidius/Gilg Tschudi, Chronicon Helveticum);aegidi(?:us)?\s+tschudi;"S. 315 (1412; Neumarkt 61; vacat; identisch?). 74 Bleibt zu klaren; vgl. Aegidius Tschudi, Chronicon Helveticum, Teil 11, S. 196; Re gesten zur Geschichte der Bischofe"
/Users/programming/PycharmProjects/Find_Bibliography_NEw/data/azk_library/konstantin-m-langmaier__28.pdf;22;work;Tschudi (Aegidius/Gilg Tschudi, Chronicon Helveticum);\btschudi\b;"158 72 Der Bruder des Konstanzer Bischofs Heinrichs von Hewen; vgl. Aegidius Tschudi, Chronicon Helveticum, Teil 11, bearb. von Bernhard Stettler (= Quellen zur"
/Users/programming/PycharmProjects/Find_Bibliography_NEw/data/azk_library/konstantin-m-langmaier__28.pdf;22;work;Tschudi (Aegidius/Gilg Tschudi, Chronicon Helveticum);\btschudi\b;"315 (1412; Neumarkt 61; vacat; identisch?). 74 Bleibt zu klaren; vgl. Aegidius Tschudi, Chronicon Helveticum, Teil 11, S. 196; Re gesten zur Geschichte der Bischofe"
/Users/programming/PycharmProjects/Find_Bibliography_NEw/data/azk_library/konstantin-m-langmaier__28.pdf;22;work;Tschudi (Aegidius/Gilg Tschudi, Chronicon Helveticum);chronicon\s+helveticum;"Bruder des Konstanzer Bischofs Heinrichs von Hewen; vgl. Aegidius Tschudi, Chronicon Helveticum, Teil 11, bearb. von Bernhard Stettler (= Quellen zur Schwei zer Geschichte"
/Users/programming/PycharmProjects/Find_Bibliography_NEw/data/azk_library/konstantin-m-langmaier__28.pdf;22;work;Tschudi (Aegidius/Gilg Tschudi, Chronicon Helveticum);chronicon\s+helveticum;"Neumarkt 61; vacat; identisch?). 74 Bleibt zu klaren; vgl. Aegidius Tschudi, Chronicon Helveticum, Teil 11, S. 196; Re gesten zur Geschichte der Bischofe von Constanz,"
/Users/programming/PycharmProjects/Find_Bibliography_NEw/data/azk_library/Langmaier-konstantin__26.pdf;1;work;Hemmerlin (Felix Hemmerlin/Malleolus);felix\s+hemmerlin;"von Helena Muller und Erika Egner Eid, Zurich 2017. Vgl. Balthasar REBER, Felix Hemmerlin von Zurich, Zurich 1846; Hermann WALSER, Meister Hemmerli und seine Zeit"
/Users/programming/PycharmProjects/Find_Bibliography_NEw/data/azk_library/Langmaier-konstantin__26.pdf;1;work;Hemmerlin (Felix Hemmerlin/Malleolus);felix\s+hemmerlin;"Meister Hemmerli und seine Zeit 1388–1458, Zurich 1940; Friedrich FIALA, Dr. Felix Hemmerlin als Propst des St. Ursenstifts zu Solothurn, Ein Beitrag zur schweizerischen"
/Users/programming/PycharmProjects/Find_Bibliography_NEw/data/azk_library/Langmaier-konstantin__26.pdf;1;work;Hemmerlin (Felix Hemmerlin/Malleolus);\bhemmerlin\b;"Helena Muller und Erika Egner Eid, Zurich 2017. Vgl. Balthasar REBER, Felix Hemmerlin von Zurich, Zurich 1846; Hermann WALSER, Meister Hemmerli und seine Zeit 1388"
/Users/programming/PycharmProjects/Find_Bibliography_NEw/data/azk_library/Langmaier-konstantin__26.pdf;1;work;Hemmerlin (Felix Hemmerlin/Malleolus);\bhemmerlin\b;"Meister Hemmerli und seine Zeit 1388–1458, Zurich 1940; Friedrich FIALA, Dr. Felix Hemmerlin als Propst des St. Ursenstifts zu Solothurn, Ein Beitrag zur schweizerischen"
/Users/programming/PycharmProjects/Find_Bibliography_NEw/data/azk_library/Langmaier-konstantin__26.pdf;1;work;Hemmerlin (Felix Hemmerlin/Malleolus);de\s+nobilitate\s+et\s+rusticitate;Felix Hemmerli und der Dialog uber den Adel und den Bauern (De nobilitate et rusticitate dialogus) Seine Bedeutung fur die Erforschung der Mentalitat des Adels im
/Users/programming/PycharmProjects/Find_Bibliography_NEw/data/azk_library/Langmaier-konstantin__26.pdf;3;work;Hemmerlin (Felix Hemmerlin/Malleolus);de\s+nobilitate\s+et\s+rusticitate;"utinam bene gestis, hg. von Konrad ORELLI, Zurich 1737; Felix HEMMERLI, De nobilitate et rusticitate dialogus et alia opuscula, hg. von Sebastian BRANT, Straßburg, um"
/Users/programming/PycharmProjects/Find_Bibliography_NEw/data/azk_library/Langmaier-konstantin__26.pdf;13;work;Hemmerlin (Felix Hemmerlin/Malleolus);de\s+nobilitate\s+et\s+rusticitate;Bewertung des Zwiegesprachs „uber den Adel und den Bauernstand“52 (De nobilitate et rusticitate dialogus), einem Zeugnis des oben beschriebenen Umbruchs, im Hinterkopf
/Users/programming/PycharmProjects/Find_Bibliography_NEw/data/azk_library/Langmaier-konstantin__26.pdf;17;work;Hemmerlin (Felix Hemmerlin/Malleolus);felix\s+hemmerlin;uber die Bildung des Bauern auf subtile Weise lustig. Vgl. Hendrik MULLER, Felix Hemmerlins „Liber de nobilitate“, Ein Beitrag zur Vergil-Rezeption des 15. Jahrhunderts
/Users/programming/PycharmProjects/Find_Bibliography_NEw/data/azk_library/Langmaier-konstantin__26.pdf;41;work;Klingenberger/Rapperswiler Chronik (Eberhard Wüest, ed.);klingenberger\s+chronik;"schweizerische Geschichte N.F. 3 (1872) S. 235–240, hier S. 238; Die sog. Klingenberger Chronik des Eberhard Wust, Stadtschreiber von Rapperswil, bearb. von Bernhard"
/Users/programming/PycharmProjects/Find_Bibliography_NEw/data/azk_library/Langmaier-konstantin__26.pdf;42;work;Fründ (Hans Fründ);hans\s+fr[üu]nd;Bluttat von Greifensee, die auch der Chronist Hans Frund193 als Kriegsverbrechen der Eidgenossen an einfachen und unschuldigen Bauern beschreibt, sei der Inbegriff
/Users/programming/PycharmProjects/Find_Bibliography_NEw/data/azk_library/Langmaier-konstantin__26.pdf;42;work;Fründ (Hans Fründ);hans\s+fr[üu]nd;Leib Christi“ einfach zerteilte195. Ohne es theologisch 193 Die Chronik des Hans Frund, Landschreiber zu Schwytz, hg. von Christian Immanuel KIND, Chur 1875, S. 192
/Users/programming/PycharmProjects/Find_Bibliography_NEw/data/azk_library/Langmaier-konstantin__26.pdf;42;work;Fründ (Hans Fründ);\bfr[üu]nd\b;Leib Christi“ einfach zerteilte195. Ohne es theologisch 193 Die Chronik des Hans Frund, Landschreiber zu Schwytz, hg. von Christian Immanuel KIND, Chur 1875, S. 192
/Users/programming/PycharmProjects/Find_Bibliography_NEw/data/azk_library/Langmaier-konstantin__26.pdf;42;work;Fründ (Hans Fründ);chronik\s+des\s+hans\s+fr[üu]nd;den „Leib Christi“ einfach zerteilte195. Ohne es theologisch 193 Die Chronik des Hans Frund, Landschreiber zu Schwytz, hg. von Christian Immanuel KIND, Chur 1875
/Users/programming/PycharmProjects/Find_Bibliography_NEw/data/azk_library/Langmaier-konstantin__26.pdf;42;work;Klingenberger/Rapperswiler Chronik (Eberhard Wüest, ed.);klingenberger\s+chronik;231/3328). Auch in den Chroniken sind die Ereignisse fassbar. Vgl. z. B. Klingenberger Chronik, hg. von Anton HENNE VON SARGANS, Gotha 1861, S. 341 (Fort- 62 Konstantin
/Users/programming/PycharmProjects/Find_Bibliography_NEw/data/azk_library/Langmaier-konstantin__26.pdf;43;work;Fründ (Hans Fründ);hans\s+fr[üu]nd;"direkt zuruckgreifen konnte. Vgl. FURBETH, Heilquellen (wie Anm. 4) S. 113. 199 Hans FRUND, Chronik (wie Anm. 193) S. 195; Die eidgenossischen Abschiede aus dem Zeitraume"
/Users/programming/PycharmProjects/Find_Bibliography_NEw/data/azk_library/Langmaier-konstantin__26.pdf;43;work;Fründ (Hans Fründ);\bfr[üu]nd\b;"zuruckgreifen konnte. Vgl. FURBETH, Heilquellen (wie Anm. 4) S. 113. 199 Hans FRUND, Chronik (wie Anm. 193) S. 195; Die eidgenossischen Abschiede aus dem Zeitraume"
/Users/programming/PycharmProjects/Find_Bibliography_NEw/data/azk_library/Langmaier-konstantin__26.pdf;43;work;Klingenberger/Rapperswiler Chronik (Eberhard Wüest, ed.);klingenberger\s+chronik;"unglaubwurdig hingestellt wurde199, aber setzung der Chronik); Die sog. Klingenberger Chronik des Eberhard Wust, ed. STETTLER (wie Anm. 191) S. 323. 196 Wichtig: KAMBER"
/Users/programming/PycharmProjects/Find_Bibliography_NEw/data/azk_library/Langmaier-konstantin__26.pdf;44;work;Zürcher Stadtchronik (allgemein);chronik\s+der\s+stadt\s+z[üu]rich;"schmechen; CHMEL, Kleinere historische Mitteilungen (wie Anm. 191) S. 479; Chronik der Stadt Zurich: mit Fortsetzungen, hg. von Johannes DIERAUER, Basel 1900, S. 214; Valentin"
/Users/programming/PycharmProjects/Find_Bibliography_NEw/data/azk_library/niederhauser-peter__7.pdf;4;work;Klingenberger/Rapperswiler Chronik (Eberhard Wüest, ed.);klingenberger\s+chronik;"Nr. 817 und 840 (1444, Zitat). 8 Zu diesem Kriegszug Friind, 219-221; Klingenberger Chronik, 344 f; Die Chronik des Laurencius Bosshart von Winterthur 1185-1532"
/Users/programming/PycharmProjects/Find_Bibliography_NEw/data/azk_library/niederhauser-peter__7.pdf;15;work;Tschudi (Aegidius/Gilg Tschudi, Chronicon Helveticum);\btschudi\b;Giinzburg (Markgrafschaft Burgau, dstlich von Ulm). 84 Zeasingen (Elsass), vgl. Tschudi, Bd. 11, 251. 85 Schlitten. 194
/Users/programming/PycharmProjects/Find_Bibliography_NEw/data/azk_library/niederhauser-peter__7.pdf;27;work;Klingenberger/Rapperswiler Chronik (Eberhard Wüest, ed.);klingenberger\s+chronik;168 Ist damit der Angriff auf Wil (SG) von Ende Januar gemeint? Vgl. Klingenberger Chronik, 345. 169 Hans von Bodman, 1445 Hauptmann des Jergenschilds. 170 25.
/Users/programming/PycharmProjects/Find_Bibliography_NEw/data/azk_library/sieber-christian__11.pdf;2;work;Schilling (ungenau);\bschilling\b;zugestimmt und der Bevelkerung von Freienbach erlaubt, sich gegen einen Lohn von 5 Schilling pro Leiche, dem damals tiblichen Totengrabertarif, an der Arbeit zu beteiligen
/Users/programming/PycharmProjects/Find_Bibliography_NEw/data/azk_library/sieber-christian__11.pdf;5;work;Bullinger (Heinrich Bullinger, historiographische Werke);heinrich\s+bullinger;menschliche Knochen auf, die man den Gefallenen von 1443 zuwies,” und auch Heinrich Bullinger sah 1512 als achtjahriger Knabe in der Nahe seiner Heimatstadt Bremgarten
/Users/programming/PycharmProjects/Find_Bibliography_NEw/data/azk_library/sieber-christian__11.pdf;5;work;Bullinger (Heinrich Bullinger, historiographische Werke);\bbullinger\b;menschliche Knochen auf, die man den Gefallenen von 1443 zuwies,” und auch Heinrich Bullinger sah 1512 als achtjahriger Knabe in der Nahe seiner Heimatstadt Bremgarten Holzkreuze
/Users/programming/PycharmProjects/Find_Bibliography_NEw/data/azk_library/sieber-christian__11.pdf;7;work;Edlibach (Gerold Edlibach, Zürcher Chronik);gerold\s+edlibach;ihren Kindern an der Hand, die um Gnade flehten, wie es der Ziircher Chronist Gerold Edlibach aufgrund von Augenzeugenberichten eindriicklich beschreibt. Am Schluss setzte
/Users/programming/PycharmProjects/Find_Bibliography_NEw/data/azk_library/sieber-christian__11.pdf;7;work;Edlibach (Gerold Edlibach, Zürcher Chronik);\bedlibach\b;Kindern an der Hand, die um Gnade flehten, wie es der Ziircher Chronist Gerold Edlibach aufgrund von Augenzeugenberichten eindriicklich beschreibt. Am Schluss setzte
/Users/programming/PycharmProjects/Find_Bibliography_NEw/data/azk_library/sieber-christian__11.pdf;8;work;Klingenberger/Rapperswiler Chronik (Eberhard Wüest, ed.);klingenberger\s+chronik;Eidgenossen nur noch die Tiirschlesser rauben k6ennen, heisst es in der Klingenberger Chronik tiberspitzt. Andernorts wurden Familien auseinandergerissen, wie es derselbe
/Users/programming/PycharmProjects/Find_Bibliography_NEw/data/azk_library/sieber-christian__11.pdf;9;work;Edlibach (Gerold Edlibach, Zürcher Chronik);\bedlibach\b;ausdriicklich als «byderb lit», die «sich mit den Eidgnossen bewartent». Nach Edlibach sollen die Griininger sogar dafiir verantwortlich gewesen sein, dass sich die
/Users/programming/PycharmProjects/Find_Bibliography_NEw/data/azk_library/sieber-christian__11.pdf;10;work;Klingenberger/Rapperswiler Chronik (Eberhard Wüest, ed.);klingenberger\s+chronik;und viele bereits auf die andere Seite der Limmat fliichteten. Laut der Klingenberger Chronik war die Stadt in jenem Moment so gefahrdet wie nie zuvor in ihrem Bestehen
/Users/programming/PycharmProjects/Find_Bibliography_NEw/data/azk_library/sieber-christian__11.pdf;14;work;Edlibach (Gerold Edlibach, Zürcher Chronik);gerold\s+edlibach;meren teil ir begrebte by der kilchen Uster habend». Spater liess Landvogt Gerold Edlibach eine neue Gedenkkapelle errrichten, und noch im Jahr 1543 erhielt Konrad
/Users/programming/PycharmProjects/Find_Bibliography_NEw/data/azk_library/sieber-christian__11.pdf;14;work;Edlibach (Gerold Edlibach, Zürcher Chronik);gerold\s+edlibach;Erinnerung an den Krieg wachgehalten: Der eben erwahnte Landvogt und Chronist Gerold Edlibach (1454-1530) kannte ihn 77
/Users/programming/PycharmProjects/Find_Bibliography_NEw/data/azk_library/sieber-christian__11.pdf;14;work;Edlibach (Gerold Edlibach, Zürcher Chronik);\bedlibach\b;teil ir begrebte by der kilchen Uster habend». Spater liess Landvogt Gerold Edlibach eine neue Gedenkkapelle errrichten, und noch im Jahr 1543 erhielt Konrad Huggenberg
/Users/programming/PycharmProjects/Find_Bibliography_NEw/data/azk_library/sieber-christian__11.pdf;14;work;Edlibach (Gerold Edlibach, Zürcher Chronik);\bedlibach\b;Erinnerung an den Krieg wachgehalten: Der eben erwahnte Landvogt und Chronist Gerold Edlibach (1454-1530) kannte ihn 77
/Users/programming/PycharmProjects/Find_Bibliography_NEw/data/azk_library/sieber-christian__11.pdf;15;work;Edlibach (Gerold Edlibach, Zürcher Chronik);\bedlibach\b;Vergessenheit, wenn sie nicht unterdessen verschriftlicht wurden, wie eben im Fall von Edlibach, Fabri und Bullinger. Heinrich Bullinger verdanken wir auch einige Kriegserinnerungen
/Users/programming/PycharmProjects/Find_Bibliography_NEw/data/azk_library/sieber-christian__11.pdf;15;work;Bullinger (Heinrich Bullinger, historiographische Werke);heinrich\s+bullinger;aufwuchs, blieb zeitlebens von seiner Kindheit im Krieg geprigt, und selbst Heinrich Bullinger (1504-1575) herte als junger Knabe aufmerksam seiner Grossmutter zu, die
/Users/programming/PycharmProjects/Find_Bibliography_NEw/data/azk_library/sieber-christian__11.pdf;15;work;Bullinger (Heinrich Bullinger, historiographische Werke);heinrich\s+bullinger;verschriftlicht wurden, wie eben im Fall von Edlibach, Fabri und Bullinger. Heinrich Bullinger verdanken wir auch einige Kriegserinnerungen aus anderen Ziircher Familien
/Users/programming/PycharmProjects/Find_Bibliography_NEw/data/azk_library/sieber-christian__11.pdf;15;work;Bullinger (Heinrich Bullinger, historiographische Werke);\bbullinger\b;blieb zeitlebens von seiner Kindheit im Krieg geprigt, und selbst Heinrich Bullinger (1504-1575) herte als junger Knabe aufmerksam seiner Grossmutter zu, die den
/Users/programming/PycharmProjects/Find_Bibliography_NEw/data/azk_library/sieber-christian__11.pdf;15;work;Bullinger (Heinrich Bullinger, historiographische Werke);\bbullinger\b;unterdessen verschriftlicht wurden, wie eben im Fall von Edlibach, Fabri und Bullinger. Heinrich Bullinger verdanken wir auch einige Kriegserinnerungen aus anderen
/Users/programming/PycharmProjects/Find_Bibliography_NEw/data/azk_library/sieber-christian__11.pdf;15;work;Bullinger (Heinrich Bullinger, historiographische Werke);\bbullinger\b;verschriftlicht wurden, wie eben im Fall von Edlibach, Fabri und Bullinger. Heinrich Bullinger verdanken wir auch einige Kriegserinnerungen aus anderen Ziircher Familien
/Users/programming/PycharmProjects/Find_Bibliography_NEw/data/azk_library/sieber-christian__11.pdf;16;work;Bullinger (Heinrich Bullinger, historiographische Werke);\bbullinger\b;Der reuige Eremit — Nikolaus von Fliie im Alten Ziirichkrieg Ein Nachtrag zum Bullinger-Jahr Robert Durrer (1867-1934), Staatsarchivar von Nidwalden, hat in seiner
/Users/programming/PycharmProjects/Find_Bibliography_NEw/data/azk_library/sieber-christian__11.pdf;17;work;Stumpf (Johannes Stumpf, Schweizerchronik);johannes\s+stumpf;Bullingers zur «Historia des allten tedtlichen sibenjarigen Ziirychkriegs» von Johannes Stumpf, von der Bullinger durch Rudolf Giider eine Abschrift herstellen liess,
/Users/programming/PycharmProjects/Find_Bibliography_NEw/data/azk_library/sieber-christian__11.pdf;17;work;Bullinger (Heinrich Bullinger, historiographische Werke);heinrich\s+bullinger;von Nikolaus von Fliie am Alten Ziirichkrieg und zu deren Interpretation. Heinrich Bullinger nun tiberliefert — was bisher tibersehen wurde — in seiner «Eidgendssischen
/Users/programming/PycharmProjects/Find_Bibliography_NEw/data/azk_library/sieber-christian__11.pdf;17;work;Bullinger (Heinrich Bullinger, historiographische Werke);\bbullinger\b;Nikolaus von Fliie am Alten Ziirichkrieg und zu deren Interpretation. Heinrich Bullinger nun tiberliefert — was bisher tibersehen wurde — in seiner «Eidgendssischen
/Users/programming/PycharmProjects/Find_Bibliography_NEw/data/azk_library/sieber-christian__11.pdf;17;work;Bullinger (Heinrich Bullinger, historiographische Werke);\bbullinger\b;des allten tedtlichen sibenjarigen Ziirychkriegs» von Johannes Stumpf, von der Bullinger durch Rudolf Giider eine Abschrift herstellen liess, die er dann in seine Materialsammlung
/Users/programming/PycharmProjects/Find_Bibliography_NEw/data/azk_library/sieber-christian__11.pdf;17;work;Bullinger (Heinrich Bullinger, historiographische Werke);\bbullinger\b;verzychung, dann er imm Ziirychkrieg zuo Cappell hatte gehulffen tibel huB halten.»*® Bullinger hatte also, mutmasslich wahrend seiner Zeit als Schulmeister im Kloster Kappel
/Users/programming/PycharmProjects/Find_Bibliography_NEw/data/azk_library/sieber-christian__11.pdf;18;work;Bullinger (Heinrich Bullinger, historiographische Werke);heinrich\s+bullinger;1550/60, Silber vergoldet (Durchmesser 42,9 mm), und Bildnismedaille von Heinrich Bullinger, 1566, Silber (Durchmesser 41,5 mm: Schweizerisches Landesmuseum Ziirich
/Users/programming/PycharmProjects/Find_Bibliography_NEw/data/azk_library/sieber-christian__11.pdf;18;work;Bullinger (Heinrich Bullinger, historiographische Werke);\bbullinger\b;60, Silber vergoldet (Durchmesser 42,9 mm), und Bildnismedaille von Heinrich Bullinger, 1566, Silber (Durchmesser 41,5 mm: Schweizerisches Landesmuseum Ziirich, LM
/Users/programming/PycharmProjects/Find_Bibliography_NEw/data/azk_library/sieber-christian__11.pdf;18;work;Bullinger (Heinrich Bullinger, historiographische Werke);\bbullinger\b;zeigte, die fiir die Eidgenossen ebenfalls ein potentielles Angriffsziel war.” Bullinger beschaftigte sich intensiv mit der Geschichte des Klosters Kappel und verfasste
/Users/programming/PycharmProjects/Find_Bibliography_NEw/data/azk_library/sieber-christian__11.pdf;18;work;Bullinger (Heinrich Bullinger, historiographische Werke);\bbullinger\b;Uberlieferungen und eigenen Beobachtungen zur Geschichte des Alten Ziirichkriegs, wie sie Bullinger als Historiker systematisch und sein Leben lang sammelte.” Als innerklesterliche
/Users/programming/PycharmProjects/Find_Bibliography_NEw/data/azk_library/sieber-christian__11.pdf;19;work;Stumpf (Johannes Stumpf, Schweizerchronik);johannes\s+stumpf;loblicher eydgnoschafft, ZBZ, Ms. A 14-15, hier Ms. A 14, fol. 328 v (nach Johannes Stumpf), und Ms. A 15, 51 (aus «alten Ziirych chroniken»), 107 f. (nach Hans Fiiessli
/Users/programming/PycharmProjects/Find_Bibliography_NEw/data/azk_library/sieber-christian__11.pdf;19;work;Tschudi (Aegidius/Gilg Tschudi, Chronicon Helveticum);\btschudi\b;"Zur Uberlieferung von Hans Friinds Darstellung des Alten Ziirichkriegs, in: Tschudi, Bd. 12, 122*-134*; Friind, 224: «ich han je nach und nach die sachen geschriben"
/Users/programming/PycharmProjects/Find_Bibliography_NEw/data/azk_library/sieber-christian__11.pdf;19;work;Bullinger (Heinrich Bullinger, historiographische Werke);heinrich\s+bullinger;"Niederhduser. 2 Friind, 251-256; URStAZ, Bd. 6, Nr. 9121 sowie Nr. 8098 (Banner); Heinrich Bullinger: Historia gemeiner loblicher eydgnoschafft, ZBZ, Ms. A 14-15, hier Ms."
/Users/programming/PycharmProjects/Find_Bibliography_NEw/data/azk_library/sieber-christian__11.pdf;19;work;Bullinger (Heinrich Bullinger, historiographische Werke);\bbullinger\b;Abt und 1531 in der Schlacht von Kappel gefallen, noch am Leben war.)” Wenn Bullinger die Nachricht spater nicht in seine Tigurinerchronik tibernahm, obwohl er dort
/Users/programming/PycharmProjects/Find_Bibliography_NEw/data/azk_library/sieber-christian__11.pdf;19;work;Bullinger (Heinrich Bullinger, historiographische Werke);\bbullinger\b;mit der Nachricht allenfalls meglich gewesen wire, lag weder im Interesse von Bullinger noch der Reformierten im allgemeinen. In der Bilanz kann deshalb festgehalten
/Users/programming/PycharmProjects/Find_Bibliography_NEw/data/azk_library/sieber-christian__11.pdf;19;work;Bullinger (Heinrich Bullinger, historiographische Werke);\bbullinger\b;Reformierten im allgemeinen. In der Bilanz kann deshalb festgehalten werden, dass Bullinger die Nachricht wohl zuverlassig, das heisst ohne Verfalschung durch die Optik
/Users/programming/PycharmProjects/Find_Bibliography_NEw/data/azk_library/sieber-christian__11.pdf;19;work;Bullinger (Heinrich Bullinger, historiographische Werke);\bbullinger\b;"2 Friind, 251-256; URStAZ, Bd. 6, Nr. 9121 sowie Nr. 8098 (Banner); Heinrich Bullinger: Historia gemeiner loblicher eydgnoschafft, ZBZ, Ms. A 14-15, hier Ms. A 14"
/Users/programming/PycharmProjects/Find_Bibliography_NEw/data/azk_library/sieber-christian__11.pdf;20;work;Hemmerlin (Felix Hemmerlin/Malleolus);felix\s+hemmerlin;"Einsiedeln, Cod. 628, einer Handschrift aus dem Kloster Rheinau); Balthasar Reber: Felix Hemmerlin von Ziirich, Ziirich 1846, 269 (St. Jakob nach Hemmerli: 151 Tote); Klingenberger"
/Users/programming/PycharmProjects/Find_Bibliography_NEw/data/azk_library/sieber-christian__11.pdf;20;work;Hemmerlin (Felix Hemmerlin/Malleolus);\bhemmerlin\b;"Cod. 628, einer Handschrift aus dem Kloster Rheinau); Balthasar Reber: Felix Hemmerlin von Ziirich, Ziirich 1846, 269 (St. Jakob nach Hemmerli: 151 Tote); Klingenberger"
/Users/programming/PycharmProjects/Find_Bibliography_NEw/data/azk_library/sieber-christian__11.pdf;20;work;Edlibach (Gerold Edlibach, Zürcher Chronik);\bedlibach\b;"Scharmiitzel bei Erlenbach am ' 13. Oktober 1444 mit 27 Toten, «die gezelt wurdent»; Edlibach, 67, bringt das Gefecht zum 6. Oktober 1445, aber nahezu tibereinstimmend mit"
/Users/programming/PycharmProjects/Find_Bibliography_NEw/data/azk_library/sieber-christian__11.pdf;20;work;Edlibach (Gerold Edlibach, Zürcher Chronik);\bedlibach\b;"hg. von Johannes Dierauer (QSG 18), Basel 1900, 213 (St. Jakob: 150 Tote); Edlibach, 38, 43 (Hirzel: 300 Tote, St. Jakob: 160 Tote); AnzSG 1 (1859), 34 (Hirzel"
/Users/programming/PycharmProjects/Find_Bibliography_NEw/data/azk_library/sieber-christian__11.pdf;20;work;Brennwald (Heinrich/Johannes Brennwald, Schweizerchronik);heinrich\s+brennwald;Opfer des Irakkriegs: www.iraqbodycount.org. 7 Vgl. namentlich die bei Heinrich Brennwald: Schweizerchronik, hg. von Rudolf Luginbtihl (QSG, N. F, Abt. I/1), Bd
/Users/programming/PycharmProjects/Find_Bibliography_NEw/data/azk_library/sieber-christian__11.pdf;20;work;Brennwald (Heinrich/Johannes Brennwald, Schweizerchronik);\bbrennwald\b;Opfer des Irakkriegs: www.iraqbodycount.org. 7 Vgl. namentlich die bei Heinrich Brennwald: Schweizerchronik, hg. von Rudolf Luginbtihl (QSG, N. F, Abt. I/1), Bd. 2,
/Users/programming/PycharmProjects/Find_Bibliography_NEw/data/azk_library/sieber-christian__11.pdf;20;work;Bullinger (Heinrich Bullinger, historiographische Werke);heinrich\s+bullinger;(Kiisnacht), 34 (Kilchberg) bzw. 16 (Horgen) Gefallene zu verzeichnen. Heinrich Bullinger: Reformationsgeschichte, hg. von Johann Jakob Hottinger und Hans Heinrich
/Users/programming/PycharmProjects/Find_Bibliography_NEw/data/azk_library/sieber-christian__11.pdf;20;work;Bullinger (Heinrich Bullinger, historiographische Werke);\bbullinger\b;"Stiftsbibliothek St. Gallen, Cod. 630). 13. StAZ,F Ila 241, fol. 45 v-46 v (Ktisnacht); Bullinger (wie Anm. 2), Ms.A 15,34 f. (Kilchberg); StAZ, F IIc 39a, Innenseite des hinteren"
/Users/programming/PycharmProjects/Find_Bibliography_NEw/data/azk_library/sieber-christian__11.pdf;20;work;Bullinger (Heinrich Bullinger, historiographische Werke);\bbullinger\b;Kiisnacht), 34 (Kilchberg) bzw. 16 (Horgen) Gefallene zu verzeichnen. Heinrich Bullinger: Reformationsgeschichte, hg. von Johann Jakob Hottinger und Hans Heinrich Vegeli
/Users/programming/PycharmProjects/Find_Bibliography_NEw/data/azk_library/sieber-christian__11.pdf;20;work;Klingenberger/Rapperswiler Chronik (Eberhard Wüest, ed.);klingenberger\s+chronik;"iiberlieferte Liste mit rund 150 Namen und einer Zahl von rund 850 Pferden, ferner Klingenberger Chronik, 314 (rund 500 Pferde); URStAZ, Bd. 6, Nr. 8904, 8907, 9021. 8 Vgl. unten"
/Users/programming/PycharmProjects/Find_Bibliography_NEw/data/azk_library/sieber-christian__11.pdf;20;work;Klingenberger/Rapperswiler Chronik (Eberhard Wüest, ed.);klingenberger\s+chronik;abgedruckt in: AnzSG, N. F. 7 (1896), 377 (Zitat). Weitere Gefallenenzahlen in: Klingenberger Chronik, 304 f.,307, 320 (Freienbach: 42 Tote, Hirzel: 250-300 Tote, St. Jakob
/Users/programming/PycharmProjects/Find_Bibliography_NEw/data/azk_library/sieber-christian__11.pdf;20;work;Klingenberger/Rapperswiler Chronik (Eberhard Wüest, ed.);klingenberger\s+chronik;"Hemmerlin von Ziirich, Ziirich 1846, 269 (St. Jakob nach Hemmerli: 151 Tote); Klingenberger Chronik, 322, Anm. ww (St. Jakob: 140 Tote gemiass Stiftsbibliothek St. Gallen"
/Users/programming/PycharmProjects/Find_Bibliography_NEw/data/azk_library/sieber-christian__11.pdf;20;work;Hottinger (Johann Jakob Hottinger, Helvetische Kirchengeschichte);johann\s+jakob\s+hottinger;Gefallene zu verzeichnen. Heinrich Bullinger: Reformationsgeschichte, hg. von Johann Jakob Hottinger und Hans Heinrich Vegeli, Bd. 3, Frauenfeld 1840, 147-150. 14 Monumenta
/Users/programming/PycharmProjects/Find_Bibliography_NEw/data/azk_library/sieber-christian__11.pdf;20;work;Hottinger (Johann Jakob Hottinger, Helvetische Kirchengeschichte);\bhottinger\b;verzeichnen. Heinrich Bullinger: Reformationsgeschichte, hg. von Johann Jakob Hottinger und Hans Heinrich Vegeli, Bd. 3, Frauenfeld 1840, 147-150. 14 Monumenta Germaniae
/Users/programming/PycharmProjects/Find_Bibliography_NEw/data/azk_library/sieber-christian__11.pdf;21;work;Hemmerlin (Felix Hemmerlin/Malleolus);de\s+nobilitate\s+et\s+rusticitate;"dazu unten Anm. 46) = Liebenau (wie Anm. 46), 238 f.; Felix Hemmerli: De nobilitate et rusticitate dialogus, [Strassburg, Johann Priiss d. A. um 1500], fol. 137 v ="
/Users/programming/PycharmProjects/Find_Bibliography_NEw/data/azk_library/sieber-christian__11.pdf;21;work;Edlibach (Gerold Edlibach, Zürcher Chronik);\bedlibach\b;"URStAZ, Bd. 6, Nr. 8193, 8938. 26 Klingenberger Chronik, 309 f.; Friind, 144 £; Edlibach, 39; vgl. auch URStAZ, Bd. 6, Nr. 7328. 27 Klingenberger Chronik, 310-312; Friind"
/Users/programming/PycharmProjects/Find_Bibliography_NEw/data/azk_library/sieber-christian__11.pdf;21;work;Edlibach (Gerold Edlibach, Zürcher Chronik);\bedlibach\b;"URStAZ, Bd. 6, Nr. 7328. 27 Klingenberger Chronik, 310-312; Friind, 145-147; Edlibach, 39 f; URStAZ, Bd. 6, Nr. 8985; StAZ, A 29.1, Mappe 3a (friiher B VI 215, fol"
/Users/programming/PycharmProjects/Find_Bibliography_NEw/data/azk_library/sieber-christian__11.pdf;21;work;Edlibach (Gerold Edlibach, Zürcher Chronik);\bedlibach\b;"Anm. 64. 28 Friind, 188-192; Chronik der Stadt Ziirich (wie Anm. 12), 214 f.; Edlibach, 45-53; Thuner Missive (wie Anm. 5), 355-366, Nr. 28-34; URStAZ, Bd. 2 (1370"
/Users/programming/PycharmProjects/Find_Bibliography_NEw/data/azk_library/sieber-christian__11.pdf;21;work;Edlibach (Gerold Edlibach, Zürcher Chronik);\bedlibach\b;"Welti und Hermann Rennefahrt, Aarau 1971, Nr. 339, 393 f£.; Friind, 190. 31 Vgl. Edlibach, 40: «rouben oder brennen und alles, dz zu kriegschen sachen geh6rt». 32 Friind"
/Users/programming/PycharmProjects/Find_Bibliography_NEw/data/azk_library/sieber-christian__11.pdf;21;work;Edlibach (Gerold Edlibach, Zürcher Chronik);\bedlibach\b;"Nr. 8930. 34 Friind, 139 f,, 144, 146; Klingenberger Chronik, 308, 309, 312; Edlibach, 38; StALU, Urk 231/3328, 7-9, 18 (vgl. dazu unten Anm. 46) = Liebenau (wie"
/Users/programming/PycharmProjects/Find_Bibliography_NEw/data/azk_library/sieber-christian__11.pdf;21;work;Edlibach (Gerold Edlibach, Zürcher Chronik);\bedlibach\b;"f£., Nr. 28; URStAZ, Bd. 6, Nr. 9015, 9019. 37 Friind, 213 f. (Zitat), 244; Edlibach, 45. Vgl. ausfiihrlicher Christian Sieber: Krieg und Frieden in der Herrschaft"
/Users/programming/PycharmProjects/Find_Bibliography_NEw/data/azk_library/sieber-christian__11.pdf;21;work;Tschudi (Aegidius/Gilg Tschudi, Chronicon Helveticum);\btschudi\b;"und 351-370, hier 361, Anm. ***, und von Bernhard Stettler: [Kommentar], in: Tschudi, Bd. 11, 148 f. Anm. 64. 28 Friind, 188-192; Chronik der Stadt Ziirich (wie"
/Users/programming/PycharmProjects/Find_Bibliography_NEw/data/azk_library/sieber-christian__11.pdf;21;work;Bullinger (Heinrich Bullinger, historiographische Werke);\bbullinger\b;Zurich (Stadtgeschichte und Stadtebau in Ziirich 7), Ziirich 2005, bes. 14 f. 23 Bullinger (wie Anm. 2), Ms.A 14, fol. 327 r. 24 Bullinger (wie Anm. 13), Bd.3, 142.1405
/Users/programming/PycharmProjects/Find_Bibliography_NEw/data/azk_library/sieber-christian__11.pdf;21;work;Bullinger (Heinrich Bullinger, historiographische Werke);\bbullinger\b;Ziirich 2005, bes. 14 f. 23 Bullinger (wie Anm. 2), Ms.A 14, fol. 327 r. 24 Bullinger (wie Anm. 13), Bd.3, 142.1405 erhielt ein Priester von der Stadt Winterthur
/Users/programming/PycharmProjects/Find_Bibliography_NEw/data/azk_library/sieber-christian__11.pdf;21;work;Klingenberger/Rapperswiler Chronik (Eberhard Wüest, ed.);klingenberger\s+chronik;"Niederhduser (wie Anm. 15), 41. 25 URStAZ, Bd. 6, Nr. 8193, 8938. 26 Klingenberger Chronik, 309 f.; Friind, 144 £; Edlibach, 39; vgl. auch URStAZ, Bd. 6, Nr. 7328"
/Users/programming/PycharmProjects/Find_Bibliography_NEw/data/azk_library/sieber-christian__11.pdf;21;work;Klingenberger/Rapperswiler Chronik (Eberhard Wüest, ed.);klingenberger\s+chronik;"f.; Friind, 144 £; Edlibach, 39; vgl. auch URStAZ, Bd. 6, Nr. 7328. 27 Klingenberger Chronik, 310-312; Friind, 145-147; Edlibach, 39 f; URStAZ, Bd. 6, Nr. 8985; StAZ"
/Users/programming/PycharmProjects/Find_Bibliography_NEw/data/azk_library/sieber-christian__11.pdf;21;work;Klingenberger/Rapperswiler Chronik (Eberhard Wüest, ed.);klingenberger\s+chronik;"sachen geh6rt». 32 Friind, bes. 140, 152, 156 f., 159 (Zitat; Ahnlich Klingenberger Chronik, 320), 188 f., 192, 200-202, 213 f., 222, 233 f., 236, 238, 240, 244"
/Users/programming/PycharmProjects/Find_Bibliography_NEw/data/azk_library/sieber-christian__11.pdf;21;work;Klingenberger/Rapperswiler Chronik (Eberhard Wüest, ed.);klingenberger\s+chronik;"f., 192, 200-202, 213 f., 222, 233 f., 236, 238, 240, 244; erginzend: Klingenberger Chronik, 326; Thuner Missive (wie Anm. 5), 442, Nr. 84; URStAZ, Bd. 6, Nr. 8912"
/Users/programming/PycharmProjects/Find_Bibliography_NEw/data/azk_library/sieber-christian__11.pdf;21;work;Klingenberger/Rapperswiler Chronik (Eberhard Wüest, ed.);klingenberger\s+chronik;"wie Anm. 5), 442, Nr. 84; URStAZ, Bd. 6, Nr. 8912, 9052, 9061, 9071. 33 Klingenberger Chronik, 310, 315 (mit Zitat), 316, 320, 322 f£.,330, 336; URStAZ, Bd. 6, Nr"
/Users/programming/PycharmProjects/Find_Bibliography_NEw/data/azk_library/sieber-christian__11.pdf;21;work;Klingenberger/Rapperswiler Chronik (Eberhard Wüest, ed.);klingenberger\s+chronik;"322 f£.,330, 336; URStAZ, Bd. 6, Nr. 8930. 34 Friind, 139 f,, 144, 146; Klingenberger Chronik, 308, 309, 312; Edlibach, 38; StALU, Urk 231/3328, 7-9, 18 (vgl. dazu"
/Users/programming/PycharmProjects/Find_Bibliography_NEw/data/azk_library/sieber-christian__11.pdf;21;work;Klingenberger/Rapperswiler Chronik (Eberhard Wüest, ed.);klingenberger\s+chronik;"Friind, 153 (Knonaueramt), 161 f. (Hengg, mit Zitat, dazu tibereinstimmend Klingenberger Chronik, 323). 36 Friind, 146; Thuner Missive (wie Anm. 5), 356 f£., Nr. 28;"
/Users/programming/PycharmProjects/Find_Bibliography_NEw/data/azk_library/sieber-christian__11.pdf;21;work;Hottinger (Johann Jakob Hottinger, Helvetische Kirchengeschichte);johann\s+jakob\s+hottinger;"friiher B VI 215, fol. 16-26; Gerichtsakten), teilweise referiert von Johann Jakob Hottinger: Zirichs inneres Leben wahrend der Dauer des Alten Zirichkriegs, in:"
/Users/programming/PycharmProjects/Find_Bibliography_NEw/data/azk_library/sieber-christian__11.pdf;21;work;Hottinger (Johann Jakob Hottinger, Helvetische Kirchengeschichte);\bhottinger\b;"friiher B VI 215, fol. 16-26; Gerichtsakten), teilweise referiert von Johann Jakob Hottinger: Zirichs inneres Leben wahrend der Dauer des Alten Zirichkriegs, in: Schweizerisches"
/Users/programming/PycharmProjects/Find_Bibliography_NEw/data/azk_library/sieber-christian__11.pdf;22;work;Tschudi (Aegidius/Gilg Tschudi, Chronicon Helveticum);\btschudi\b;"Die bibliophilen Taschenbiicher 64), 2. Aufl., Dortmund 1979, fol. 282 r-v. 48 Tschudi, Bd. 11, 246-248 (mit Anm. 117) und 354-356; REC, Bd. 4, Nr. 10899, 11031, 11034"
/Users/programming/PycharmProjects/Find_Bibliography_NEw/data/azk_library/sieber-christian__11.pdf;22;work;Tschudi (Aegidius/Gilg Tschudi, Chronicon Helveticum);\btschudi\b;"Deponierte Gemeindearchive, KGA F~allanden I A 4 (10. Oktober 1455) (Fallanden); Tschudi, Bd. 12, 62 f. (Hengg, wo von 1703 bis 1819 eine Gedenktafel an den Wiederaufbau"
/Users/programming/PycharmProjects/Find_Bibliography_NEw/data/azk_library/sieber-christian__11.pdf;22;work;Brennwald (Heinrich/Johannes Brennwald, Schweizerchronik);\bbrennwald\b;"Chorherrenstift Embrach und seine Mitglieder im Mittelalter, Ziirich 1997, 61 und Anm. 50; Brennwald (wie Anm. 7), Bd. 2, 182; StAZ, CII7, Nr. 144 (28. Januar 1446; Embrach); Ziircher"
/Users/programming/PycharmProjects/Find_Bibliography_NEw/data/azk_library/sieber-christian__11.pdf;22;work;Klingenberger/Rapperswiler Chronik (Eberhard Wüest, ed.);klingenberger\s+chronik;"URStAZ, Bd. 6, Nr. 9070; StAZ, W I 3 AG 7c, Nr. I, 17 (5. Oktober 1448). 41 Klingenberger Chronik, 320; URStAZ, Bd. 6, Nr. 9016 (Fraumtinster), 8949-8954; StAZ, A 29.1"
/Users/programming/PycharmProjects/Find_Bibliography_NEw/data/azk_library/sieber-christian__11.pdf;22;work;Klingenberger/Rapperswiler Chronik (Eberhard Wüest, ed.);klingenberger\s+chronik;"Fraumtinster), 8949-8954; StAZ, A 29.1, Mappe 3 (1446 Fasnacht, Bewachung). 42 Klingenberger Chronik, 318 f.; Friind, 155 f£., 200-202; Chronik der Stadt Ziirich (wie Anm"
/Users/programming/PycharmProjects/Find_Bibliography_NEw/data/azk_library/sieber-christian__11.pdf;22;work;Klingenberger/Rapperswiler Chronik (Eberhard Wüest, ed.);klingenberger\s+chronik;liegt mutmasslich fiir die Kirche von Elgg vor, ware dann aber (aufgrund Klingenberger Chronik, 272, und URStAZ, Bd. 6, Nr. 8662) ins Jahr 1440 zu datieren. Vel. die
/Users/programming/PycharmProjects/Find_Bibliography_NEw/data/azk_library/sieber-christian__11.pdf;22;work;Klingenberger/Rapperswiler Chronik (Eberhard Wüest, ed.);klingenberger\s+chronik;"34), 62 £,66-68, 78-81; Chronik der Stadt Ziirich (wie Anm. 12),214 £; Klingenberger Chronik, 309, 312 f.; Thuner Missive (wie Anm. 5), 365, Nr. 34; REC, Bd. 4, Nr"
/Users/programming/PycharmProjects/Find_Bibliography_NEw/data/azk_library/sieber-christian__11.pdf;23;work;Edlibach (Gerold Edlibach, Zürcher Chronik);\bedlibach\b;"Pfarrblatter von Uster 1 (1914), 3-14, 19-29, 37-46, hier 39 (Zitat). - 66 Edlibach, 40, 54, 56, 57, 95; Rudolf Gamper: Die Ziircher Stadtchroniken und ihre Ausbreitung"
/Users/programming/PycharmProjects/Find_Bibliography_NEw/data/azk_library/sieber-christian__11.pdf;23;work;Tschudi (Aegidius/Gilg Tschudi, Chronicon Helveticum);\btschudi\b;"Kdppel (wie Anm. 38), 304 f. 59 URStAZ, Bd. 6, Nr. 9070. 60 EA, Bd. 2, Nr.378a; Tschudi, Bd. 11, 273 £; URStAZ, Bd. 6, Nr. 8983. oS 61 StAZ, CI, Nr. 499 (9. Juni 1446"
/Users/programming/PycharmProjects/Find_Bibliography_NEw/data/azk_library/sieber-christian__11.pdf;23;work;Tschudi (Aegidius/Gilg Tschudi, Chronicon Helveticum);\btschudi\b;Christian Sieber: Der Geschichtsschreiber Vadian in seiner Zeit und im Vergleich mit Tschudi und 86
/Users/programming/PycharmProjects/Find_Bibliography_NEw/data/azk_library/sieber-christian__11.pdf;23;work;Bullinger (Heinrich Bullinger, historiographische Werke);heinrich\s+bullinger;"QSG, Bd. 6, Basel 1884, 107-229, hier 136, 156 f£,, 192-201, 205 f£.,214; Heinrich Bullinger: Von den Tigurineren und der statt Ziirych sachen VIII biiecher, ZBZ, Ms"
/Users/programming/PycharmProjects/Find_Bibliography_NEw/data/azk_library/sieber-christian__11.pdf;23;work;Bullinger (Heinrich Bullinger, historiographische Werke);\bbullinger\b;"Bd. 6, Basel 1884, 107-229, hier 136, 156 f£,, 192-201, 205 f£.,214; Heinrich Bullinger: Von den Tigurineren und der statt Ziirych sachen VIII biiecher, ZBZ, Ms. Car"
/Users/programming/PycharmProjects/Find_Bibliography_NEw/data/azk_library/sieber-christian__11.pdf;23;work;Klingenberger/Rapperswiler Chronik (Eberhard Wüest, ed.);klingenberger\s+chronik;"Jahrhundert, Diss., Ziirich 1952, 174 f. 53 Sieber (wie Anm. 37), 54, nach: Klingenberger Chronik, 312 f£; Hemmerli (wie Anm. 34), fol. 132 v = Sieber-Lehmann/Wilhelmi"
/Users/programming/PycharmProjects/Find_Bibliography_NEw/data/azk_library/sieber-christian__11.pdf;23;work;Vadian (Joachim Vadianus, St. Galler Chronik);\bvadian(us)?\b;67, 74 (nach Jan Assmann). 68 Vel. Christian Sieber: Der Geschichtsschreiber Vadian in seiner Zeit und im Vergleich mit Tschudi und 86
/Users/programming/PycharmProjects/Find_Bibliography_NEw/data/azk_library/sieber-christian__11.pdf;24;work;Schilling (ungenau);\bschilling\b;"Anzeigers von Uster» zur Gedenkfeier vom 28. Mai 1994, 26. Mai 1994; Herbert Schilling: Gedenkgang zur Bluetmatt in Nanikon, in: Jahrbuch Greifensee 7 (1994/95),"
/Users/programming/PycharmProjects/Find_Bibliography_NEw/data/azk_library/sieber-christian__11.pdf;24;work;Stumpf (Johannes Stumpf, Schweizerchronik);johannes\s+stumpf;69 Brief- und Aktensammlung zur Ziircher Dissertation von Attilio Bonomo [Johannes Stumpf der Reformator und Geschichtsschreiber, Genua 1923], Typoskript, Bd. 2,
/Users/programming/PycharmProjects/Find_Bibliography_NEw/data/azk_library/sieber-christian__11.pdf;24;work;Stumpf (Johannes Stumpf, Schweizerchronik);johannes\s+stumpf;"Typoskript, Bd. 2, ZBZ, Ms. Z I 103a, 526 f. (Schreiben von Ludwig Lavater an Johannes Stumpf 1556); Bullinger (wie Anm. 2), Ms. A 14, fol. 317 v (ebd., fol. 302 r, ein"
/Users/programming/PycharmProjects/Find_Bibliography_NEw/data/azk_library/sieber-christian__11.pdf;24;work;Bullinger (Heinrich Bullinger, historiographische Werke);\bbullinger\b;Bullinger, in: Vadian als Geschichtsschreiber, hg. von Rudolf Gamper (Vadian-Studien 17), St. Gallen 2005 (im Druck), Text bei Anm. 59 und die dort angegebene Literatur
/Users/programming/PycharmProjects/Find_Bibliography_NEw/data/azk_library/sieber-christian__11.pdf;24;work;Bullinger (Heinrich Bullinger, historiographische Werke);\bbullinger\b;"Ms. Z I 103a, 526 f. (Schreiben von Ludwig Lavater an Johannes Stumpf 1556); Bullinger (wie Anm. 2), Ms. A 14, fol. 317 v (ebd., fol. 302 r, ein Beispiel von miindlicher"
/Users/programming/PycharmProjects/Find_Bibliography_NEw/data/azk_library/sieber-christian__11.pdf;24;work;Vadian (Joachim Vadianus, St. Galler Chronik);\bvadian(us)?\b;Bullinger, in: Vadian als Geschichtsschreiber, hg. von Rudolf Gamper (Vadian-Studien 17), St. Gallen 2005 (im Druck), Text bei Anm. 59 und die dort angegebene Literatur
/Users/programming/PycharmProjects/Find_Bibliography_NEw/data/azk_library/sieber-christian__11.pdf;25;work;Stumpf (Johannes Stumpf, Schweizerchronik);johannes\s+stumpf;"Tigurinerchronik; Zitat), ferner ebd., Nr. 127, 708-710 (Darstellung bei Johannes Stumpf). 88"
/Users/programming/PycharmProjects/Find_Bibliography_NEw/data/azk_library/sieber-christian__11.pdf;25;work;Bullinger (Heinrich Bullinger, historiographische Werke);heinrich\s+bullinger;"fol. 132 r (Memorialtafel; Zitat) und 140 r—141 r (Alter Ziirichkrieg) = Heinrich Bullinger: Annales sive Chronicon coenobii Capell, in: Johann Jakob Simler: Sammlung"
/Users/programming/PycharmProjects/Find_Bibliography_NEw/data/azk_library/sieber-christian__11.pdf;25;work;Bullinger (Heinrich Bullinger, historiographische Werke);\bbullinger\b;Ausfithrungen oben, Text vor Anm. 27. 85 Vel. oben den Beitrag von Bernhard Stettler. 86 Bullinger (wie Anm. 2), Ms. A 14, fol. 300 v (Gtiders Abschrift von Stumpfs «Historia
/Users/programming/PycharmProjects/Find_Bibliography_NEw/data/azk_library/sieber-christian__11.pdf;25;work;Bullinger (Heinrich Bullinger, historiographische Werke);\bbullinger\b;"zurtickgeblieben, wahrend der Abt und der tibrige Konvent nach Ziirich fliichteten. Vgl. Bullinger (wie Anm. 91), 436. Vgl. ferner Klingenberger Chronik, 313; Denkschrift (wie"
/Users/programming/PycharmProjects/Find_Bibliography_NEw/data/azk_library/sieber-christian__11.pdf;25;work;Bullinger (Heinrich Bullinger, historiographische Werke);\bbullinger\b;"132 r (Memorialtafel; Zitat) und 140 r—141 r (Alter Ziirichkrieg) = Heinrich Bullinger: Annales sive Chronicon coenobii Capell, in: Johann Jakob Simler: Sammlung"
/Users/programming/PycharmProjects/Find_Bibliography_NEw/data/azk_library/sieber-christian__11.pdf;25;work;Bullinger (Heinrich Bullinger, historiographische Werke);\bbullinger\b;findet sich auch in Bullingers Reformationsgeschichte aus den 1560er Jahren, vel. Bullinger (wie Anm. 13), Bd.1,91:«[...] dermassen verwiist, das es in 7 jaren nitt mocht
/Users/programming/PycharmProjects/Find_Bibliography_NEw/data/azk_library/sieber-christian__11.pdf;25;work;Bullinger (Heinrich Bullinger, historiographische Werke);\bbullinger\b;23, 66 und 68-69. 93 Die Namen zum Jahr 1493 in StAZ, E II 437, fol. 144 r = Bullinger (wie Anm. 91), 443: Ulrich Stampfli (Altabt), Johannes Schenenberg (ebenfalls
/Users/programming/PycharmProjects/Find_Bibliography_NEw/data/azk_library/sieber-christian__11.pdf;25;work;Klingenberger/Rapperswiler Chronik (Eberhard Wüest, ed.);klingenberger\s+chronik;"nach Ziirich fliichteten. Vgl. Bullinger (wie Anm. 91), 436. Vgl. ferner Klingenberger Chronik, 313; Denkschrift (wie Anm. 47), 479; URStAZ, Bd. 6, Nr. 8418, 8859,"
/Users/programming/PycharmProjects/Find_Bibliography_NEw/data/azk_library/sieber-christian__11.pdf;25;work;Simler (Josias Simler, De Helvetiorum republica / Republika Helvetiorum);\bsimler\b;"437, fol. 130 r-146 r (bis 1511; ebd., fol. 147 r-149 v Fortsetzung von Peter Simler bis 1542), bes. fol. 132 r (Memorialtafel; Zitat) und 140 r—141 r (Alter Ziirichkrieg"
/Users/programming/PycharmProjects/Find_Bibliography_NEw/data/azk_library/sieber-christian__11.pdf;25;work;Simler (Josias Simler, De Helvetiorum republica / Republika Helvetiorum);\bsimler\b;Heinrich Bullinger: Annales sive Chronicon coenobii Capell, in: Johann Jakob Simler: Sammlung alter und neuer Urkunden zur Beleuchtung der Kirchen-Geschichte vornemlich
/Users/programming/PycharmProjects/Find_Bibliography_NEw/data/azk_library/zahnd-urs-martin__20.pdf;1;work;Fründ (Hans Fründ);hans\s+fr[üu]nd;mit diesem Frieden weitgehend durchgesetzt hatten, kaum einen Niederschlag. Hans Frund, der Schwyzer Land schreiber, beendet seine Chronik uber den Alten Zurichkrieg
/Users/programming/PycharmProjects/Find_Bibliography_NEw/data/azk_library/zahnd-urs-martin__20.pdf;1;work;Fründ (Hans Fründ);hans\s+fr[üu]nd;Bendicht Tschachtlan, der in seiner Darstellung der Jahre 1436 bis 1446 weitgehend Hans Frund folgt, er wahnt zwar mehrmals den nachmaligen Obmann Heinrich von Bubenberg
/Users/programming/PycharmProjects/Find_Bibliography_NEw/data/azk_library/zahnd-urs-martin__20.pdf;1;work;Fründ (Hans Fründ);\bfr[üu]nd\b;mit diesem Frieden weitgehend durchgesetzt hatten, kaum einen Niederschlag. Hans Frund, der Schwyzer Land schreiber, beendet seine Chronik uber den Alten Zurichkrieg
/Users/programming/PycharmProjects/Find_Bibliography_NEw/data/azk_library/zahnd-urs-martin__20.pdf;1;work;Fründ (Hans Fründ);\bfr[üu]nd\b;"Tschachtlan, der in seiner Darstellung der Jahre 1436 bis 1446 weitgehend Hans Frund folgt, er wahnt zwar mehrmals den nachmaligen Obmann Heinrich von Bubenberg;8"
/Users/programming/PycharmProjects/Find_Bibliography_NEw/data/azk_library/zahnd-urs-martin__20.pdf;1;work;Tschachtlan (Benedikt Tschachtlan);\btschachtlan\b;bereits mit dem Jahr 1446 (Konstanzer Friede).7 Der Berner Ratsherr Bendicht Tschachtlan, der in seiner Darstellung der Jahre 1436 bis 1446 weitgehend Hans Frund folgt
/Users/programming/PycharmProjects/Find_Bibliography_NEw/data/azk_library/zahnd-urs-martin__20.pdf;1;work;Zürcher Stadtchronik (allgemein);z[üu]rcher\s+stadtchronik;Schiedsspruch allerdings von den Zurchern. In der zweiten Fortsetzung der Zurcher Stadtchronik wird Heinrich von Bubenbergs Urteil scharf kritisiert10 – ein Kommentar
/Users/programming/PycharmProjects/Find_Bibliography_NEw/data/azk_library/zahnd-urs-martin__20.pdf;5;work;Schilling (ungenau);\bschilling\b;im Gefecht am Galternbach vom 29. Marz 1448 gegen die Freiburger. – Diebold Schilling: Spiezer Chronik (um 1485/86), Burgerbibliothek Bern, Mss.h.h.I.16, S. 772
/Users/programming/PycharmProjects/Find_Bibliography_NEw/data/azk_library/zahnd-urs-martin__20.pdf;5;work;Schilling (ungenau);diebold\s+schilling;Truppen im Gefecht am Galternbach vom 29. Marz 1448 gegen die Freiburger. – Diebold Schilling: Spiezer Chronik (um 1485/86), Burgerbibliothek Bern, Mss.h.h.I.16, S.
/Users/programming/PycharmProjects/Find_Bibliography_NEw/data/azk_library/zahnd-urs-martin__20.pdf;6;work;Fründ (Hans Fründ);hans\s+fr[üu]nd;mit diesem Frieden weitgehend durchgesetzt hatten, kaum einen Niederschlag. Hans Frund, der Schwyzer Land schreiber, beendet seine Chronik uber den Alten Zurichkrieg
/Users/programming/PycharmProjects/Find_Bibliography_NEw/data/azk_library/zahnd-urs-martin__20.pdf;6;work;Fründ (Hans Fründ);hans\s+fr[üu]nd;Bendicht Tschachtlan, der in seiner Darstellung der Jahre 1436 bis 1446 weitgehend Hans Frund folgt, er wahnt zwar mehrmals den nachmaligen Obmann Heinrich von Bubenberg
/Users/programming/PycharmProjects/Find_Bibliography_NEw/data/azk_library/zahnd-urs-martin__20.pdf;6;work;Fründ (Hans Fründ);\bfr[üu]nd\b;mit diesem Frieden weitgehend durchgesetzt hatten, kaum einen Niederschlag. Hans Frund, der Schwyzer Land schreiber, beendet seine Chronik uber den Alten Zurichkrieg
/Users/programming/PycharmProjects/Find_Bibliography_NEw/data/azk_library/zahnd-urs-martin__20.pdf;6;work;Fründ (Hans Fründ);\bfr[üu]nd\b;"Tschachtlan, der in seiner Darstellung der Jahre 1436 bis 1446 weitgehend Hans Frund folgt, er wahnt zwar mehrmals den nachmaligen Obmann Heinrich von Bubenberg;8"
/Users/programming/PycharmProjects/Find_Bibliography_NEw/data/azk_library/zahnd-urs-martin__20.pdf;6;work;Fründ (Hans Fründ);\bfr[üu]nd\b;Neue Zugange zum Alten Zurichkrieg. Zurich 2006, 11f. Stettler (wie Anm. 3), 161. Frund, Hans: Chronik. Hrsg. von Kind, Christian Immanuel. Chur 1875. Tschachtlans Bilderchronik
/Users/programming/PycharmProjects/Find_Bibliography_NEw/data/azk_library/zahnd-urs-martin__20.pdf;6;work;Schilling (ungenau);\bschilling\b;im Gefecht am Galternbach vom 29. Marz 1448 gegen die Freiburger. – Diebold Schilling: Spiezer Chronik (um 1485/86), Burgerbibliothek Bern, Mss.h.h.I.16, S. 772
/Users/programming/PycharmProjects/Find_Bibliography_NEw/data/azk_library/zahnd-urs-martin__20.pdf;6;work;Schilling (ungenau);diebold\s+schilling;Truppen im Gefecht am Galternbach vom 29. Marz 1448 gegen die Freiburger. – Diebold Schilling: Spiezer Chronik (um 1485/86), Burgerbibliothek Bern, Mss.h.h.I.16, S.
/Users/programming/PycharmProjects/Find_Bibliography_NEw/data/azk_library/zahnd-urs-martin__20.pdf;6;work;Tschachtlan (Benedikt Tschachtlan);\btschachtlan\b;bereits mit dem Jahr 1446 (Konstanzer Friede).7 Der Berner Ratsherr Bendicht Tschachtlan, der in seiner Darstellung der Jahre 1436 bis 1446 weitgehend Hans Frund folgt
/Users/programming/PycharmProjects/Find_Bibliography_NEw/data/azk_library/zahnd-urs-martin__20.pdf;6;work;Tschachtlan (Benedikt Tschachtlan);\btschachtlan\b;Schwyzern, der andere uber Mellingen in die Zurcher Landschaft. – Bendicht Tschachtlan: Bilderchronik (um 1470), Zentralbibliothek Zurich, Ms. A 120, S. 699. 36
/Users/programming/PycharmProjects/Find_Bibliography_NEw/data/azk_library/zahnd-urs-martin__20.pdf;6;work;Tschachtlan (Benedikt Tschachtlan);\btschachtlan\b;Kontingenten aus den verbundeten Stadten Basel und Solothurn belagert. – Bendicht Tschachtlan: Bilderchronik (um 1470), Zentralbibliothek Zurich, Ms. A 120, S. 813. Zahnd
/Users/programming/PycharmProjects/Find_Bibliography_NEw/data/azk_library/zahnd-urs-martin__20.pdf;6;work;Tschachtlan (Benedikt Tschachtlan);\btschachtlan\b;Friede 1.12.1440), 361, Kap. 619, Z. 4 (Friedenskonferenz in Baden 22.3.1444). 9 Tschachtlan (wie Anm. 8), 407, Kap. 725, Z. 23 –29. 10 Chronik der Stadt Zurich. Hrsg
/Users/programming/PycharmProjects/Find_Bibliography_NEw/data/azk_library/zahnd-urs-martin__20.pdf;6;work;Tschachtlan (Benedikt Tschachtlan);\btschachtlan\b;"370. 56 Abschiede 2 (wie Anm. 1), 174, Nr. 273; Tobler (wie Anm. 16), 374. 57 Tschachtlan (wie Anm. 8), 290, Kap. 451; Rechtsquellen IV.1 (wie Anm. 34), 102 –110, Nr"
/Users/programming/PycharmProjects/Find_Bibliography_NEw/data/azk_library/zahnd-urs-martin__20.pdf;6;work;Tschudi (Aegidius/Gilg Tschudi, Chronicon Helveticum);\btschudi\b;Eidgenossischen Abschiede 2. Hrsg. von Segesser von, Anton Philipp. Luzern 1863, 859. Tschudi, Aegidius: Chronicon Helveticum 12. Hrsg. von Stettler, Bernhard. Basel 1998
/Users/programming/PycharmProjects/Find_Bibliography_NEw/data/azk_library/zahnd-urs-martin__20.pdf;6;work;Tschudi (Aegidius/Gilg Tschudi, Chronicon Helveticum);\btschudi\b;"des Kantons Bern 13 (1892), 387– 406; Stettler (wie Anm. 3), 175 –183. 13 14 15 Tschudi, Aegidius: Chronicon Helveticum 10. Hrsg. von Stettler, Bernhard. Basel 1994"
/Users/programming/PycharmProjects/Find_Bibliography_NEw/data/azk_library/zahnd-urs-martin__20.pdf;6;work;Tschudi (Aegidius/Gilg Tschudi, Chronicon Helveticum);\btschudi\b;"Kilchberg); Stettler (wie Anm. 3), 145 –152; Schaufelberger (wie Anm. 11), 293 – 297; Tschudi 10 (wie Anm. 13), 14 – 349; Berger (wie Anm. 11), 62 –104. Zur zweiten Kriegsphase"
/Users/programming/PycharmProjects/Find_Bibliography_NEw/data/azk_library/zahnd-urs-martin__20.pdf;6;work;Tschudi (Aegidius/Gilg Tschudi, Chronicon Helveticum);\btschudi\b;"Kriegsphase vgl. Abschiede 2 (wie Anm. 1), 811– 814, Beilage 21 (Friede von Konstanz); Tschudi, Aegidius, Chronicon Helveticum 11. Hrsg. von Stettler, Bernhard. Basel 1996"
/Users/programming/PycharmProjects/Find_Bibliography_NEw/data/azk_library/zahnd-urs-martin__20.pdf;6;work;Tschudi (Aegidius/Gilg Tschudi, Chronicon Helveticum);\btschudi\b;"1450); Stettler (wie Anm. 3), 164 –179; Schaufelberger (wie Anm. 11), 303 –305; Tschudi 12 (wie Anm. 2), 27*– 64*; Berger (wie Anm. 11), 178 –192; Schneider (wie Anm"
/Users/programming/PycharmProjects/Find_Bibliography_NEw/data/azk_library/zahnd-urs-martin__20.pdf;6;work;Tschudi (Aegidius/Gilg Tschudi, Chronicon Helveticum);\btschudi\b;"zur Schweizer Geschichte 3. Fribourg 1916, 13f.; Feller 1 (wie Anm. 11), 311f.; Tschudi 12 (wie Anm. 2), 60*f.; Zahnd (wie Anm. 18), 113f. 22 23 24 25 26 Tobler (wie"
/Users/programming/PycharmProjects/Find_Bibliography_NEw/data/azk_library/zahnd-urs-martin__20.pdf;6;work;Tschudi (Aegidius/Gilg Tschudi, Chronicon Helveticum);\btschudi\b;"367– 409; Schneider (wie Anm. 12), passim; Feller 1 (wie Anm. 11), 271– 303; Tschudi 10 (wie Anm. 13), 182, Anm. 77; Tschudi 11 (wie Anm. 15), 81, Anm. 30. Tschudi"
/Users/programming/PycharmProjects/Find_Bibliography_NEw/data/azk_library/zahnd-urs-martin__20.pdf;6;work;Tschudi (Aegidius/Gilg Tschudi, Chronicon Helveticum);\btschudi\b;"passim; Feller 1 (wie Anm. 11), 271– 303; Tschudi 10 (wie Anm. 13), 182, Anm. 77; Tschudi 11 (wie Anm. 15), 81, Anm. 30. Tschudi 10 (wie Anm. 13), 55, Anm. 25. Tschudi"
/Users/programming/PycharmProjects/Find_Bibliography_NEw/data/azk_library/zahnd-urs-martin__20.pdf;6;work;Tschudi (Aegidius/Gilg Tschudi, Chronicon Helveticum);\btschudi\b;"Tschudi 10 (wie Anm. 13), 182, Anm. 77; Tschudi 11 (wie Anm. 15), 81, Anm. 30. Tschudi 10 (wie Anm. 13), 55, Anm. 25. Tschudi 10 (wie Anm. 13), 89, Anm. 32; 111, Anm"
/Users/programming/PycharmProjects/Find_Bibliography_NEw/data/azk_library/zahnd-urs-martin__20.pdf;6;work;Tschudi (Aegidius/Gilg Tschudi, Chronicon Helveticum);\btschudi\b;"Tschudi 11 (wie Anm. 15), 81, Anm. 30. Tschudi 10 (wie Anm. 13), 55, Anm. 25. Tschudi 10 (wie Anm. 13), 89, Anm. 32; 111, Anm. 36; Schneider (wie Anm. 12), 299 –"
/Users/programming/PycharmProjects/Find_Bibliography_NEw/data/azk_library/zahnd-urs-martin__20.pdf;6;work;Tschudi (Aegidius/Gilg Tschudi, Chronicon Helveticum);\btschudi\b;"wie Anm. 13), 89, Anm. 32; 111, Anm. 36; Schneider (wie Anm. 12), 299 – 303. Tschudi 10 (wie Anm. 13), 113f., Anm. 36; Stettler (wie Anm. 3), 150. Tschudi 10 (wie"
/Users/programming/PycharmProjects/Find_Bibliography_NEw/data/azk_library/zahnd-urs-martin__20.pdf;6;work;Tschudi (Aegidius/Gilg Tschudi, Chronicon Helveticum);\btschudi\b;"– 303. Tschudi 10 (wie Anm. 13), 113f., Anm. 36; Stettler (wie Anm. 3), 150. Tschudi 10 (wie Anm. 13), 17*– 62*; 183 –207; Schneider (wie Anm. 12), 304–307; Feller"
/Users/programming/PycharmProjects/Find_Bibliography_NEw/data/azk_library/zahnd-urs-martin__20.pdf;6;work;Tschudi (Aegidius/Gilg Tschudi, Chronicon Helveticum);\btschudi\b;"27 Abschiede 2 (wie Anm. 1), 133, Nr. 211; Schneider (wie Anm. 12), 399. 28 Tschudi 10 (wie Anm. 13), 308, Anm. 127; Feller 1 (wie Anm. 11), 275 – 277. 29 Abschiede"
/Users/programming/PycharmProjects/Find_Bibliography_NEw/data/azk_library/zahnd-urs-martin__20.pdf;6;work;Tschudi (Aegidius/Gilg Tschudi, Chronicon Helveticum);\btschudi\b;"(wie Anm. 11), 275 – 277. 29 Abschiede 2 (wie Anm. 1), 773 –777, Beilage 12; Tschudi 10 (wie Anm. 13), 337, Anm. 133; Schneider (wie Anm. 12), 311– 314. 30 Tschudi"
/Users/programming/PycharmProjects/Find_Bibliography_NEw/data/azk_library/zahnd-urs-martin__20.pdf;6;work;Tschudi (Aegidius/Gilg Tschudi, Chronicon Helveticum);\btschudi\b;"Tschudi 10 (wie Anm. 13), 337, Anm. 133; Schneider (wie Anm. 12), 311– 314. 30 Tschudi 10 (wie Anm. 13), 348, Anm. 136; 356, Anm. 140; Berger (wie Anm. 11), 95 –104"
/Users/programming/PycharmProjects/Find_Bibliography_NEw/data/azk_library/zahnd-urs-martin__20.pdf;6;work;Tschudi (Aegidius/Gilg Tschudi, Chronicon Helveticum);\btschudi\b;"Vereins des Kantons Schwyz 83 (1991), 25 –39. Feller 1 (wie Anm. 11), 273f.; Tschudi 10 (wie Anm. 13), 111, Anm. 36; 122, Anm. 38; 182, Anm. 77; Stettler (wie Anm"
/Users/programming/PycharmProjects/Find_Bibliography_NEw/data/azk_library/zahnd-urs-martin__20.pdf;6;work;Tschudi (Aegidius/Gilg Tschudi, Chronicon Helveticum);\btschudi\b;"1955, 96 –110, Nr. 145 (Ewiger Bund der Stadte Zurich und Bern 22.1.1423). 35 36 Tschudi 10 (wie Anm. 13), 184, Anm. 77; Feller 1 (wie Anm. 11), 276. Tschudi 10 (wie"
/Users/programming/PycharmProjects/Find_Bibliography_NEw/data/azk_library/zahnd-urs-martin__20.pdf;6;work;Tschudi (Aegidius/Gilg Tschudi, Chronicon Helveticum);\btschudi\b;". 35 36 Tschudi 10 (wie Anm. 13), 184, Anm. 77; Feller 1 (wie Anm. 11), 276. Tschudi 10 (wie Anm. 13), 356, Anm. 140; Tschudi 11 (wie Anm. 15), 81, Anm. 30; Schneider"
/Users/programming/PycharmProjects/Find_Bibliography_NEw/data/azk_library/zahnd-urs-martin__20.pdf;6;work;Tschudi (Aegidius/Gilg Tschudi, Chronicon Helveticum);\btschudi\b;"Anm. 77; Feller 1 (wie Anm. 11), 276. Tschudi 10 (wie Anm. 13), 356, Anm. 140; Tschudi 11 (wie Anm. 15), 81, Anm. 30; Schneider (wie Anm. 12), 312f.; Berger (wie Anm"
/Users/programming/PycharmProjects/Find_Bibliography_NEw/data/azk_library/zahnd-urs-martin__20.pdf;6;work;Tschudi (Aegidius/Gilg Tschudi, Chronicon Helveticum);\btschudi\b;"Anm. 12), 400; Feller 1 (wie Anm. 11), 283f.; Berger (wie Anm. 11), 130 –132; Tschudi 11 (wie Anm. 15), 263, Anm. 123; 278, Anm. 129; 285, Anm. 131; 294, Anm. 132"
/Users/programming/PycharmProjects/Find_Bibliography_NEw/data/azk_library/zahnd-urs-martin__20.pdf;6;work;Tschudi (Aegidius/Gilg Tschudi, Chronicon Helveticum);\btschudi\b;"Anm. 11), 290; Berger (wie Anm. 11), 146 –152; Stettler (wie Anm. 3), 157–160; Tschudi 11 (wie Anm. 15), 312, Anm. 139. 40 Tobler (wie Anm. 16), 404f.; Schneider"
/Users/programming/PycharmProjects/Find_Bibliography_NEw/data/azk_library/zahnd-urs-martin__20.pdf;6;work;Tschudi (Aegidius/Gilg Tschudi, Chronicon Helveticum);\btschudi\b;"Anm. 139. 40 Tobler (wie Anm. 16), 404f.; Schneider (wie Anm. 12), 337– 345; Tschudi 12 (wie Anm. 2), 13*– 21*. 41 Schneider (wie Anm. 12), 384–387; Tschudi 12"
/Users/programming/PycharmProjects/Find_Bibliography_NEw/data/azk_library/zahnd-urs-martin__20.pdf;6;work;Tschudi (Aegidius/Gilg Tschudi, Chronicon Helveticum);\btschudi\b;"345; Tschudi 12 (wie Anm. 2), 13*– 21*. 41 Schneider (wie Anm. 12), 384–387; Tschudi 12 (wie Anm. 2), 57*– 64*; Stettler (wie Anm. 3), 42 43 175 –179. Feller 1"
/Users/programming/PycharmProjects/Find_Bibliography_NEw/data/azk_library/zahnd-urs-martin__20.pdf;6;work;Tschudi (Aegidius/Gilg Tschudi, Chronicon Helveticum);\btschudi\b;"Anm. 34), 249 –256, Nr. 156 (Bundnis von Bern, Solothurn und Basel 2.3.1441); Tschudi 10 (wie Anm. 13), 358, Anm. 142. 45 Rechtsquellen IV.1 (wie Anm. 34), 199 –201"
/Users/programming/PycharmProjects/Find_Bibliography_NEw/data/azk_library/zahnd-urs-martin__20.pdf;6;work;Tschudi (Aegidius/Gilg Tschudi, Chronicon Helveticum);\btschudi\b;"Bestatigung der Freiheiten Berns durch Friedrich III., Freiburg 17.10.1442); Tschudi 11 (wie Anm. 15), 23, Anm. 7; 53, Anm. 17; Feller 1 (wie Anm. 11), 278; Berger"
/Users/programming/PycharmProjects/Find_Bibliography_NEw/data/azk_library/zahnd-urs-martin__20.pdf;6;work;Tschudi (Aegidius/Gilg Tschudi, Chronicon Helveticum);\btschudi\b;"Anm. 17; Feller 1 (wie Anm. 11), 278; Berger (wie Anm. 11), 109 –113. 46 47 Tschudi 11 (wie Anm. 15), 65*– 82*; 81, Anm. 30; 184, Anm. 82; 187, Anm. 83; Feller"
/Users/programming/PycharmProjects/Find_Bibliography_NEw/data/azk_library/zahnd-urs-martin__20.pdf;6;work;Tschudi (Aegidius/Gilg Tschudi, Chronicon Helveticum);\btschudi\b;"Anm. 82; 187, Anm. 83; Feller 1 (wie Anm. 11), 283; Berger (wie Anm. 11), 195. Tschudi 11 (wie Anm. 15), 393, Anm. 194; Feller 1 (wie Anm. 11), 290f.; Schaufelberger"
/Users/programming/PycharmProjects/Find_Bibliography_NEw/data/azk_library/zahnd-urs-martin__20.pdf;6;work;Tschudi (Aegidius/Gilg Tschudi, Chronicon Helveticum);\btschudi\b;"wie Anm. 16), 380f.; 404 – 406, Beilage 18; Berger (wie Anm. 11), 189 – 192; Tschudi 11 (wie Anm. 15), 371, Anm. 175. 61 Actenstucke betreffend die zu Freyburg vorgefallene"
/Users/programming/PycharmProjects/Find_Bibliography_NEw/data/azk_library/zahnd-urs-martin__20.pdf;6;work;Tschudi (Aegidius/Gilg Tschudi, Chronicon Helveticum);\btschudi\b;"– 841, Beilage 25; 841– 844, Beilage 26; Schneider (wie Anm. 12), 384 – 387; Tschudi 12 (wie Anm. 2), 33*f., 58f.; Stettler (wie Anm. 3), 177f. 73 Abschiede 2 (wie"
/Users/programming/PycharmProjects/Find_Bibliography_NEw/data/azk_library/zahnd-urs-martin__20.pdf;6;work;Tschudi (Aegidius/Gilg Tschudi, Chronicon Helveticum);\btschudi\b;"Rechtsquellen IV.1 (wie Anm. 34), 348, Z. 14; Schneider (wie Anm. 12), 399 – 402; Tschudi 12 (wie Anm. 2), 60*, Anm. 133*. 74 Abschiede 2 (wie Anm. 1), 858 – 860. 75"
/Users/programming/PycharmProjects/Find_Bibliography_NEw/data/azk_library/zahnd-urs-martin__20.pdf;6;work;Tschudi (Aegidius/Gilg Tschudi, Chronicon Helveticum);\btschudi\b;"– 860. 75 Abschiede 2 (wie Anm. 1), 859. 76 Stettler (wie Anm. 3), 179 –183; Tschudi 12 (wie Anm. 2), 67*–72*. 77 Chronik der Stadt Zurich (wie Anm. 10), 224, Z"
/Users/programming/PycharmProjects/Find_Bibliography_NEw/data/azk_library/zahnd-urs-martin__20.pdf;6;work;Tschudi (Aegidius/Gilg Tschudi, Chronicon Helveticum);\btschudi\b;"wie Anm. 2), 67*–72*. 77 Chronik der Stadt Zurich (wie Anm. 10), 224, Z. 7–11; Tschudi 12 (wie Anm. 2), 64*– 67*. 78 Quellenwerk zur Entstehung der Schweizerischen"
/Users/programming/PycharmProjects/Find_Bibliography_NEw/data/azk_library/zahnd-urs-martin__20.pdf;6;work;Tschudi (Aegidius/Gilg Tschudi, Chronicon Helveticum);\btschudi\b;entdeckt. Hrsg. von Beer, Ellen J. et al. Bern 2003, 2. Aufl., 330 – 348. 81 Tschudi 12 (wie Anm. 2), 61*, Anm. 136*. 82 Rechtsquellen IV.1 (wie Anm. 34), 34 –79
/Users/programming/PycharmProjects/Find_Bibliography_NEw/data/azk_library/zahnd-urs-martin__20.pdf;6;work;Tschudi (Aegidius/Gilg Tschudi, Chronicon Helveticum);chronicon\s+helveticum;von Segesser von, Anton Philipp. Luzern 1863, 859. Tschudi, Aegidius: Chronicon Helveticum 12. Hrsg. von Stettler, Bernhard. Basel 1998, 61*– 64*. Stettler, Bernhard
/Users/programming/PycharmProjects/Find_Bibliography_NEw/data/azk_library/zahnd-urs-martin__20.pdf;6;work;Tschudi (Aegidius/Gilg Tschudi, Chronicon Helveticum);chronicon\s+helveticum;"387– 406; Stettler (wie Anm. 3), 175 –183. 13 14 15 Tschudi, Aegidius: Chronicon Helveticum 10. Hrsg. von Stettler, Bernhard. Basel 1994, 9*– 11*; Stettler, Bernhard"
/Users/programming/PycharmProjects/Find_Bibliography_NEw/data/azk_library/zahnd-urs-martin__20.pdf;6;work;Tschudi (Aegidius/Gilg Tschudi, Chronicon Helveticum);chronicon\s+helveticum;"Anm. 1), 811– 814, Beilage 21 (Friede von Konstanz); Tschudi, Aegidius, Chronicon Helveticum 11. Hrsg. von Stettler, Bernhard. Basel 1996, 13*– 99*, 442 – 448; Stettler"
/Users/programming/PycharmProjects/Find_Bibliography_NEw/data/azk_library/zahnd-urs-martin__20.pdf;6;work;Zürcher Stadtchronik (allgemein);z[üu]rcher\s+stadtchronik;Schiedsspruch allerdings von den Zurchern. In der zweiten Fortsetzung der Zurcher Stadtchronik wird Heinrich von Bubenbergs Urteil scharf kritisiert10 – ein Kommentar
/Users/programming/PycharmProjects/Find_Bibliography_NEw/data/azk_library/zahnd-urs-martin__20.pdf;6;work;Zürcher Stadtchronik (allgemein);chronik\s+der\s+stadt\s+z[üu]rich;neutraler Seite juristisch gepruft worden. In der zweiten Fortsetzung der Chronik der Stadt Zurich wird genau dieser Punkt bei der Darstellung des abschliessenden Schiedsverfahrens
/Users/programming/PycharmProjects/Find_Bibliography_NEw/data/azk_library/zahnd-urs-martin__20.pdf;6;work;Zürcher Stadtchronik (allgemein);chronik\s+der\s+stadt\s+z[üu]rich;22.3.1444). 9 Tschachtlan (wie Anm. 8), 407, Kap. 725, Z. 23 –29. 10 Chronik der Stadt Zurich. Hrsg. von Dierauer, Johannes (= Quellen zur Schweizer Geschichte 18
/Users/programming/PycharmProjects/Find_Bibliography_NEw/data/azk_library/zahnd-urs-martin__20.pdf;6;work;Zürcher Stadtchronik (allgemein);chronik\s+der\s+stadt\s+z[üu]rich;"Stettler (wie Anm. 3), 179 –183; Tschudi 12 (wie Anm. 2), 67*–72*. 77 Chronik der Stadt Zurich (wie Anm. 10), 224, Z. 7–11; Tschudi 12 (wie Anm. 2), 64*– 67*. 78 Quellenwerk"
/Users/programming/PycharmProjects/Find_Bibliography_NEw/data/azk_library/zahnd-urs-martin__20.pdf;8;work;Fründ (Hans Fründ);hans\s+fr[üu]nd;mit diesem Frieden weitgehend durchgesetzt hatten, kaum einen Niederschlag. Hans Frund, der Schwyzer Land schreiber, beendet seine Chronik uber den Alten Zurichkrieg
/Users/programming/PycharmProjects/Find_Bibliography_NEw/data/azk_library/zahnd-urs-martin__20.pdf;8;work;Fründ (Hans Fründ);hans\s+fr[üu]nd;Bendicht Tschachtlan, der in seiner Darstellung der Jahre 1436 bis 1446 weitgehend Hans Frund folgt, er wahnt zwar mehrmals den nachmaligen Obmann Heinrich von Bubenberg
/Users/programming/PycharmProjects/Find_Bibliography_NEw/data/azk_library/zahnd-urs-martin__20.pdf;8;work;Fründ (Hans Fründ);\bfr[üu]nd\b;mit diesem Frieden weitgehend durchgesetzt hatten, kaum einen Niederschlag. Hans Frund, der Schwyzer Land schreiber, beendet seine Chronik uber den Alten Zurichkrieg
/Users/programming/PycharmProjects/Find_Bibliography_NEw/data/azk_library/zahnd-urs-martin__20.pdf;8;work;Fründ (Hans Fründ);\bfr[üu]nd\b;"Tschachtlan, der in seiner Darstellung der Jahre 1436 bis 1446 weitgehend Hans Frund folgt, er wahnt zwar mehrmals den nachmaligen Obmann Heinrich von Bubenberg;8"
/Users/programming/PycharmProjects/Find_Bibliography_NEw/data/azk_library/zahnd-urs-martin__20.pdf;8;work;Fründ (Hans Fründ);\bfr[üu]nd\b;Neue Zugange zum Alten Zurichkrieg. Zurich 2006, 11f. Stettler (wie Anm. 3), 161. Frund, Hans: Chronik. Hrsg. von Kind, Christian Immanuel. Chur 1875. Tschachtlans Bilderchronik
/Users/programming/PycharmProjects/Find_Bibliography_NEw/data/azk_library/zahnd-urs-martin__20.pdf;8;work;Schilling (ungenau);\bschilling\b;im Gefecht am Galternbach vom 29. Marz 1448 gegen die Freiburger. – Diebold Schilling: Spiezer Chronik (um 1485/86), Burgerbibliothek Bern, Mss.h.h.I.16, S. 772
/Users/programming/PycharmProjects/Find_Bibliography_NEw/data/azk_library/zahnd-urs-martin__20.pdf;8;work;Schilling (ungenau);diebold\s+schilling;Truppen im Gefecht am Galternbach vom 29. Marz 1448 gegen die Freiburger. – Diebold Schilling: Spiezer Chronik (um 1485/86), Burgerbibliothek Bern, Mss.h.h.I.16, S.
/Users/programming/PycharmProjects/Find_Bibliography_NEw/data/azk_library/zahnd-urs-martin__20.pdf;8;work;Tschachtlan (Benedikt Tschachtlan);\btschachtlan\b;bereits mit dem Jahr 1446 (Konstanzer Friede).7 Der Berner Ratsherr Bendicht Tschachtlan, der in seiner Darstellung der Jahre 1436 bis 1446 weitgehend Hans Frund folgt
/Users/programming/PycharmProjects/Find_Bibliography_NEw/data/azk_library/zahnd-urs-martin__20.pdf;8;work;Tschachtlan (Benedikt Tschachtlan);\btschachtlan\b;Schwyzern, der andere uber Mellingen in die Zurcher Landschaft. – Bendicht Tschachtlan: Bilderchronik (um 1470), Zentralbibliothek Zurich, Ms. A 120, S. 699. 36
/Users/programming/PycharmProjects/Find_Bibliography_NEw/data/azk_library/zahnd-urs-martin__20.pdf;8;work;Tschachtlan (Benedikt Tschachtlan);\btschachtlan\b;Kontingenten aus den verbundeten Stadten Basel und Solothurn belagert. – Bendicht Tschachtlan: Bilderchronik (um 1470), Zentralbibliothek Zurich, Ms. A 120, S. 813. Zahnd
/Users/programming/PycharmProjects/Find_Bibliography_NEw/data/azk_library/zahnd-urs-martin__20.pdf;8;work;Tschachtlan (Benedikt Tschachtlan);\btschachtlan\b;Friede 1.12.1440), 361, Kap. 619, Z. 4 (Friedenskonferenz in Baden 22.3.1444). 9 Tschachtlan (wie Anm. 8), 407, Kap. 725, Z. 23 –29. 10 Chronik der Stadt Zurich. Hrsg
/Users/programming/PycharmProjects/Find_Bibliography_NEw/data/azk_library/zahnd-urs-martin__20.pdf;8;work;Tschachtlan (Benedikt Tschachtlan);\btschachtlan\b;"370. 56 Abschiede 2 (wie Anm. 1), 174, Nr. 273; Tobler (wie Anm. 16), 374. 57 Tschachtlan (wie Anm. 8), 290, Kap. 451; Rechtsquellen IV.1 (wie Anm. 34), 102 –110, Nr"
/Users/programming/PycharmProjects/Find_Bibliography_NEw/data/azk_library/zahnd-urs-martin__20.pdf;8;work;Tschudi (Aegidius/Gilg Tschudi, Chronicon Helveticum);\btschudi\b;Eidgenossischen Abschiede 2. Hrsg. von Segesser von, Anton Philipp. Luzern 1863, 859. Tschudi, Aegidius: Chronicon Helveticum 12. Hrsg. von Stettler, Bernhard. Basel 1998
/Users/programming/PycharmProjects/Find_Bibliography_NEw/data/azk_library/zahnd-urs-martin__20.pdf;8;work;Tschudi (Aegidius/Gilg Tschudi, Chronicon Helveticum);\btschudi\b;"des Kantons Bern 13 (1892), 387– 406; Stettler (wie Anm. 3), 175 –183. 13 14 15 Tschudi, Aegidius: Chronicon Helveticum 10. Hrsg. von Stettler, Bernhard. Basel 1994"
/Users/programming/PycharmProjects/Find_Bibliography_NEw/data/azk_library/zahnd-urs-martin__20.pdf;8;work;Tschudi (Aegidius/Gilg Tschudi, Chronicon Helveticum);\btschudi\b;"Kilchberg); Stettler (wie Anm. 3), 145 –152; Schaufelberger (wie Anm. 11), 293 – 297; Tschudi 10 (wie Anm. 13), 14 – 349; Berger (wie Anm. 11), 62 –104. Zur zweiten Kriegsphase"
/Users/programming/PycharmProjects/Find_Bibliography_NEw/data/azk_library/zahnd-urs-martin__20.pdf;8;work;Tschudi (Aegidius/Gilg Tschudi, Chronicon Helveticum);\btschudi\b;"Kriegsphase vgl. Abschiede 2 (wie Anm. 1), 811– 814, Beilage 21 (Friede von Konstanz); Tschudi, Aegidius, Chronicon Helveticum 11. Hrsg. von Stettler, Bernhard. Basel 1996"
/Users/programming/PycharmProjects/Find_Bibliography_NEw/data/azk_library/zahnd-urs-martin__20.pdf;8;work;Tschudi (Aegidius/Gilg Tschudi, Chronicon Helveticum);\btschudi\b;"1450); Stettler (wie Anm. 3), 164 –179; Schaufelberger (wie Anm. 11), 303 –305; Tschudi 12 (wie Anm. 2), 27*– 64*; Berger (wie Anm. 11), 178 –192; Schneider (wie Anm"
/Users/programming/PycharmProjects/Find_Bibliography_NEw/data/azk_library/zahnd-urs-martin__20.pdf;8;work;Tschudi (Aegidius/Gilg Tschudi, Chronicon Helveticum);\btschudi\b;"zur Schweizer Geschichte 3. Fribourg 1916, 13f.; Feller 1 (wie Anm. 11), 311f.; Tschudi 12 (wie Anm. 2), 60*f.; Zahnd (wie Anm. 18), 113f. 22 23 24 25 26 Tobler (wie"
/Users/programming/PycharmProjects/Find_Bibliography_NEw/data/azk_library/zahnd-urs-martin__20.pdf;8;work;Tschudi (Aegidius/Gilg Tschudi, Chronicon Helveticum);\btschudi\b;"367– 409; Schneider (wie Anm. 12), passim; Feller 1 (wie Anm. 11), 271– 303; Tschudi 10 (wie Anm. 13), 182, Anm. 77; Tschudi 11 (wie Anm. 15), 81, Anm. 30. Tschudi"
/Users/programming/PycharmProjects/Find_Bibliography_NEw/data/azk_library/zahnd-urs-martin__20.pdf;8;work;Tschudi (Aegidius/Gilg Tschudi, Chronicon Helveticum);\btschudi\b;"passim; Feller 1 (wie Anm. 11), 271– 303; Tschudi 10 (wie Anm. 13), 182, Anm. 77; Tschudi 11 (wie Anm. 15), 81, Anm. 30. Tschudi 10 (wie Anm. 13), 55, Anm. 25. Tschudi"
/Users/programming/PycharmProjects/Find_Bibliography_NEw/data/azk_library/zahnd-urs-martin__20.pdf;8;work;Tschudi (Aegidius/Gilg Tschudi, Chronicon Helveticum);\btschudi\b;"Tschudi 10 (wie Anm. 13), 182, Anm. 77; Tschudi 11 (wie Anm. 15), 81, Anm. 30. Tschudi 10 (wie Anm. 13), 55, Anm. 25. Tschudi 10 (wie Anm. 13), 89, Anm. 32; 111, Anm"
/Users/programming/PycharmProjects/Find_Bibliography_NEw/data/azk_library/zahnd-urs-martin__20.pdf;8;work;Tschudi (Aegidius/Gilg Tschudi, Chronicon Helveticum);\btschudi\b;"Tschudi 11 (wie Anm. 15), 81, Anm. 30. Tschudi 10 (wie Anm. 13), 55, Anm. 25. Tschudi 10 (wie Anm. 13), 89, Anm. 32; 111, Anm. 36; Schneider (wie Anm. 12), 299 –"
/Users/programming/PycharmProjects/Find_Bibliography_NEw/data/azk_library/zahnd-urs-martin__20.pdf;8;work;Tschudi (Aegidius/Gilg Tschudi, Chronicon Helveticum);\btschudi\b;"wie Anm. 13), 89, Anm. 32; 111, Anm. 36; Schneider (wie Anm. 12), 299 – 303. Tschudi 10 (wie Anm. 13), 113f., Anm. 36; Stettler (wie Anm. 3), 150. Tschudi 10 (wie"
/Users/programming/PycharmProjects/Find_Bibliography_NEw/data/azk_library/zahnd-urs-martin__20.pdf;8;work;Tschudi (Aegidius/Gilg Tschudi, Chronicon Helveticum);\btschudi\b;"– 303. Tschudi 10 (wie Anm. 13), 113f., Anm. 36; Stettler (wie Anm. 3), 150. Tschudi 10 (wie Anm. 13), 17*– 62*; 183 –207; Schneider (wie Anm. 12), 304–307; Feller"
/Users/programming/PycharmProjects/Find_Bibliography_NEw/data/azk_library/zahnd-urs-martin__20.pdf;8;work;Tschudi (Aegidius/Gilg Tschudi, Chronicon Helveticum);\btschudi\b;"27 Abschiede 2 (wie Anm. 1), 133, Nr. 211; Schneider (wie Anm. 12), 399. 28 Tschudi 10 (wie Anm. 13), 308, Anm. 127; Feller 1 (wie Anm. 11), 275 – 277. 29 Abschiede"
/Users/programming/PycharmProjects/Find_Bibliography_NEw/data/azk_library/zahnd-urs-martin__20.pdf;8;work;Tschudi (Aegidius/Gilg Tschudi, Chronicon Helveticum);\btschudi\b;"(wie Anm. 11), 275 – 277. 29 Abschiede 2 (wie Anm. 1), 773 –777, Beilage 12; Tschudi 10 (wie Anm. 13), 337, Anm. 133; Schneider (wie Anm. 12), 311– 314. 30 Tschudi"
/Users/programming/PycharmProjects/Find_Bibliography_NEw/data/azk_library/zahnd-urs-martin__20.pdf;8;work;Tschudi (Aegidius/Gilg Tschudi, Chronicon Helveticum);\btschudi\b;"Tschudi 10 (wie Anm. 13), 337, Anm. 133; Schneider (wie Anm. 12), 311– 314. 30 Tschudi 10 (wie Anm. 13), 348, Anm. 136; 356, Anm. 140; Berger (wie Anm. 11), 95 –104"
/Users/programming/PycharmProjects/Find_Bibliography_NEw/data/azk_library/zahnd-urs-martin__20.pdf;8;work;Tschudi (Aegidius/Gilg Tschudi, Chronicon Helveticum);\btschudi\b;"Vereins des Kantons Schwyz 83 (1991), 25 –39. Feller 1 (wie Anm. 11), 273f.; Tschudi 10 (wie Anm. 13), 111, Anm. 36; 122, Anm. 38; 182, Anm. 77; Stettler (wie Anm"
/Users/programming/PycharmProjects/Find_Bibliography_NEw/data/azk_library/zahnd-urs-martin__20.pdf;8;work;Tschudi (Aegidius/Gilg Tschudi, Chronicon Helveticum);\btschudi\b;"1955, 96 –110, Nr. 145 (Ewiger Bund der Stadte Zurich und Bern 22.1.1423). 35 36 Tschudi 10 (wie Anm. 13), 184, Anm. 77; Feller 1 (wie Anm. 11), 276. Tschudi 10 (wie"
/Users/programming/PycharmProjects/Find_Bibliography_NEw/data/azk_library/zahnd-urs-martin__20.pdf;8;work;Tschudi (Aegidius/Gilg Tschudi, Chronicon Helveticum);\btschudi\b;". 35 36 Tschudi 10 (wie Anm. 13), 184, Anm. 77; Feller 1 (wie Anm. 11), 276. Tschudi 10 (wie Anm. 13), 356, Anm. 140; Tschudi 11 (wie Anm. 15), 81, Anm. 30; Schneider"
/Users/programming/PycharmProjects/Find_Bibliography_NEw/data/azk_library/zahnd-urs-martin__20.pdf;8;work;Tschudi (Aegidius/Gilg Tschudi, Chronicon Helveticum);\btschudi\b;"Anm. 77; Feller 1 (wie Anm. 11), 276. Tschudi 10 (wie Anm. 13), 356, Anm. 140; Tschudi 11 (wie Anm. 15), 81, Anm. 30; Schneider (wie Anm. 12), 312f.; Berger (wie Anm"
/Users/programming/PycharmProjects/Find_Bibliography_NEw/data/azk_library/zahnd-urs-martin__20.pdf;8;work;Tschudi (Aegidius/Gilg Tschudi, Chronicon Helveticum);\btschudi\b;"Anm. 12), 400; Feller 1 (wie Anm. 11), 283f.; Berger (wie Anm. 11), 130 –132; Tschudi 11 (wie Anm. 15), 263, Anm. 123; 278, Anm. 129; 285, Anm. 131; 294, Anm. 132"
/Users/programming/PycharmProjects/Find_Bibliography_NEw/data/azk_library/zahnd-urs-martin__20.pdf;8;work;Tschudi (Aegidius/Gilg Tschudi, Chronicon Helveticum);\btschudi\b;"Anm. 11), 290; Berger (wie Anm. 11), 146 –152; Stettler (wie Anm. 3), 157–160; Tschudi 11 (wie Anm. 15), 312, Anm. 139. 40 Tobler (wie Anm. 16), 404f.; Schneider"
/Users/programming/PycharmProjects/Find_Bibliography_NEw/data/azk_library/zahnd-urs-martin__20.pdf;8;work;Tschudi (Aegidius/Gilg Tschudi, Chronicon Helveticum);\btschudi\b;"Anm. 139. 40 Tobler (wie Anm. 16), 404f.; Schneider (wie Anm. 12), 337– 345; Tschudi 12 (wie Anm. 2), 13*– 21*. 41 Schneider (wie Anm. 12), 384–387; Tschudi 12"
/Users/programming/PycharmProjects/Find_Bibliography_NEw/data/azk_library/zahnd-urs-martin__20.pdf;8;work;Tschudi (Aegidius/Gilg Tschudi, Chronicon Helveticum);\btschudi\b;"345; Tschudi 12 (wie Anm. 2), 13*– 21*. 41 Schneider (wie Anm. 12), 384–387; Tschudi 12 (wie Anm. 2), 57*– 64*; Stettler (wie Anm. 3), 42 43 175 –179. Feller 1"
/Users/programming/PycharmProjects/Find_Bibliography_NEw/data/azk_library/zahnd-urs-martin__20.pdf;8;work;Tschudi (Aegidius/Gilg Tschudi, Chronicon Helveticum);\btschudi\b;"Anm. 34), 249 –256, Nr. 156 (Bundnis von Bern, Solothurn und Basel 2.3.1441); Tschudi 10 (wie Anm. 13), 358, Anm. 142. 45 Rechtsquellen IV.1 (wie Anm. 34), 199 –201"
/Users/programming/PycharmProjects/Find_Bibliography_NEw/data/azk_library/zahnd-urs-martin__20.pdf;8;work;Tschudi (Aegidius/Gilg Tschudi, Chronicon Helveticum);\btschudi\b;"Bestatigung der Freiheiten Berns durch Friedrich III., Freiburg 17.10.1442); Tschudi 11 (wie Anm. 15), 23, Anm. 7; 53, Anm. 17; Feller 1 (wie Anm. 11), 278; Berger"
/Users/programming/PycharmProjects/Find_Bibliography_NEw/data/azk_library/zahnd-urs-martin__20.pdf;8;work;Tschudi (Aegidius/Gilg Tschudi, Chronicon Helveticum);\btschudi\b;"Anm. 17; Feller 1 (wie Anm. 11), 278; Berger (wie Anm. 11), 109 –113. 46 47 Tschudi 11 (wie Anm. 15), 65*– 82*; 81, Anm. 30; 184, Anm. 82; 187, Anm. 83; Feller"
/Users/programming/PycharmProjects/Find_Bibliography_NEw/data/azk_library/zahnd-urs-martin__20.pdf;8;work;Tschudi (Aegidius/Gilg Tschudi, Chronicon Helveticum);\btschudi\b;"Anm. 82; 187, Anm. 83; Feller 1 (wie Anm. 11), 283; Berger (wie Anm. 11), 195. Tschudi 11 (wie Anm. 15), 393, Anm. 194; Feller 1 (wie Anm. 11), 290f.; Schaufelberger"
/Users/programming/PycharmProjects/Find_Bibliography_NEw/data/azk_library/zahnd-urs-martin__20.pdf;8;work;Tschudi (Aegidius/Gilg Tschudi, Chronicon Helveticum);\btschudi\b;"wie Anm. 16), 380f.; 404 – 406, Beilage 18; Berger (wie Anm. 11), 189 – 192; Tschudi 11 (wie Anm. 15), 371, Anm. 175. 61 Actenstucke betreffend die zu Freyburg vorgefallene"
/Users/programming/PycharmProjects/Find_Bibliography_NEw/data/azk_library/zahnd-urs-martin__20.pdf;8;work;Tschudi (Aegidius/Gilg Tschudi, Chronicon Helveticum);\btschudi\b;"– 841, Beilage 25; 841– 844, Beilage 26; Schneider (wie Anm. 12), 384 – 387; Tschudi 12 (wie Anm. 2), 33*f., 58f.; Stettler (wie Anm. 3), 177f. 73 Abschiede 2 (wie"
/Users/programming/PycharmProjects/Find_Bibliography_NEw/data/azk_library/zahnd-urs-martin__20.pdf;8;work;Tschudi (Aegidius/Gilg Tschudi, Chronicon Helveticum);\btschudi\b;"Rechtsquellen IV.1 (wie Anm. 34), 348, Z. 14; Schneider (wie Anm. 12), 399 – 402; Tschudi 12 (wie Anm. 2), 60*, Anm. 133*. 74 Abschiede 2 (wie Anm. 1), 858 – 860. 75"
/Users/programming/PycharmProjects/Find_Bibliography_NEw/data/azk_library/zahnd-urs-martin__20.pdf;8;work;Tschudi (Aegidius/Gilg Tschudi, Chronicon Helveticum);\btschudi\b;"– 860. 75 Abschiede 2 (wie Anm. 1), 859. 76 Stettler (wie Anm. 3), 179 –183; Tschudi 12 (wie Anm. 2), 67*–72*. 77 Chronik der Stadt Zurich (wie Anm. 10), 224, Z"
/Users/programming/PycharmProjects/Find_Bibliography_NEw/data/azk_library/zahnd-urs-martin__20.pdf;8;work;Tschudi (Aegidius/Gilg Tschudi, Chronicon Helveticum);\btschudi\b;"wie Anm. 2), 67*–72*. 77 Chronik der Stadt Zurich (wie Anm. 10), 224, Z. 7–11; Tschudi 12 (wie Anm. 2), 64*– 67*. 78 Quellenwerk zur Entstehung der Schweizerischen"
/Users/programming/PycharmProjects/Find_Bibliography_NEw/data/azk_library/zahnd-urs-martin__20.pdf;8;work;Tschudi (Aegidius/Gilg Tschudi, Chronicon Helveticum);\btschudi\b;entdeckt. Hrsg. von Beer, Ellen J. et al. Bern 2003, 2. Aufl., 330 – 348. 81 Tschudi 12 (wie Anm. 2), 61*, Anm. 136*. 82 Rechtsquellen IV.1 (wie Anm. 34), 34 –79
/Users/programming/PycharmProjects/Find_Bibliography_NEw/data/azk_library/zahnd-urs-martin__20.pdf;8;work;Tschudi (Aegidius/Gilg Tschudi, Chronicon Helveticum);chronicon\s+helveticum;von Segesser von, Anton Philipp. Luzern 1863, 859. Tschudi, Aegidius: Chronicon Helveticum 12. Hrsg. von Stettler, Bernhard. Basel 1998, 61*– 64*. Stettler, Bernhard
/Users/programming/PycharmProjects/Find_Bibliography_NEw/data/azk_library/zahnd-urs-martin__20.pdf;8;work;Tschudi (Aegidius/Gilg Tschudi, Chronicon Helveticum);chronicon\s+helveticum;"387– 406; Stettler (wie Anm. 3), 175 –183. 13 14 15 Tschudi, Aegidius: Chronicon Helveticum 10. Hrsg. von Stettler, Bernhard. Basel 1994, 9*– 11*; Stettler, Bernhard"
/Users/programming/PycharmProjects/Find_Bibliography_NEw/data/azk_library/zahnd-urs-martin__20.pdf;8;work;Tschudi (Aegidius/Gilg Tschudi, Chronicon Helveticum);chronicon\s+helveticum;"Anm. 1), 811– 814, Beilage 21 (Friede von Konstanz); Tschudi, Aegidius, Chronicon Helveticum 11. Hrsg. von Stettler, Bernhard. Basel 1996, 13*– 99*, 442 – 448; Stettler"
/Users/programming/PycharmProjects/Find_Bibliography_NEw/data/azk_library/zahnd-urs-martin__20.pdf;8;work;Zürcher Stadtchronik (allgemein);z[üu]rcher\s+stadtchronik;Schiedsspruch allerdings von den Zurchern. In der zweiten Fortsetzung der Zurcher Stadtchronik wird Heinrich von Bubenbergs Urteil scharf kritisiert10 – ein Kommentar
/Users/programming/PycharmProjects/Find_Bibliography_NEw/data/azk_library/zahnd-urs-martin__20.pdf;8;work;Zürcher Stadtchronik (allgemein);chronik\s+der\s+stadt\s+z[üu]rich;neutraler Seite juristisch gepruft worden. In der zweiten Fortsetzung der Chronik der Stadt Zurich wird genau dieser Punkt bei der Darstellung des abschliessenden Schiedsverfahrens
/Users/programming/PycharmProjects/Find_Bibliography_NEw/data/azk_library/zahnd-urs-martin__20.pdf;8;work;Zürcher Stadtchronik (allgemein);chronik\s+der\s+stadt\s+z[üu]rich;22.3.1444). 9 Tschachtlan (wie Anm. 8), 407, Kap. 725, Z. 23 –29. 10 Chronik der Stadt Zurich. Hrsg. von Dierauer, Johannes (= Quellen zur Schweizer Geschichte 18
/Users/programming/PycharmProjects/Find_Bibliography_NEw/data/azk_library/zahnd-urs-martin__20.pdf;8;work;Zürcher Stadtchronik (allgemein);chronik\s+der\s+stadt\s+z[üu]rich;"Stettler (wie Anm. 3), 179 –183; Tschudi 12 (wie Anm. 2), 67*–72*. 77 Chronik der Stadt Zurich (wie Anm. 10), 224, Z. 7–11; Tschudi 12 (wie Anm. 2), 64*– 67*. 78 Quellenwerk"
/Users/programming/PycharmProjects/Find_Bibliography_NEw/data/azk_library/zahnd-urs-martin__20.pdf;13;work;Fründ (Hans Fründ);hans\s+fr[üu]nd;mit diesem Frieden weitgehend durchgesetzt hatten, kaum einen Niederschlag. Hans Frund, der Schwyzer Land schreiber, beendet seine Chronik uber den Alten Zurichkrieg
/Users/programming/PycharmProjects/Find_Bibliography_NEw/data/azk_library/zahnd-urs-martin__20.pdf;13;work;Fründ (Hans Fründ);hans\s+fr[üu]nd;Bendicht Tschachtlan, der in seiner Darstellung der Jahre 1436 bis 1446 weitgehend Hans Frund folgt, er wahnt zwar mehrmals den nachmaligen Obmann Heinrich von Bubenberg
/Users/programming/PycharmProjects/Find_Bibliography_NEw/data/azk_library/zahnd-urs-martin__20.pdf;13;work;Fründ (Hans Fründ);\bfr[üu]nd\b;mit diesem Frieden weitgehend durchgesetzt hatten, kaum einen Niederschlag. Hans Frund, der Schwyzer Land schreiber, beendet seine Chronik uber den Alten Zurichkrieg
/Users/programming/PycharmProjects/Find_Bibliography_NEw/data/azk_library/zahnd-urs-martin__20.pdf;13;work;Fründ (Hans Fründ);\bfr[üu]nd\b;"Tschachtlan, der in seiner Darstellung der Jahre 1436 bis 1446 weitgehend Hans Frund folgt, er wahnt zwar mehrmals den nachmaligen Obmann Heinrich von Bubenberg;8"
/Users/programming/PycharmProjects/Find_Bibliography_NEw/data/azk_library/zahnd-urs-martin__20.pdf;13;work;Fründ (Hans Fründ);\bfr[üu]nd\b;Neue Zugange zum Alten Zurichkrieg. Zurich 2006, 11f. Stettler (wie Anm. 3), 161. Frund, Hans: Chronik. Hrsg. von Kind, Christian Immanuel. Chur 1875. Tschachtlans Bilderchronik
/Users/programming/PycharmProjects/Find_Bibliography_NEw/data/azk_library/zahnd-urs-martin__20.pdf;13;work;Schilling (ungenau);\bschilling\b;im Gefecht am Galternbach vom 29. Marz 1448 gegen die Freiburger. – Diebold Schilling: Spiezer Chronik (um 1485/86), Burgerbibliothek Bern, Mss.h.h.I.16, S. 772
/Users/programming/PycharmProjects/Find_Bibliography_NEw/data/azk_library/zahnd-urs-martin__20.pdf;13;work;Schilling (ungenau);diebold\s+schilling;Truppen im Gefecht am Galternbach vom 29. Marz 1448 gegen die Freiburger. – Diebold Schilling: Spiezer Chronik (um 1485/86), Burgerbibliothek Bern, Mss.h.h.I.16, S.
/Users/programming/PycharmProjects/Find_Bibliography_NEw/data/azk_library/zahnd-urs-martin__20.pdf;13;work;Tschachtlan (Benedikt Tschachtlan);\btschachtlan\b;bereits mit dem Jahr 1446 (Konstanzer Friede).7 Der Berner Ratsherr Bendicht Tschachtlan, der in seiner Darstellung der Jahre 1436 bis 1446 weitgehend Hans Frund folgt
/Users/programming/PycharmProjects/Find_Bibliography_NEw/data/azk_library/zahnd-urs-martin__20.pdf;13;work;Tschachtlan (Benedikt Tschachtlan);\btschachtlan\b;Schwyzern, der andere uber Mellingen in die Zurcher Landschaft. – Bendicht Tschachtlan: Bilderchronik (um 1470), Zentralbibliothek Zurich, Ms. A 120, S. 699. 36
/Users/programming/PycharmProjects/Find_Bibliography_NEw/data/azk_library/zahnd-urs-martin__20.pdf;13;work;Tschachtlan (Benedikt Tschachtlan);\btschachtlan\b;Kontingenten aus den verbundeten Stadten Basel und Solothurn belagert. – Bendicht Tschachtlan: Bilderchronik (um 1470), Zentralbibliothek Zurich, Ms. A 120, S. 813. Zahnd
/Users/programming/PycharmProjects/Find_Bibliography_NEw/data/azk_library/zahnd-urs-martin__20.pdf;13;work;Tschachtlan (Benedikt Tschachtlan);\btschachtlan\b;Friede 1.12.1440), 361, Kap. 619, Z. 4 (Friedenskonferenz in Baden 22.3.1444). 9 Tschachtlan (wie Anm. 8), 407, Kap. 725, Z. 23 –29. 10 Chronik der Stadt Zurich. Hrsg
/Users/programming/PycharmProjects/Find_Bibliography_NEw/data/azk_library/zahnd-urs-martin__20.pdf;13;work;Tschachtlan (Benedikt Tschachtlan);\btschachtlan\b;"370. 56 Abschiede 2 (wie Anm. 1), 174, Nr. 273; Tobler (wie Anm. 16), 374. 57 Tschachtlan (wie Anm. 8), 290, Kap. 451; Rechtsquellen IV.1 (wie Anm. 34), 102 –110, Nr"
/Users/programming/PycharmProjects/Find_Bibliography_NEw/data/azk_library/zahnd-urs-martin__20.pdf;13;work;Tschudi (Aegidius/Gilg Tschudi, Chronicon Helveticum);\btschudi\b;Eidgenossischen Abschiede 2. Hrsg. von Segesser von, Anton Philipp. Luzern 1863, 859. Tschudi, Aegidius: Chronicon Helveticum 12. Hrsg. von Stettler, Bernhard. Basel 1998
/Users/programming/PycharmProjects/Find_Bibliography_NEw/data/azk_library/zahnd-urs-martin__20.pdf;13;work;Tschudi (Aegidius/Gilg Tschudi, Chronicon Helveticum);\btschudi\b;"des Kantons Bern 13 (1892), 387– 406; Stettler (wie Anm. 3), 175 –183. 13 14 15 Tschudi, Aegidius: Chronicon Helveticum 10. Hrsg. von Stettler, Bernhard. Basel 1994"
/Users/programming/PycharmProjects/Find_Bibliography_NEw/data/azk_library/zahnd-urs-martin__20.pdf;13;work;Tschudi (Aegidius/Gilg Tschudi, Chronicon Helveticum);\btschudi\b;"Kilchberg); Stettler (wie Anm. 3), 145 –152; Schaufelberger (wie Anm. 11), 293 – 297; Tschudi 10 (wie Anm. 13), 14 – 349; Berger (wie Anm. 11), 62 –104. Zur zweiten Kriegsphase"
/Users/programming/PycharmProjects/Find_Bibliography_NEw/data/azk_library/zahnd-urs-martin__20.pdf;13;work;Tschudi (Aegidius/Gilg Tschudi, Chronicon Helveticum);\btschudi\b;"Kriegsphase vgl. Abschiede 2 (wie Anm. 1), 811– 814, Beilage 21 (Friede von Konstanz); Tschudi, Aegidius, Chronicon Helveticum 11. Hrsg. von Stettler, Bernhard. Basel 1996"
/Users/programming/PycharmProjects/Find_Bibliography_NEw/data/azk_library/zahnd-urs-martin__20.pdf;13;work;Tschudi (Aegidius/Gilg Tschudi, Chronicon Helveticum);\btschudi\b;"1450); Stettler (wie Anm. 3), 164 –179; Schaufelberger (wie Anm. 11), 303 –305; Tschudi 12 (wie Anm. 2), 27*– 64*; Berger (wie Anm. 11), 178 –192; Schneider (wie Anm"
/Users/programming/PycharmProjects/Find_Bibliography_NEw/data/azk_library/zahnd-urs-martin__20.pdf;13;work;Tschudi (Aegidius/Gilg Tschudi, Chronicon Helveticum);\btschudi\b;"zur Schweizer Geschichte 3. Fribourg 1916, 13f.; Feller 1 (wie Anm. 11), 311f.; Tschudi 12 (wie Anm. 2), 60*f.; Zahnd (wie Anm. 18), 113f. 22 23 24 25 26 Tobler (wie"
/Users/programming/PycharmProjects/Find_Bibliography_NEw/data/azk_library/zahnd-urs-martin__20.pdf;13;work;Tschudi (Aegidius/Gilg Tschudi, Chronicon Helveticum);\btschudi\b;"367– 409; Schneider (wie Anm. 12), passim; Feller 1 (wie Anm. 11), 271– 303; Tschudi 10 (wie Anm. 13), 182, Anm. 77; Tschudi 11 (wie Anm. 15), 81, Anm. 30. Tschudi"
/Users/programming/PycharmProjects/Find_Bibliography_NEw/data/azk_library/zahnd-urs-martin__20.pdf;13;work;Tschudi (Aegidius/Gilg Tschudi, Chronicon Helveticum);\btschudi\b;"passim; Feller 1 (wie Anm. 11), 271– 303; Tschudi 10 (wie Anm. 13), 182, Anm. 77; Tschudi 11 (wie Anm. 15), 81, Anm. 30. Tschudi 10 (wie Anm. 13), 55, Anm. 25. Tschudi"
/Users/programming/PycharmProjects/Find_Bibliography_NEw/data/azk_library/zahnd-urs-martin__20.pdf;13;work;Tschudi (Aegidius/Gilg Tschudi, Chronicon Helveticum);\btschudi\b;"Tschudi 10 (wie Anm. 13), 182, Anm. 77; Tschudi 11 (wie Anm. 15), 81, Anm. 30. Tschudi 10 (wie Anm. 13), 55, Anm. 25. Tschudi 10 (wie Anm. 13), 89, Anm. 32; 111, Anm"
/Users/programming/PycharmProjects/Find_Bibliography_NEw/data/azk_library/zahnd-urs-martin__20.pdf;13;work;Tschudi (Aegidius/Gilg Tschudi, Chronicon Helveticum);\btschudi\b;"Tschudi 11 (wie Anm. 15), 81, Anm. 30. Tschudi 10 (wie Anm. 13), 55, Anm. 25. Tschudi 10 (wie Anm. 13), 89, Anm. 32; 111, Anm. 36; Schneider (wie Anm. 12), 299 –"
/Users/programming/PycharmProjects/Find_Bibliography_NEw/data/azk_library/zahnd-urs-martin__20.pdf;13;work;Tschudi (Aegidius/Gilg Tschudi, Chronicon Helveticum);\btschudi\b;"wie Anm. 13), 89, Anm. 32; 111, Anm. 36; Schneider (wie Anm. 12), 299 – 303. Tschudi 10 (wie Anm. 13), 113f., Anm. 36; Stettler (wie Anm. 3), 150. Tschudi 10 (wie"
/Users/programming/PycharmProjects/Find_Bibliography_NEw/data/azk_library/zahnd-urs-martin__20.pdf;13;work;Tschudi (Aegidius/Gilg Tschudi, Chronicon Helveticum);\btschudi\b;"– 303. Tschudi 10 (wie Anm. 13), 113f., Anm. 36; Stettler (wie Anm. 3), 150. Tschudi 10 (wie Anm. 13), 17*– 62*; 183 –207; Schneider (wie Anm. 12), 304–307; Feller"
/Users/programming/PycharmProjects/Find_Bibliography_NEw/data/azk_library/zahnd-urs-martin__20.pdf;13;work;Tschudi (Aegidius/Gilg Tschudi, Chronicon Helveticum);\btschudi\b;"27 Abschiede 2 (wie Anm. 1), 133, Nr. 211; Schneider (wie Anm. 12), 399. 28 Tschudi 10 (wie Anm. 13), 308, Anm. 127; Feller 1 (wie Anm. 11), 275 – 277. 29 Abschiede"
/Users/programming/PycharmProjects/Find_Bibliography_NEw/data/azk_library/zahnd-urs-martin__20.pdf;13;work;Tschudi (Aegidius/Gilg Tschudi, Chronicon Helveticum);\btschudi\b;"(wie Anm. 11), 275 – 277. 29 Abschiede 2 (wie Anm. 1), 773 –777, Beilage 12; Tschudi 10 (wie Anm. 13), 337, Anm. 133; Schneider (wie Anm. 12), 311– 314. 30 Tschudi"
/Users/programming/PycharmProjects/Find_Bibliography_NEw/data/azk_library/zahnd-urs-martin__20.pdf;13;work;Tschudi (Aegidius/Gilg Tschudi, Chronicon Helveticum);\btschudi\b;"Tschudi 10 (wie Anm. 13), 337, Anm. 133; Schneider (wie Anm. 12), 311– 314. 30 Tschudi 10 (wie Anm. 13), 348, Anm. 136; 356, Anm. 140; Berger (wie Anm. 11), 95 –104"
/Users/programming/PycharmProjects/Find_Bibliography_NEw/data/azk_library/zahnd-urs-martin__20.pdf;13;work;Tschudi (Aegidius/Gilg Tschudi, Chronicon Helveticum);\btschudi\b;"Vereins des Kantons Schwyz 83 (1991), 25 –39. Feller 1 (wie Anm. 11), 273f.; Tschudi 10 (wie Anm. 13), 111, Anm. 36; 122, Anm. 38; 182, Anm. 77; Stettler (wie Anm"
/Users/programming/PycharmProjects/Find_Bibliography_NEw/data/azk_library/zahnd-urs-martin__20.pdf;13;work;Tschudi (Aegidius/Gilg Tschudi, Chronicon Helveticum);\btschudi\b;"1955, 96 –110, Nr. 145 (Ewiger Bund der Stadte Zurich und Bern 22.1.1423). 35 36 Tschudi 10 (wie Anm. 13), 184, Anm. 77; Feller 1 (wie Anm. 11), 276. Tschudi 10 (wie"
/Users/programming/PycharmProjects/Find_Bibliography_NEw/data/azk_library/zahnd-urs-martin__20.pdf;13;work;Tschudi (Aegidius/Gilg Tschudi, Chronicon Helveticum);\btschudi\b;". 35 36 Tschudi 10 (wie Anm. 13), 184, Anm. 77; Feller 1 (wie Anm. 11), 276. Tschudi 10 (wie Anm. 13), 356, Anm. 140; Tschudi 11 (wie Anm. 15), 81, Anm. 30; Schneider"
/Users/programming/PycharmProjects/Find_Bibliography_NEw/data/azk_library/zahnd-urs-martin__20.pdf;13;work;Tschudi (Aegidius/Gilg Tschudi, Chronicon Helveticum);\btschudi\b;"Anm. 77; Feller 1 (wie Anm. 11), 276. Tschudi 10 (wie Anm. 13), 356, Anm. 140; Tschudi 11 (wie Anm. 15), 81, Anm. 30; Schneider (wie Anm. 12), 312f.; Berger (wie Anm"
/Users/programming/PycharmProjects/Find_Bibliography_NEw/data/azk_library/zahnd-urs-martin__20.pdf;13;work;Tschudi (Aegidius/Gilg Tschudi, Chronicon Helveticum);\btschudi\b;"Anm. 12), 400; Feller 1 (wie Anm. 11), 283f.; Berger (wie Anm. 11), 130 –132; Tschudi 11 (wie Anm. 15), 263, Anm. 123; 278, Anm. 129; 285, Anm. 131; 294, Anm. 132"
/Users/programming/PycharmProjects/Find_Bibliography_NEw/data/azk_library/zahnd-urs-martin__20.pdf;13;work;Tschudi (Aegidius/Gilg Tschudi, Chronicon Helveticum);\btschudi\b;"Anm. 11), 290; Berger (wie Anm. 11), 146 –152; Stettler (wie Anm. 3), 157–160; Tschudi 11 (wie Anm. 15), 312, Anm. 139. 40 Tobler (wie Anm. 16), 404f.; Schneider"
/Users/programming/PycharmProjects/Find_Bibliography_NEw/data/azk_library/zahnd-urs-martin__20.pdf;13;work;Tschudi (Aegidius/Gilg Tschudi, Chronicon Helveticum);\btschudi\b;"Anm. 139. 40 Tobler (wie Anm. 16), 404f.; Schneider (wie Anm. 12), 337– 345; Tschudi 12 (wie Anm. 2), 13*– 21*. 41 Schneider (wie Anm. 12), 384–387; Tschudi 12"
/Users/programming/PycharmProjects/Find_Bibliography_NEw/data/azk_library/zahnd-urs-martin__20.pdf;13;work;Tschudi (Aegidius/Gilg Tschudi, Chronicon Helveticum);\btschudi\b;"345; Tschudi 12 (wie Anm. 2), 13*– 21*. 41 Schneider (wie Anm. 12), 384–387; Tschudi 12 (wie Anm. 2), 57*– 64*; Stettler (wie Anm. 3), 42 43 175 –179. Feller 1"
/Users/programming/PycharmProjects/Find_Bibliography_NEw/data/azk_library/zahnd-urs-martin__20.pdf;13;work;Tschudi (Aegidius/Gilg Tschudi, Chronicon Helveticum);\btschudi\b;"Anm. 34), 249 –256, Nr. 156 (Bundnis von Bern, Solothurn und Basel 2.3.1441); Tschudi 10 (wie Anm. 13), 358, Anm. 142. 45 Rechtsquellen IV.1 (wie Anm. 34), 199 –201"
/Users/programming/PycharmProjects/Find_Bibliography_NEw/data/azk_library/zahnd-urs-martin__20.pdf;13;work;Tschudi (Aegidius/Gilg Tschudi, Chronicon Helveticum);\btschudi\b;"Bestatigung der Freiheiten Berns durch Friedrich III., Freiburg 17.10.1442); Tschudi 11 (wie Anm. 15), 23, Anm. 7; 53, Anm. 17; Feller 1 (wie Anm. 11), 278; Berger"
/Users/programming/PycharmProjects/Find_Bibliography_NEw/data/azk_library/zahnd-urs-martin__20.pdf;13;work;Tschudi (Aegidius/Gilg Tschudi, Chronicon Helveticum);\btschudi\b;"Anm. 17; Feller 1 (wie Anm. 11), 278; Berger (wie Anm. 11), 109 –113. 46 47 Tschudi 11 (wie Anm. 15), 65*– 82*; 81, Anm. 30; 184, Anm. 82; 187, Anm. 83; Feller"
/Users/programming/PycharmProjects/Find_Bibliography_NEw/data/azk_library/zahnd-urs-martin__20.pdf;13;work;Tschudi (Aegidius/Gilg Tschudi, Chronicon Helveticum);\btschudi\b;"Anm. 82; 187, Anm. 83; Feller 1 (wie Anm. 11), 283; Berger (wie Anm. 11), 195. Tschudi 11 (wie Anm. 15), 393, Anm. 194; Feller 1 (wie Anm. 11), 290f.; Schaufelberger"
/Users/programming/PycharmProjects/Find_Bibliography_NEw/data/azk_library/zahnd-urs-martin__20.pdf;13;work;Tschudi (Aegidius/Gilg Tschudi, Chronicon Helveticum);\btschudi\b;"wie Anm. 16), 380f.; 404 – 406, Beilage 18; Berger (wie Anm. 11), 189 – 192; Tschudi 11 (wie Anm. 15), 371, Anm. 175. 61 Actenstucke betreffend die zu Freyburg vorgefallene"
/Users/programming/PycharmProjects/Find_Bibliography_NEw/data/azk_library/zahnd-urs-martin__20.pdf;13;work;Tschudi (Aegidius/Gilg Tschudi, Chronicon Helveticum);\btschudi\b;"– 841, Beilage 25; 841– 844, Beilage 26; Schneider (wie Anm. 12), 384 – 387; Tschudi 12 (wie Anm. 2), 33*f., 58f.; Stettler (wie Anm. 3), 177f. 73 Abschiede 2 (wie"
/Users/programming/PycharmProjects/Find_Bibliography_NEw/data/azk_library/zahnd-urs-martin__20.pdf;13;work;Tschudi (Aegidius/Gilg Tschudi, Chronicon Helveticum);\btschudi\b;"Rechtsquellen IV.1 (wie Anm. 34), 348, Z. 14; Schneider (wie Anm. 12), 399 – 402; Tschudi 12 (wie Anm. 2), 60*, Anm. 133*. 74 Abschiede 2 (wie Anm. 1), 858 – 860. 75"
/Users/programming/PycharmProjects/Find_Bibliography_NEw/data/azk_library/zahnd-urs-martin__20.pdf;13;work;Tschudi (Aegidius/Gilg Tschudi, Chronicon Helveticum);\btschudi\b;"– 860. 75 Abschiede 2 (wie Anm. 1), 859. 76 Stettler (wie Anm. 3), 179 –183; Tschudi 12 (wie Anm. 2), 67*–72*. 77 Chronik der Stadt Zurich (wie Anm. 10), 224, Z"
/Users/programming/PycharmProjects/Find_Bibliography_NEw/data/azk_library/zahnd-urs-martin__20.pdf;13;work;Tschudi (Aegidius/Gilg Tschudi, Chronicon Helveticum);\btschudi\b;"wie Anm. 2), 67*–72*. 77 Chronik der Stadt Zurich (wie Anm. 10), 224, Z. 7–11; Tschudi 12 (wie Anm. 2), 64*– 67*. 78 Quellenwerk zur Entstehung der Schweizerischen"
/Users/programming/PycharmProjects/Find_Bibliography_NEw/data/azk_library/zahnd-urs-martin__20.pdf;13;work;Tschudi (Aegidius/Gilg Tschudi, Chronicon Helveticum);\btschudi\b;entdeckt. Hrsg. von Beer, Ellen J. et al. Bern 2003, 2. Aufl., 330 – 348. 81 Tschudi 12 (wie Anm. 2), 61*, Anm. 136*. 82 Rechtsquellen IV.1 (wie Anm. 34), 34 –79
/Users/programming/PycharmProjects/Find_Bibliography_NEw/data/azk_library/zahnd-urs-martin__20.pdf;13;work;Tschudi (Aegidius/Gilg Tschudi, Chronicon Helveticum);chronicon\s+helveticum;von Segesser von, Anton Philipp. Luzern 1863, 859. Tschudi, Aegidius: Chronicon Helveticum 12. Hrsg. von Stettler, Bernhard. Basel 1998, 61*– 64*. Stettler, Bernhard
/Users/programming/PycharmProjects/Find_Bibliography_NEw/data/azk_library/zahnd-urs-martin__20.pdf;13;work;Tschudi (Aegidius/Gilg Tschudi, Chronicon Helveticum);chronicon\s+helveticum;"387– 406; Stettler (wie Anm. 3), 175 –183. 13 14 15 Tschudi, Aegidius: Chronicon Helveticum 10. Hrsg. von Stettler, Bernhard. Basel 1994, 9*– 11*; Stettler, Bernhard"
/Users/programming/PycharmProjects/Find_Bibliography_NEw/data/azk_library/zahnd-urs-martin__20.pdf;13;work;Tschudi (Aegidius/Gilg Tschudi, Chronicon Helveticum);chronicon\s+helveticum;"Anm. 1), 811– 814, Beilage 21 (Friede von Konstanz); Tschudi, Aegidius, Chronicon Helveticum 11. Hrsg. von Stettler, Bernhard. Basel 1996, 13*– 99*, 442 – 448; Stettler"
/Users/programming/PycharmProjects/Find_Bibliography_NEw/data/azk_library/zahnd-urs-martin__20.pdf;13;work;Zürcher Stadtchronik (allgemein);z[üu]rcher\s+stadtchronik;Schiedsspruch allerdings von den Zurchern. In der zweiten Fortsetzung der Zurcher Stadtchronik wird Heinrich von Bubenbergs Urteil scharf kritisiert10 – ein Kommentar
/Users/programming/PycharmProjects/Find_Bibliography_NEw/data/azk_library/zahnd-urs-martin__20.pdf;13;work;Zürcher Stadtchronik (allgemein);chronik\s+der\s+stadt\s+z[üu]rich;neutraler Seite juristisch gepruft worden. In der zweiten Fortsetzung der Chronik der Stadt Zurich wird genau dieser Punkt bei der Darstellung des abschliessenden Schiedsverfahrens
/Users/programming/PycharmProjects/Find_Bibliography_NEw/data/azk_library/zahnd-urs-martin__20.pdf;13;work;Zürcher Stadtchronik (allgemein);chronik\s+der\s+stadt\s+z[üu]rich;22.3.1444). 9 Tschachtlan (wie Anm. 8), 407, Kap. 725, Z. 23 –29. 10 Chronik der Stadt Zurich. Hrsg. von Dierauer, Johannes (= Quellen zur Schweizer Geschichte 18
/Users/programming/PycharmProjects/Find_Bibliography_NEw/data/azk_library/zahnd-urs-martin__20.pdf;13;work;Zürcher Stadtchronik (allgemein);chronik\s+der\s+stadt\s+z[üu]rich;"Stettler (wie Anm. 3), 179 –183; Tschudi 12 (wie Anm. 2), 67*–72*. 77 Chronik der Stadt Zurich (wie Anm. 10), 224, Z. 7–11; Tschudi 12 (wie Anm. 2), 64*– 67*. 78 Quellenwerk"
/Users/programming/PycharmProjects/Find_Bibliography_NEw/data/azk_library/zahnd-urs-martin__20.pdf;18;work;Fründ (Hans Fründ);hans\s+fr[üu]nd;mit diesem Frieden weitgehend durchgesetzt hatten, kaum einen Niederschlag. Hans Frund, der Schwyzer Land schreiber, beendet seine Chronik uber den Alten Zurichkrieg
/Users/programming/PycharmProjects/Find_Bibliography_NEw/data/azk_library/zahnd-urs-martin__20.pdf;18;work;Fründ (Hans Fründ);hans\s+fr[üu]nd;Bendicht Tschachtlan, der in seiner Darstellung der Jahre 1436 bis 1446 weitgehend Hans Frund folgt, er wahnt zwar mehrmals den nachmaligen Obmann Heinrich von Bubenberg
/Users/programming/PycharmProjects/Find_Bibliography_NEw/data/azk_library/zahnd-urs-martin__20.pdf;18;work;Fründ (Hans Fründ);\bfr[üu]nd\b;mit diesem Frieden weitgehend durchgesetzt hatten, kaum einen Niederschlag. Hans Frund, der Schwyzer Land schreiber, beendet seine Chronik uber den Alten Zurichkrieg
/Users/programming/PycharmProjects/Find_Bibliography_NEw/data/azk_library/zahnd-urs-martin__20.pdf;18;work;Fründ (Hans Fründ);\bfr[üu]nd\b;"Tschachtlan, der in seiner Darstellung der Jahre 1436 bis 1446 weitgehend Hans Frund folgt, er wahnt zwar mehrmals den nachmaligen Obmann Heinrich von Bubenberg;8"
/Users/programming/PycharmProjects/Find_Bibliography_NEw/data/azk_library/zahnd-urs-martin__20.pdf;18;work;Fründ (Hans Fründ);\bfr[üu]nd\b;Neue Zugange zum Alten Zurichkrieg. Zurich 2006, 11f. Stettler (wie Anm. 3), 161. Frund, Hans: Chronik. Hrsg. von Kind, Christian Immanuel. Chur 1875. Tschachtlans Bilderchronik
/Users/programming/PycharmProjects/Find_Bibliography_NEw/data/azk_library/zahnd-urs-martin__20.pdf;18;work;Schilling (ungenau);\bschilling\b;im Gefecht am Galternbach vom 29. Marz 1448 gegen die Freiburger. – Diebold Schilling: Spiezer Chronik (um 1485/86), Burgerbibliothek Bern, Mss.h.h.I.16, S. 772
/Users/programming/PycharmProjects/Find_Bibliography_NEw/data/azk_library/zahnd-urs-martin__20.pdf;18;work;Schilling (ungenau);diebold\s+schilling;Truppen im Gefecht am Galternbach vom 29. Marz 1448 gegen die Freiburger. – Diebold Schilling: Spiezer Chronik (um 1485/86), Burgerbibliothek Bern, Mss.h.h.I.16, S.
/Users/programming/PycharmProjects/Find_Bibliography_NEw/data/azk_library/zahnd-urs-martin__20.pdf;18;work;Tschachtlan (Benedikt Tschachtlan);\btschachtlan\b;bereits mit dem Jahr 1446 (Konstanzer Friede).7 Der Berner Ratsherr Bendicht Tschachtlan, der in seiner Darstellung der Jahre 1436 bis 1446 weitgehend Hans Frund folgt
/Users/programming/PycharmProjects/Find_Bibliography_NEw/data/azk_library/zahnd-urs-martin__20.pdf;18;work;Tschachtlan (Benedikt Tschachtlan);\btschachtlan\b;Schwyzern, der andere uber Mellingen in die Zurcher Landschaft. – Bendicht Tschachtlan: Bilderchronik (um 1470), Zentralbibliothek Zurich, Ms. A 120, S. 699. 36
/Users/programming/PycharmProjects/Find_Bibliography_NEw/data/azk_library/zahnd-urs-martin__20.pdf;18;work;Tschachtlan (Benedikt Tschachtlan);\btschachtlan\b;Kontingenten aus den verbundeten Stadten Basel und Solothurn belagert. – Bendicht Tschachtlan: Bilderchronik (um 1470), Zentralbibliothek Zurich, Ms. A 120, S. 813. Zahnd
/Users/programming/PycharmProjects/Find_Bibliography_NEw/data/azk_library/zahnd-urs-martin__20.pdf;18;work;Tschachtlan (Benedikt Tschachtlan);\btschachtlan\b;Friede 1.12.1440), 361, Kap. 619, Z. 4 (Friedenskonferenz in Baden 22.3.1444). 9 Tschachtlan (wie Anm. 8), 407, Kap. 725, Z. 23 –29. 10 Chronik der Stadt Zurich. Hrsg
/Users/programming/PycharmProjects/Find_Bibliography_NEw/data/azk_library/zahnd-urs-martin__20.pdf;18;work;Tschachtlan (Benedikt Tschachtlan);\btschachtlan\b;"370. 56 Abschiede 2 (wie Anm. 1), 174, Nr. 273; Tobler (wie Anm. 16), 374. 57 Tschachtlan (wie Anm. 8), 290, Kap. 451; Rechtsquellen IV.1 (wie Anm. 34), 102 –110, Nr"
/Users/programming/PycharmProjects/Find_Bibliography_NEw/data/azk_library/zahnd-urs-martin__20.pdf;18;work;Tschudi (Aegidius/Gilg Tschudi, Chronicon Helveticum);\btschudi\b;Eidgenossischen Abschiede 2. Hrsg. von Segesser von, Anton Philipp. Luzern 1863, 859. Tschudi, Aegidius: Chronicon Helveticum 12. Hrsg. von Stettler, Bernhard. Basel 1998
/Users/programming/PycharmProjects/Find_Bibliography_NEw/data/azk_library/zahnd-urs-martin__20.pdf;18;work;Tschudi (Aegidius/Gilg Tschudi, Chronicon Helveticum);\btschudi\b;"des Kantons Bern 13 (1892), 387– 406; Stettler (wie Anm. 3), 175 –183. 13 14 15 Tschudi, Aegidius: Chronicon Helveticum 10. Hrsg. von Stettler, Bernhard. Basel 1994"
/Users/programming/PycharmProjects/Find_Bibliography_NEw/data/azk_library/zahnd-urs-martin__20.pdf;18;work;Tschudi (Aegidius/Gilg Tschudi, Chronicon Helveticum);\btschudi\b;"Kilchberg); Stettler (wie Anm. 3), 145 –152; Schaufelberger (wie Anm. 11), 293 – 297; Tschudi 10 (wie Anm. 13), 14 – 349; Berger (wie Anm. 11), 62 –104. Zur zweiten Kriegsphase"
/Users/programming/PycharmProjects/Find_Bibliography_NEw/data/azk_library/zahnd-urs-martin__20.pdf;18;work;Tschudi (Aegidius/Gilg Tschudi, Chronicon Helveticum);\btschudi\b;"Kriegsphase vgl. Abschiede 2 (wie Anm. 1), 811– 814, Beilage 21 (Friede von Konstanz); Tschudi, Aegidius, Chronicon Helveticum 11. Hrsg. von Stettler, Bernhard. Basel 1996"
/Users/programming/PycharmProjects/Find_Bibliography_NEw/data/azk_library/zahnd-urs-martin__20.pdf;18;work;Tschudi (Aegidius/Gilg Tschudi, Chronicon Helveticum);\btschudi\b;"1450); Stettler (wie Anm. 3), 164 –179; Schaufelberger (wie Anm. 11), 303 –305; Tschudi 12 (wie Anm. 2), 27*– 64*; Berger (wie Anm. 11), 178 –192; Schneider (wie Anm"
/Users/programming/PycharmProjects/Find_Bibliography_NEw/data/azk_library/zahnd-urs-martin__20.pdf;18;work;Tschudi (Aegidius/Gilg Tschudi, Chronicon Helveticum);\btschudi\b;"zur Schweizer Geschichte 3. Fribourg 1916, 13f.; Feller 1 (wie Anm. 11), 311f.; Tschudi 12 (wie Anm. 2), 60*f.; Zahnd (wie Anm. 18), 113f. 22 23 24 25 26 Tobler (wie"
/Users/programming/PycharmProjects/Find_Bibliography_NEw/data/azk_library/zahnd-urs-martin__20.pdf;18;work;Tschudi (Aegidius/Gilg Tschudi, Chronicon Helveticum);\btschudi\b;"367– 409; Schneider (wie Anm. 12), passim; Feller 1 (wie Anm. 11), 271– 303; Tschudi 10 (wie Anm. 13), 182, Anm. 77; Tschudi 11 (wie Anm. 15), 81, Anm. 30. Tschudi"
/Users/programming/PycharmProjects/Find_Bibliography_NEw/data/azk_library/zahnd-urs-martin__20.pdf;18;work;Tschudi (Aegidius/Gilg Tschudi, Chronicon Helveticum);\btschudi\b;"passim; Feller 1 (wie Anm. 11), 271– 303; Tschudi 10 (wie Anm. 13), 182, Anm. 77; Tschudi 11 (wie Anm. 15), 81, Anm. 30. Tschudi 10 (wie Anm. 13), 55, Anm. 25. Tschudi"
/Users/programming/PycharmProjects/Find_Bibliography_NEw/data/azk_library/zahnd-urs-martin__20.pdf;18;work;Tschudi (Aegidius/Gilg Tschudi, Chronicon Helveticum);\btschudi\b;"Tschudi 10 (wie Anm. 13), 182, Anm. 77; Tschudi 11 (wie Anm. 15), 81, Anm. 30. Tschudi 10 (wie Anm. 13), 55, Anm. 25. Tschudi 10 (wie Anm. 13), 89, Anm. 32; 111, Anm"
/Users/programming/PycharmProjects/Find_Bibliography_NEw/data/azk_library/zahnd-urs-martin__20.pdf;18;work;Tschudi (Aegidius/Gilg Tschudi, Chronicon Helveticum);\btschudi\b;"Tschudi 11 (wie Anm. 15), 81, Anm. 30. Tschudi 10 (wie Anm. 13), 55, Anm. 25. Tschudi 10 (wie Anm. 13), 89, Anm. 32; 111, Anm. 36; Schneider (wie Anm. 12), 299 –"
/Users/programming/PycharmProjects/Find_Bibliography_NEw/data/azk_library/zahnd-urs-martin__20.pdf;18;work;Tschudi (Aegidius/Gilg Tschudi, Chronicon Helveticum);\btschudi\b;"wie Anm. 13), 89, Anm. 32; 111, Anm. 36; Schneider (wie Anm. 12), 299 – 303. Tschudi 10 (wie Anm. 13), 113f., Anm. 36; Stettler (wie Anm. 3), 150. Tschudi 10 (wie"
/Users/programming/PycharmProjects/Find_Bibliography_NEw/data/azk_library/zahnd-urs-martin__20.pdf;18;work;Tschudi (Aegidius/Gilg Tschudi, Chronicon Helveticum);\btschudi\b;"– 303. Tschudi 10 (wie Anm. 13), 113f., Anm. 36; Stettler (wie Anm. 3), 150. Tschudi 10 (wie Anm. 13), 17*– 62*; 183 –207; Schneider (wie Anm. 12), 304–307; Feller"
/Users/programming/PycharmProjects/Find_Bibliography_NEw/data/azk_library/zahnd-urs-martin__20.pdf;18;work;Tschudi (Aegidius/Gilg Tschudi, Chronicon Helveticum);\btschudi\b;"27 Abschiede 2 (wie Anm. 1), 133, Nr. 211; Schneider (wie Anm. 12), 399. 28 Tschudi 10 (wie Anm. 13), 308, Anm. 127; Feller 1 (wie Anm. 11), 275 – 277. 29 Abschiede"
/Users/programming/PycharmProjects/Find_Bibliography_NEw/data/azk_library/zahnd-urs-martin__20.pdf;18;work;Tschudi (Aegidius/Gilg Tschudi, Chronicon Helveticum);\btschudi\b;"(wie Anm. 11), 275 – 277. 29 Abschiede 2 (wie Anm. 1), 773 –777, Beilage 12; Tschudi 10 (wie Anm. 13), 337, Anm. 133; Schneider (wie Anm. 12), 311– 314. 30 Tschudi"
/Users/programming/PycharmProjects/Find_Bibliography_NEw/data/azk_library/zahnd-urs-martin__20.pdf;18;work;Tschudi (Aegidius/Gilg Tschudi, Chronicon Helveticum);\btschudi\b;"Tschudi 10 (wie Anm. 13), 337, Anm. 133; Schneider (wie Anm. 12), 311– 314. 30 Tschudi 10 (wie Anm. 13), 348, Anm. 136; 356, Anm. 140; Berger (wie Anm. 11), 95 –104"
/Users/programming/PycharmProjects/Find_Bibliography_NEw/data/azk_library/zahnd-urs-martin__20.pdf;18;work;Tschudi (Aegidius/Gilg Tschudi, Chronicon Helveticum);\btschudi\b;"Vereins des Kantons Schwyz 83 (1991), 25 –39. Feller 1 (wie Anm. 11), 273f.; Tschudi 10 (wie Anm. 13), 111, Anm. 36; 122, Anm. 38; 182, Anm. 77; Stettler (wie Anm"
/Users/programming/PycharmProjects/Find_Bibliography_NEw/data/azk_library/zahnd-urs-martin__20.pdf;18;work;Tschudi (Aegidius/Gilg Tschudi, Chronicon Helveticum);\btschudi\b;"1955, 96 –110, Nr. 145 (Ewiger Bund der Stadte Zurich und Bern 22.1.1423). 35 36 Tschudi 10 (wie Anm. 13), 184, Anm. 77; Feller 1 (wie Anm. 11), 276. Tschudi 10 (wie"
/Users/programming/PycharmProjects/Find_Bibliography_NEw/data/azk_library/zahnd-urs-martin__20.pdf;18;work;Tschudi (Aegidius/Gilg Tschudi, Chronicon Helveticum);\btschudi\b;". 35 36 Tschudi 10 (wie Anm. 13), 184, Anm. 77; Feller 1 (wie Anm. 11), 276. Tschudi 10 (wie Anm. 13), 356, Anm. 140; Tschudi 11 (wie Anm. 15), 81, Anm. 30; Schneider"
/Users/programming/PycharmProjects/Find_Bibliography_NEw/data/azk_library/zahnd-urs-martin__20.pdf;18;work;Tschudi (Aegidius/Gilg Tschudi, Chronicon Helveticum);\btschudi\b;"Anm. 77; Feller 1 (wie Anm. 11), 276. Tschudi 10 (wie Anm. 13), 356, Anm. 140; Tschudi 11 (wie Anm. 15), 81, Anm. 30; Schneider (wie Anm. 12), 312f.; Berger (wie Anm"
/Users/programming/PycharmProjects/Find_Bibliography_NEw/data/azk_library/zahnd-urs-martin__20.pdf;18;work;Tschudi (Aegidius/Gilg Tschudi, Chronicon Helveticum);\btschudi\b;"Anm. 12), 400; Feller 1 (wie Anm. 11), 283f.; Berger (wie Anm. 11), 130 –132; Tschudi 11 (wie Anm. 15), 263, Anm. 123; 278, Anm. 129; 285, Anm. 131; 294, Anm. 132"
/Users/programming/PycharmProjects/Find_Bibliography_NEw/data/azk_library/zahnd-urs-martin__20.pdf;18;work;Tschudi (Aegidius/Gilg Tschudi, Chronicon Helveticum);\btschudi\b;"Anm. 11), 290; Berger (wie Anm. 11), 146 –152; Stettler (wie Anm. 3), 157–160; Tschudi 11 (wie Anm. 15), 312, Anm. 139. 40 Tobler (wie Anm. 16), 404f.; Schneider"
/Users/programming/PycharmProjects/Find_Bibliography_NEw/data/azk_library/zahnd-urs-martin__20.pdf;18;work;Tschudi (Aegidius/Gilg Tschudi, Chronicon Helveticum);\btschudi\b;"Anm. 139. 40 Tobler (wie Anm. 16), 404f.; Schneider (wie Anm. 12), 337– 345; Tschudi 12 (wie Anm. 2), 13*– 21*. 41 Schneider (wie Anm. 12), 384–387; Tschudi 12"
/Users/programming/PycharmProjects/Find_Bibliography_NEw/data/azk_library/zahnd-urs-martin__20.pdf;18;work;Tschudi (Aegidius/Gilg Tschudi, Chronicon Helveticum);\btschudi\b;"345; Tschudi 12 (wie Anm. 2), 13*– 21*. 41 Schneider (wie Anm. 12), 384–387; Tschudi 12 (wie Anm. 2), 57*– 64*; Stettler (wie Anm. 3), 42 43 175 –179. Feller 1"
/Users/programming/PycharmProjects/Find_Bibliography_NEw/data/azk_library/zahnd-urs-martin__20.pdf;18;work;Tschudi (Aegidius/Gilg Tschudi, Chronicon Helveticum);\btschudi\b;"Anm. 34), 249 –256, Nr. 156 (Bundnis von Bern, Solothurn und Basel 2.3.1441); Tschudi 10 (wie Anm. 13), 358, Anm. 142. 45 Rechtsquellen IV.1 (wie Anm. 34), 199 –201"
/Users/programming/PycharmProjects/Find_Bibliography_NEw/data/azk_library/zahnd-urs-martin__20.pdf;18;work;Tschudi (Aegidius/Gilg Tschudi, Chronicon Helveticum);\btschudi\b;"Bestatigung der Freiheiten Berns durch Friedrich III., Freiburg 17.10.1442); Tschudi 11 (wie Anm. 15), 23, Anm. 7; 53, Anm. 17; Feller 1 (wie Anm. 11), 278; Berger"
/Users/programming/PycharmProjects/Find_Bibliography_NEw/data/azk_library/zahnd-urs-martin__20.pdf;18;work;Tschudi (Aegidius/Gilg Tschudi, Chronicon Helveticum);\btschudi\b;"Anm. 17; Feller 1 (wie Anm. 11), 278; Berger (wie Anm. 11), 109 –113. 46 47 Tschudi 11 (wie Anm. 15), 65*– 82*; 81, Anm. 30; 184, Anm. 82; 187, Anm. 83; Feller"
/Users/programming/PycharmProjects/Find_Bibliography_NEw/data/azk_library/zahnd-urs-martin__20.pdf;18;work;Tschudi (Aegidius/Gilg Tschudi, Chronicon Helveticum);\btschudi\b;"Anm. 82; 187, Anm. 83; Feller 1 (wie Anm. 11), 283; Berger (wie Anm. 11), 195. Tschudi 11 (wie Anm. 15), 393, Anm. 194; Feller 1 (wie Anm. 11), 290f.; Schaufelberger"
/Users/programming/PycharmProjects/Find_Bibliography_NEw/data/azk_library/zahnd-urs-martin__20.pdf;18;work;Tschudi (Aegidius/Gilg Tschudi, Chronicon Helveticum);\btschudi\b;"wie Anm. 16), 380f.; 404 – 406, Beilage 18; Berger (wie Anm. 11), 189 – 192; Tschudi 11 (wie Anm. 15), 371, Anm. 175. 61 Actenstucke betreffend die zu Freyburg vorgefallene"
/Users/programming/PycharmProjects/Find_Bibliography_NEw/data/azk_library/zahnd-urs-martin__20.pdf;18;work;Tschudi (Aegidius/Gilg Tschudi, Chronicon Helveticum);\btschudi\b;"– 841, Beilage 25; 841– 844, Beilage 26; Schneider (wie Anm. 12), 384 – 387; Tschudi 12 (wie Anm. 2), 33*f., 58f.; Stettler (wie Anm. 3), 177f. 73 Abschiede 2 (wie"
/Users/programming/PycharmProjects/Find_Bibliography_NEw/data/azk_library/zahnd-urs-martin__20.pdf;18;work;Tschudi (Aegidius/Gilg Tschudi, Chronicon Helveticum);\btschudi\b;"Rechtsquellen IV.1 (wie Anm. 34), 348, Z. 14; Schneider (wie Anm. 12), 399 – 402; Tschudi 12 (wie Anm. 2), 60*, Anm. 133*. 74 Abschiede 2 (wie Anm. 1), 858 – 860. 75"
/Users/programming/PycharmProjects/Find_Bibliography_NEw/data/azk_library/zahnd-urs-martin__20.pdf;18;work;Tschudi (Aegidius/Gilg Tschudi, Chronicon Helveticum);\btschudi\b;"– 860. 75 Abschiede 2 (wie Anm. 1), 859. 76 Stettler (wie Anm. 3), 179 –183; Tschudi 12 (wie Anm. 2), 67*–72*. 77 Chronik der Stadt Zurich (wie Anm. 10), 224, Z"
/Users/programming/PycharmProjects/Find_Bibliography_NEw/data/azk_library/zahnd-urs-martin__20.pdf;18;work;Tschudi (Aegidius/Gilg Tschudi, Chronicon Helveticum);\btschudi\b;"wie Anm. 2), 67*–72*. 77 Chronik der Stadt Zurich (wie Anm. 10), 224, Z. 7–11; Tschudi 12 (wie Anm. 2), 64*– 67*. 78 Quellenwerk zur Entstehung der Schweizerischen"
/Users/programming/PycharmProjects/Find_Bibliography_NEw/data/azk_library/zahnd-urs-martin__20.pdf;18;work;Tschudi (Aegidius/Gilg Tschudi, Chronicon Helveticum);\btschudi\b;entdeckt. Hrsg. von Beer, Ellen J. et al. Bern 2003, 2. Aufl., 330 – 348. 81 Tschudi 12 (wie Anm. 2), 61*, Anm. 136*. 82 Rechtsquellen IV.1 (wie Anm. 34), 34 –79
/Users/programming/PycharmProjects/Find_Bibliography_NEw/data/azk_library/zahnd-urs-martin__20.pdf;18;work;Tschudi (Aegidius/Gilg Tschudi, Chronicon Helveticum);chronicon\s+helveticum;von Segesser von, Anton Philipp. Luzern 1863, 859. Tschudi, Aegidius: Chronicon Helveticum 12. Hrsg. von Stettler, Bernhard. Basel 1998, 61*– 64*. Stettler, Bernhard
/Users/programming/PycharmProjects/Find_Bibliography_NEw/data/azk_library/zahnd-urs-martin__20.pdf;18;work;Tschudi (Aegidius/Gilg Tschudi, Chronicon Helveticum);chronicon\s+helveticum;"387– 406; Stettler (wie Anm. 3), 175 –183. 13 14 15 Tschudi, Aegidius: Chronicon Helveticum 10. Hrsg. von Stettler, Bernhard. Basel 1994, 9*– 11*; Stettler, Bernhard"
/Users/programming/PycharmProjects/Find_Bibliography_NEw/data/azk_library/zahnd-urs-martin__20.pdf;18;work;Tschudi (Aegidius/Gilg Tschudi, Chronicon Helveticum);chronicon\s+helveticum;"Anm. 1), 811– 814, Beilage 21 (Friede von Konstanz); Tschudi, Aegidius, Chronicon Helveticum 11. Hrsg. von Stettler, Bernhard. Basel 1996, 13*– 99*, 442 – 448; Stettler"
/Users/programming/PycharmProjects/Find_Bibliography_NEw/data/azk_library/zahnd-urs-martin__20.pdf;18;work;Zürcher Stadtchronik (allgemein);z[üu]rcher\s+stadtchronik;Schiedsspruch allerdings von den Zurchern. In der zweiten Fortsetzung der Zurcher Stadtchronik wird Heinrich von Bubenbergs Urteil scharf kritisiert10 – ein Kommentar
/Users/programming/PycharmProjects/Find_Bibliography_NEw/data/azk_library/zahnd-urs-martin__20.pdf;18;work;Zürcher Stadtchronik (allgemein);chronik\s+der\s+stadt\s+z[üu]rich;neutraler Seite juristisch gepruft worden. In der zweiten Fortsetzung der Chronik der Stadt Zurich wird genau dieser Punkt bei der Darstellung des abschliessenden Schiedsverfahrens
/Users/programming/PycharmProjects/Find_Bibliography_NEw/data/azk_library/zahnd-urs-martin__20.pdf;18;work;Zürcher Stadtchronik (allgemein);chronik\s+der\s+stadt\s+z[üu]rich;22.3.1444). 9 Tschachtlan (wie Anm. 8), 407, Kap. 725, Z. 23 –29. 10 Chronik der Stadt Zurich. Hrsg. von Dierauer, Johannes (= Quellen zur Schweizer Geschichte 18
/Users/programming/PycharmProjects/Find_Bibliography_NEw/data/azk_library/zahnd-urs-martin__20.pdf;18;work;Zürcher Stadtchronik (allgemein);chronik\s+der\s+stadt\s+z[üu]rich;"Stettler (wie Anm. 3), 179 –183; Tschudi 12 (wie Anm. 2), 67*–72*. 77 Chronik der Stadt Zurich (wie Anm. 10), 224, Z. 7–11; Tschudi 12 (wie Anm. 2), 64*– 67*. 78 Quellenwerk"
/Users/programming/PycharmProjects/Find_Bibliography_NEw/data/azk_library/zahnd-urs-martin__20.pdf;21;work;Zürcher Stadtchronik (allgemein);chronik\s+der\s+stadt\s+z[üu]rich;neutraler Seite juristisch gepruft worden. In der zweiten Fortsetzung der Chronik der Stadt Zurich wird genau dieser Punkt bei der Darstellung des abschliessenden Schiedsverfahrens
/Users/programming/PycharmProjects/Find_Bibliography_NEw/data/azk_library/zahnd-urs-martin__20.pdf;24;work;Fründ (Hans Fründ);\bfr[üu]nd\b;Zugange zum Alten Zurichkrieg. Zurich 2006, 11f. 6 Stettler (wie Anm. 3), 161. 7 Frund, Hans: Chronik. Hrsg. von Kind, Christian Immanuel. Chur 1875. 8 Tschachtlans
/Users/programming/PycharmProjects/Find_Bibliography_NEw/data/azk_library/zahnd-urs-martin__20.pdf;24;work;Tschachtlan (Benedikt Tschachtlan);\btschachtlan\b;Friede 1.12.1440), 361, Kap. 619, Z. 4 (Friedenskonferenz in Baden 22.3.1444). 9 Tschachtlan (wie Anm. 8), 407, Kap. 725, Z. 23 –29. 10 Chronik der Stadt Zurich. Hrsg
/Users/programming/PycharmProjects/Find_Bibliography_NEw/data/azk_library/zahnd-urs-martin__20.pdf;24;work;Tschudi (Aegidius/Gilg Tschudi, Chronicon Helveticum);\btschudi\b;Eidgenossischen Abschiede 2. Hrsg. von Segesser von, Anton Philipp. Luzern 1863, 859. 2 Tschudi, Aegidius: Chronicon Helveticum 12. Hrsg. von Stettler, Bernhard. Basel 1998
/Users/programming/PycharmProjects/Find_Bibliography_NEw/data/azk_library/zahnd-urs-martin__20.pdf;24;work;Tschudi (Aegidius/Gilg Tschudi, Chronicon Helveticum);\btschudi\b;"Vereins des Kantons Bern 13 (1892), 387– 406; Stettler (wie Anm. 3), 175 –183. 13 Tschudi, Aegidius: Chronicon Helveticum 10. Hrsg. von Stettler, Bernhard. Basel 1994"
/Users/programming/PycharmProjects/Find_Bibliography_NEw/data/azk_library/zahnd-urs-martin__20.pdf;24;work;Tschudi (Aegidius/Gilg Tschudi, Chronicon Helveticum);\btschudi\b;"Kilchberg); Stettler (wie Anm. 3), 145 –152; Schaufelberger (wie Anm. 11), 293 – 297; Tschudi 10 (wie Anm. 13), 14 – 349; Berger (wie Anm. 11), 62 –104. 15 Zur zweiten Kriegsphase"
/Users/programming/PycharmProjects/Find_Bibliography_NEw/data/azk_library/zahnd-urs-martin__20.pdf;24;work;Tschudi (Aegidius/Gilg Tschudi, Chronicon Helveticum);\btschudi\b;"Kriegsphase vgl. Abschiede 2 (wie Anm. 1), 811– 814, Beilage 21 (Friede von Konstanz); Tschudi, Aegidius, Chronicon Helveticum 11. Hrsg. von Stettler, Bernhard. Basel 1996"
/Users/programming/PycharmProjects/Find_Bibliography_NEw/data/azk_library/zahnd-urs-martin__20.pdf;24;work;Tschudi (Aegidius/Gilg Tschudi, Chronicon Helveticum);chronicon\s+helveticum;von Segesser von, Anton Philipp. Luzern 1863, 859. 2 Tschudi, Aegidius: Chronicon Helveticum 12. Hrsg. von Stettler, Bernhard. Basel 1998, 61*– 64*. 3 Stettler, Bernhard
/Users/programming/PycharmProjects/Find_Bibliography_NEw/data/azk_library/zahnd-urs-martin__20.pdf;24;work;Tschudi (Aegidius/Gilg Tschudi, Chronicon Helveticum);chronicon\s+helveticum;"1892), 387– 406; Stettler (wie Anm. 3), 175 –183. 13 Tschudi, Aegidius: Chronicon Helveticum 10. Hrsg. von Stettler, Bernhard. Basel 1994, 9*– 11*; Stettler, Bernhard"
/Users/programming/PycharmProjects/Find_Bibliography_NEw/data/azk_library/zahnd-urs-martin__20.pdf;24;work;Tschudi (Aegidius/Gilg Tschudi, Chronicon Helveticum);chronicon\s+helveticum;"Anm. 1), 811– 814, Beilage 21 (Friede von Konstanz); Tschudi, Aegidius, Chronicon Helveticum 11. Hrsg. von Stettler, Bernhard. Basel 1996, 13*– 99*, 442 – 448; Stettler"
/Users/programming/PycharmProjects/Find_Bibliography_NEw/data/azk_library/zahnd-urs-martin__20.pdf;24;work;Zürcher Stadtchronik (allgemein);chronik\s+der\s+stadt\s+z[üu]rich;22.3.1444). 9 Tschachtlan (wie Anm. 8), 407, Kap. 725, Z. 23 –29. 10 Chronik der Stadt Zurich. Hrsg. von Dierauer, Johannes (= Quellen zur Schweizer Geschichte 18
/Users/programming/PycharmProjects/Find_Bibliography_NEw/data/azk_library/zahnd-urs-martin__20.pdf;25;work;Tschudi (Aegidius/Gilg Tschudi, Chronicon Helveticum);\btschudi\b;"1450); Stettler (wie Anm. 3), 164 –179; Schaufelberger (wie Anm. 11), 303 –305; Tschudi 12 (wie Anm. 2), 27*– 64*; Berger (wie Anm. 11), 178 –192; Schneider (wie Anm"
/Users/programming/PycharmProjects/Find_Bibliography_NEw/data/azk_library/zahnd-urs-martin__20.pdf;25;work;Tschudi (Aegidius/Gilg Tschudi, Chronicon Helveticum);\btschudi\b;"zur Schweizer Geschichte 3. Fribourg 1916, 13f.; Feller 1 (wie Anm. 11), 311f.; Tschudi 12 (wie Anm. 2), 60*f.; Zahnd (wie Anm. 18), 113f. 22 Tobler (wie Anm. 16),"
/Users/programming/PycharmProjects/Find_Bibliography_NEw/data/azk_library/zahnd-urs-martin__20.pdf;25;work;Tschudi (Aegidius/Gilg Tschudi, Chronicon Helveticum);\btschudi\b;"367– 409; Schneider (wie Anm. 12), passim; Feller 1 (wie Anm. 11), 271– 303; Tschudi 10 (wie Anm. 13), 182, Anm. 77; Tschudi 11 (wie Anm. 15), 81, Anm. 30. 23 Tschudi"
/Users/programming/PycharmProjects/Find_Bibliography_NEw/data/azk_library/zahnd-urs-martin__20.pdf;25;work;Tschudi (Aegidius/Gilg Tschudi, Chronicon Helveticum);\btschudi\b;"passim; Feller 1 (wie Anm. 11), 271– 303; Tschudi 10 (wie Anm. 13), 182, Anm. 77; Tschudi 11 (wie Anm. 15), 81, Anm. 30. 23 Tschudi 10 (wie Anm. 13), 55, Anm. 25. 24"
/Users/programming/PycharmProjects/Find_Bibliography_NEw/data/azk_library/zahnd-urs-martin__20.pdf;25;work;Tschudi (Aegidius/Gilg Tschudi, Chronicon Helveticum);\btschudi\b;"Tschudi 10 (wie Anm. 13), 182, Anm. 77; Tschudi 11 (wie Anm. 15), 81, Anm. 30. 23 Tschudi 10 (wie Anm. 13), 55, Anm. 25. 24 Tschudi 10 (wie Anm. 13), 89, Anm. 32; 111"
/Users/programming/PycharmProjects/Find_Bibliography_NEw/data/azk_library/zahnd-urs-martin__20.pdf;25;work;Tschudi (Aegidius/Gilg Tschudi, Chronicon Helveticum);\btschudi\b;"Tschudi 11 (wie Anm. 15), 81, Anm. 30. 23 Tschudi 10 (wie Anm. 13), 55, Anm. 25. 24 Tschudi 10 (wie Anm. 13), 89, Anm. 32; 111, Anm. 36; Schneider (wie Anm. 12), 299 –"
/Users/programming/PycharmProjects/Find_Bibliography_NEw/data/azk_library/zahnd-urs-martin__20.pdf;25;work;Tschudi (Aegidius/Gilg Tschudi, Chronicon Helveticum);\btschudi\b;"wie Anm. 13), 89, Anm. 32; 111, Anm. 36; Schneider (wie Anm. 12), 299 – 303. 25 Tschudi 10 (wie Anm. 13), 113f., Anm. 36; Stettler (wie Anm. 3), 150. 26 Tschudi 10"
/Users/programming/PycharmProjects/Find_Bibliography_NEw/data/azk_library/zahnd-urs-martin__20.pdf;25;work;Tschudi (Aegidius/Gilg Tschudi, Chronicon Helveticum);\btschudi\b;"25 Tschudi 10 (wie Anm. 13), 113f., Anm. 36; Stettler (wie Anm. 3), 150. 26 Tschudi 10 (wie Anm. 13), 17*– 62*; 183 –207; Schneider (wie Anm. 12), 304–307; Feller"
/Users/programming/PycharmProjects/Find_Bibliography_NEw/data/azk_library/zahnd-urs-martin__20.pdf;25;work;Tschudi (Aegidius/Gilg Tschudi, Chronicon Helveticum);\btschudi\b;"27 Abschiede 2 (wie Anm. 1), 133, Nr. 211; Schneider (wie Anm. 12), 399. 28 Tschudi 10 (wie Anm. 13), 308, Anm. 127; Feller 1 (wie Anm. 11), 275 – 277. 29 Abschiede"
/Users/programming/PycharmProjects/Find_Bibliography_NEw/data/azk_library/zahnd-urs-martin__20.pdf;25;work;Tschudi (Aegidius/Gilg Tschudi, Chronicon Helveticum);\btschudi\b;"(wie Anm. 11), 275 – 277. 29 Abschiede 2 (wie Anm. 1), 773 –777, Beilage 12; Tschudi 10 (wie Anm. 13), 337, Anm. 133; Schneider (wie Anm. 12), 311– 314. 30 Tschudi"
/Users/programming/PycharmProjects/Find_Bibliography_NEw/data/azk_library/zahnd-urs-martin__20.pdf;25;work;Tschudi (Aegidius/Gilg Tschudi, Chronicon Helveticum);\btschudi\b;"Tschudi 10 (wie Anm. 13), 337, Anm. 133; Schneider (wie Anm. 12), 311– 314. 30 Tschudi 10 (wie Anm. 13), 348, Anm. 136; 356, Anm. 140; Berger (wie Anm. 11), 95 –104"
/Users/programming/PycharmProjects/Find_Bibliography_NEw/data/azk_library/zahnd-urs-martin__20.pdf;26;work;Fründ (Hans Fründ);hans\s+fr[üu]nd;mit diesem Frieden weitgehend durchgesetzt hatten, kaum einen Niederschlag. Hans Frund, der Schwyzer Land schreiber, beendet seine Chronik uber den Alten Zurichkrieg
/Users/programming/PycharmProjects/Find_Bibliography_NEw/data/azk_library/zahnd-urs-martin__20.pdf;26;work;Fründ (Hans Fründ);hans\s+fr[üu]nd;Bendicht Tschachtlan, der in seiner Darstellung der Jahre 1436 bis 1446 weitgehend Hans Frund folgt, er wahnt zwar mehrmals den nachmaligen Obmann Heinrich von Bubenberg
/Users/programming/PycharmProjects/Find_Bibliography_NEw/data/azk_library/zahnd-urs-martin__20.pdf;26;work;Fründ (Hans Fründ);\bfr[üu]nd\b;mit diesem Frieden weitgehend durchgesetzt hatten, kaum einen Niederschlag. Hans Frund, der Schwyzer Land schreiber, beendet seine Chronik uber den Alten Zurichkrieg
/Users/programming/PycharmProjects/Find_Bibliography_NEw/data/azk_library/zahnd-urs-martin__20.pdf;26;work;Fründ (Hans Fründ);\bfr[üu]nd\b;"Tschachtlan, der in seiner Darstellung der Jahre 1436 bis 1446 weitgehend Hans Frund folgt, er wahnt zwar mehrmals den nachmaligen Obmann Heinrich von Bubenberg;8"
/Users/programming/PycharmProjects/Find_Bibliography_NEw/data/azk_library/zahnd-urs-martin__20.pdf;26;work;Fründ (Hans Fründ);\bfr[üu]nd\b;Neue Zugange zum Alten Zurichkrieg. Zurich 2006, 11f. Stettler (wie Anm. 3), 161. Frund, Hans: Chronik. Hrsg. von Kind, Christian Immanuel. Chur 1875. Tschachtlans Bilderchronik
/Users/programming/PycharmProjects/Find_Bibliography_NEw/data/azk_library/zahnd-urs-martin__20.pdf;26;work;Schilling (ungenau);\bschilling\b;im Gefecht am Galternbach vom 29. Marz 1448 gegen die Freiburger. – Diebold Schilling: Spiezer Chronik (um 1485/86), Burgerbibliothek Bern, Mss.h.h.I.16, S. 772
/Users/programming/PycharmProjects/Find_Bibliography_NEw/data/azk_library/zahnd-urs-martin__20.pdf;26;work;Schilling (ungenau);diebold\s+schilling;Truppen im Gefecht am Galternbach vom 29. Marz 1448 gegen die Freiburger. – Diebold Schilling: Spiezer Chronik (um 1485/86), Burgerbibliothek Bern, Mss.h.h.I.16, S.
/Users/programming/PycharmProjects/Find_Bibliography_NEw/data/azk_library/zahnd-urs-martin__20.pdf;26;work;Tschachtlan (Benedikt Tschachtlan);\btschachtlan\b;bereits mit dem Jahr 1446 (Konstanzer Friede).7 Der Berner Ratsherr Bendicht Tschachtlan, der in seiner Darstellung der Jahre 1436 bis 1446 weitgehend Hans Frund folgt
/Users/programming/PycharmProjects/Find_Bibliography_NEw/data/azk_library/zahnd-urs-martin__20.pdf;26;work;Tschachtlan (Benedikt Tschachtlan);\btschachtlan\b;Schwyzern, der andere uber Mellingen in die Zurcher Landschaft. – Bendicht Tschachtlan: Bilderchronik (um 1470), Zentralbibliothek Zurich, Ms. A 120, S. 699. 36
/Users/programming/PycharmProjects/Find_Bibliography_NEw/data/azk_library/zahnd-urs-martin__20.pdf;26;work;Tschachtlan (Benedikt Tschachtlan);\btschachtlan\b;Kontingenten aus den verbundeten Stadten Basel und Solothurn belagert. – Bendicht Tschachtlan: Bilderchronik (um 1470), Zentralbibliothek Zurich, Ms. A 120, S. 813. Zahnd
/Users/programming/PycharmProjects/Find_Bibliography_NEw/data/azk_library/zahnd-urs-martin__20.pdf;26;work;Tschachtlan (Benedikt Tschachtlan);\btschachtlan\b;Friede 1.12.1440), 361, Kap. 619, Z. 4 (Friedenskonferenz in Baden 22.3.1444). 9 Tschachtlan (wie Anm. 8), 407, Kap. 725, Z. 23 –29. 10 Chronik der Stadt Zurich. Hrsg
/Users/programming/PycharmProjects/Find_Bibliography_NEw/data/azk_library/zahnd-urs-martin__20.pdf;26;work;Tschachtlan (Benedikt Tschachtlan);\btschachtlan\b;"370. 56 Abschiede 2 (wie Anm. 1), 174, Nr. 273; Tobler (wie Anm. 16), 374. 57 Tschachtlan (wie Anm. 8), 290, Kap. 451; Rechtsquellen IV.1 (wie Anm. 34), 102 –110, Nr"
/Users/programming/PycharmProjects/Find_Bibliography_NEw/data/azk_library/zahnd-urs-martin__20.pdf;26;work;Tschudi (Aegidius/Gilg Tschudi, Chronicon Helveticum);\btschudi\b;Eidgenossischen Abschiede 2. Hrsg. von Segesser von, Anton Philipp. Luzern 1863, 859. Tschudi, Aegidius: Chronicon Helveticum 12. Hrsg. von Stettler, Bernhard. Basel 1998
/Users/programming/PycharmProjects/Find_Bibliography_NEw/data/azk_library/zahnd-urs-martin__20.pdf;26;work;Tschudi (Aegidius/Gilg Tschudi, Chronicon Helveticum);\btschudi\b;"des Kantons Bern 13 (1892), 387– 406; Stettler (wie Anm. 3), 175 –183. 13 14 15 Tschudi, Aegidius: Chronicon Helveticum 10. Hrsg. von Stettler, Bernhard. Basel 1994"
/Users/programming/PycharmProjects/Find_Bibliography_NEw/data/azk_library/zahnd-urs-martin__20.pdf;26;work;Tschudi (Aegidius/Gilg Tschudi, Chronicon Helveticum);\btschudi\b;"Kilchberg); Stettler (wie Anm. 3), 145 –152; Schaufelberger (wie Anm. 11), 293 – 297; Tschudi 10 (wie Anm. 13), 14 – 349; Berger (wie Anm. 11), 62 –104. Zur zweiten Kriegsphase"
/Users/programming/PycharmProjects/Find_Bibliography_NEw/data/azk_library/zahnd-urs-martin__20.pdf;26;work;Tschudi (Aegidius/Gilg Tschudi, Chronicon Helveticum);\btschudi\b;"Kriegsphase vgl. Abschiede 2 (wie Anm. 1), 811– 814, Beilage 21 (Friede von Konstanz); Tschudi, Aegidius, Chronicon Helveticum 11. Hrsg. von Stettler, Bernhard. Basel 1996"
/Users/programming/PycharmProjects/Find_Bibliography_NEw/data/azk_library/zahnd-urs-martin__20.pdf;26;work;Tschudi (Aegidius/Gilg Tschudi, Chronicon Helveticum);\btschudi\b;"1450); Stettler (wie Anm. 3), 164 –179; Schaufelberger (wie Anm. 11), 303 –305; Tschudi 12 (wie Anm. 2), 27*– 64*; Berger (wie Anm. 11), 178 –192; Schneider (wie Anm"
/Users/programming/PycharmProjects/Find_Bibliography_NEw/data/azk_library/zahnd-urs-martin__20.pdf;26;work;Tschudi (Aegidius/Gilg Tschudi, Chronicon Helveticum);\btschudi\b;"zur Schweizer Geschichte 3. Fribourg 1916, 13f.; Feller 1 (wie Anm. 11), 311f.; Tschudi 12 (wie Anm. 2), 60*f.; Zahnd (wie Anm. 18), 113f. 22 23 24 25 26 Tobler (wie"
/Users/programming/PycharmProjects/Find_Bibliography_NEw/data/azk_library/zahnd-urs-martin__20.pdf;26;work;Tschudi (Aegidius/Gilg Tschudi, Chronicon Helveticum);\btschudi\b;"367– 409; Schneider (wie Anm. 12), passim; Feller 1 (wie Anm. 11), 271– 303; Tschudi 10 (wie Anm. 13), 182, Anm. 77; Tschudi 11 (wie Anm. 15), 81, Anm. 30. Tschudi"
/Users/programming/PycharmProjects/Find_Bibliography_NEw/data/azk_library/zahnd-urs-martin__20.pdf;26;work;Tschudi (Aegidius/Gilg Tschudi, Chronicon Helveticum);\btschudi\b;"passim; Feller 1 (wie Anm. 11), 271– 303; Tschudi 10 (wie Anm. 13), 182, Anm. 77; Tschudi 11 (wie Anm. 15), 81, Anm. 30. Tschudi 10 (wie Anm. 13), 55, Anm. 25. Tschudi"
/Users/programming/PycharmProjects/Find_Bibliography_NEw/data/azk_library/zahnd-urs-martin__20.pdf;26;work;Tschudi (Aegidius/Gilg Tschudi, Chronicon Helveticum);\btschudi\b;"Tschudi 10 (wie Anm. 13), 182, Anm. 77; Tschudi 11 (wie Anm. 15), 81, Anm. 30. Tschudi 10 (wie Anm. 13), 55, Anm. 25. Tschudi 10 (wie Anm. 13), 89, Anm. 32; 111, Anm"
/Users/programming/PycharmProjects/Find_Bibliography_NEw/data/azk_library/zahnd-urs-martin__20.pdf;26;work;Tschudi (Aegidius/Gilg Tschudi, Chronicon Helveticum);\btschudi\b;"Tschudi 11 (wie Anm. 15), 81, Anm. 30. Tschudi 10 (wie Anm. 13), 55, Anm. 25. Tschudi 10 (wie Anm. 13), 89, Anm. 32; 111, Anm. 36; Schneider (wie Anm. 12), 299 –"
/Users/programming/PycharmProjects/Find_Bibliography_NEw/data/azk_library/zahnd-urs-martin__20.pdf;26;work;Tschudi (Aegidius/Gilg Tschudi, Chronicon Helveticum);\btschudi\b;"wie Anm. 13), 89, Anm. 32; 111, Anm. 36; Schneider (wie Anm. 12), 299 – 303. Tschudi 10 (wie Anm. 13), 113f., Anm. 36; Stettler (wie Anm. 3), 150. Tschudi 10 (wie"
/Users/programming/PycharmProjects/Find_Bibliography_NEw/data/azk_library/zahnd-urs-martin__20.pdf;26;work;Tschudi (Aegidius/Gilg Tschudi, Chronicon Helveticum);\btschudi\b;"– 303. Tschudi 10 (wie Anm. 13), 113f., Anm. 36; Stettler (wie Anm. 3), 150. Tschudi 10 (wie Anm. 13), 17*– 62*; 183 –207; Schneider (wie Anm. 12), 304–307; Feller"
/Users/programming/PycharmProjects/Find_Bibliography_NEw/data/azk_library/zahnd-urs-martin__20.pdf;26;work;Tschudi (Aegidius/Gilg Tschudi, Chronicon Helveticum);\btschudi\b;"27 Abschiede 2 (wie Anm. 1), 133, Nr. 211; Schneider (wie Anm. 12), 399. 28 Tschudi 10 (wie Anm. 13), 308, Anm. 127; Feller 1 (wie Anm. 11), 275 – 277. 29 Abschiede"
/Users/programming/PycharmProjects/Find_Bibliography_NEw/data/azk_library/zahnd-urs-martin__20.pdf;26;work;Tschudi (Aegidius/Gilg Tschudi, Chronicon Helveticum);\btschudi\b;"(wie Anm. 11), 275 – 277. 29 Abschiede 2 (wie Anm. 1), 773 –777, Beilage 12; Tschudi 10 (wie Anm. 13), 337, Anm. 133; Schneider (wie Anm. 12), 311– 314. 30 Tschudi"
/Users/programming/PycharmProjects/Find_Bibliography_NEw/data/azk_library/zahnd-urs-martin__20.pdf;26;work;Tschudi (Aegidius/Gilg Tschudi, Chronicon Helveticum);\btschudi\b;"Tschudi 10 (wie Anm. 13), 337, Anm. 133; Schneider (wie Anm. 12), 311– 314. 30 Tschudi 10 (wie Anm. 13), 348, Anm. 136; 356, Anm. 140; Berger (wie Anm. 11), 95 –104"
/Users/programming/PycharmProjects/Find_Bibliography_NEw/data/azk_library/zahnd-urs-martin__20.pdf;26;work;Tschudi (Aegidius/Gilg Tschudi, Chronicon Helveticum);\btschudi\b;"Vereins des Kantons Schwyz 83 (1991), 25 –39. Feller 1 (wie Anm. 11), 273f.; Tschudi 10 (wie Anm. 13), 111, Anm. 36; 122, Anm. 38; 182, Anm. 77; Stettler (wie Anm"
/Users/programming/PycharmProjects/Find_Bibliography_NEw/data/azk_library/zahnd-urs-martin__20.pdf;26;work;Tschudi (Aegidius/Gilg Tschudi, Chronicon Helveticum);\btschudi\b;"1955, 96 –110, Nr. 145 (Ewiger Bund der Stadte Zurich und Bern 22.1.1423). 35 36 Tschudi 10 (wie Anm. 13), 184, Anm. 77; Feller 1 (wie Anm. 11), 276. Tschudi 10 (wie"
/Users/programming/PycharmProjects/Find_Bibliography_NEw/data/azk_library/zahnd-urs-martin__20.pdf;26;work;Tschudi (Aegidius/Gilg Tschudi, Chronicon Helveticum);\btschudi\b;". 35 36 Tschudi 10 (wie Anm. 13), 184, Anm. 77; Feller 1 (wie Anm. 11), 276. Tschudi 10 (wie Anm. 13), 356, Anm. 140; Tschudi 11 (wie Anm. 15), 81, Anm. 30; Schneider"
/Users/programming/PycharmProjects/Find_Bibliography_NEw/data/azk_library/zahnd-urs-martin__20.pdf;26;work;Tschudi (Aegidius/Gilg Tschudi, Chronicon Helveticum);\btschudi\b;"Anm. 77; Feller 1 (wie Anm. 11), 276. Tschudi 10 (wie Anm. 13), 356, Anm. 140; Tschudi 11 (wie Anm. 15), 81, Anm. 30; Schneider (wie Anm. 12), 312f.; Berger (wie Anm"
/Users/programming/PycharmProjects/Find_Bibliography_NEw/data/azk_library/zahnd-urs-martin__20.pdf;26;work;Tschudi (Aegidius/Gilg Tschudi, Chronicon Helveticum);\btschudi\b;"Anm. 12), 400; Feller 1 (wie Anm. 11), 283f.; Berger (wie Anm. 11), 130 –132; Tschudi 11 (wie Anm. 15), 263, Anm. 123; 278, Anm. 129; 285, Anm. 131; 294, Anm. 132"
/Users/programming/PycharmProjects/Find_Bibliography_NEw/data/azk_library/zahnd-urs-martin__20.pdf;26;work;Tschudi (Aegidius/Gilg Tschudi, Chronicon Helveticum);\btschudi\b;"Anm. 11), 290; Berger (wie Anm. 11), 146 –152; Stettler (wie Anm. 3), 157–160; Tschudi 11 (wie Anm. 15), 312, Anm. 139. 40 Tobler (wie Anm. 16), 404f.; Schneider"
/Users/programming/PycharmProjects/Find_Bibliography_NEw/data/azk_library/zahnd-urs-martin__20.pdf;26;work;Tschudi (Aegidius/Gilg Tschudi, Chronicon Helveticum);\btschudi\b;"Anm. 139. 40 Tobler (wie Anm. 16), 404f.; Schneider (wie Anm. 12), 337– 345; Tschudi 12 (wie Anm. 2), 13*– 21*. 41 Schneider (wie Anm. 12), 384–387; Tschudi 12"
/Users/programming/PycharmProjects/Find_Bibliography_NEw/data/azk_library/zahnd-urs-martin__20.pdf;26;work;Tschudi (Aegidius/Gilg Tschudi, Chronicon Helveticum);\btschudi\b;"345; Tschudi 12 (wie Anm. 2), 13*– 21*. 41 Schneider (wie Anm. 12), 384–387; Tschudi 12 (wie Anm. 2), 57*– 64*; Stettler (wie Anm. 3), 42 43 175 –179. Feller 1"
/Users/programming/PycharmProjects/Find_Bibliography_NEw/data/azk_library/zahnd-urs-martin__20.pdf;26;work;Tschudi (Aegidius/Gilg Tschudi, Chronicon Helveticum);\btschudi\b;"Anm. 34), 249 –256, Nr. 156 (Bundnis von Bern, Solothurn und Basel 2.3.1441); Tschudi 10 (wie Anm. 13), 358, Anm. 142. 45 Rechtsquellen IV.1 (wie Anm. 34), 199 –201"
/Users/programming/PycharmProjects/Find_Bibliography_NEw/data/azk_library/zahnd-urs-martin__20.pdf;26;work;Tschudi (Aegidius/Gilg Tschudi, Chronicon Helveticum);\btschudi\b;"Bestatigung der Freiheiten Berns durch Friedrich III., Freiburg 17.10.1442); Tschudi 11 (wie Anm. 15), 23, Anm. 7; 53, Anm. 17; Feller 1 (wie Anm. 11), 278; Berger"
/Users/programming/PycharmProjects/Find_Bibliography_NEw/data/azk_library/zahnd-urs-martin__20.pdf;26;work;Tschudi (Aegidius/Gilg Tschudi, Chronicon Helveticum);\btschudi\b;"Anm. 17; Feller 1 (wie Anm. 11), 278; Berger (wie Anm. 11), 109 –113. 46 47 Tschudi 11 (wie Anm. 15), 65*– 82*; 81, Anm. 30; 184, Anm. 82; 187, Anm. 83; Feller"
/Users/programming/PycharmProjects/Find_Bibliography_NEw/data/azk_library/zahnd-urs-martin__20.pdf;26;work;Tschudi (Aegidius/Gilg Tschudi, Chronicon Helveticum);\btschudi\b;"Anm. 82; 187, Anm. 83; Feller 1 (wie Anm. 11), 283; Berger (wie Anm. 11), 195. Tschudi 11 (wie Anm. 15), 393, Anm. 194; Feller 1 (wie Anm. 11), 290f.; Schaufelberger"
/Users/programming/PycharmProjects/Find_Bibliography_NEw/data/azk_library/zahnd-urs-martin__20.pdf;26;work;Tschudi (Aegidius/Gilg Tschudi, Chronicon Helveticum);\btschudi\b;"wie Anm. 16), 380f.; 404 – 406, Beilage 18; Berger (wie Anm. 11), 189 – 192; Tschudi 11 (wie Anm. 15), 371, Anm. 175. 61 Actenstucke betreffend die zu Freyburg vorgefallene"
/Users/programming/PycharmProjects/Find_Bibliography_NEw/data/azk_library/zahnd-urs-martin__20.pdf;26;work;Tschudi (Aegidius/Gilg Tschudi, Chronicon Helveticum);\btschudi\b;"– 841, Beilage 25; 841– 844, Beilage 26; Schneider (wie Anm. 12), 384 – 387; Tschudi 12 (wie Anm. 2), 33*f., 58f.; Stettler (wie Anm. 3), 177f. 73 Abschiede 2 (wie"
/Users/programming/PycharmProjects/Find_Bibliography_NEw/data/azk_library/zahnd-urs-martin__20.pdf;26;work;Tschudi (Aegidius/Gilg Tschudi, Chronicon Helveticum);\btschudi\b;"Rechtsquellen IV.1 (wie Anm. 34), 348, Z. 14; Schneider (wie Anm. 12), 399 – 402; Tschudi 12 (wie Anm. 2), 60*, Anm. 133*. 74 Abschiede 2 (wie Anm. 1), 858 – 860. 75"
/Users/programming/PycharmProjects/Find_Bibliography_NEw/data/azk_library/zahnd-urs-martin__20.pdf;26;work;Tschudi (Aegidius/Gilg Tschudi, Chronicon Helveticum);\btschudi\b;"– 860. 75 Abschiede 2 (wie Anm. 1), 859. 76 Stettler (wie Anm. 3), 179 –183; Tschudi 12 (wie Anm. 2), 67*–72*. 77 Chronik der Stadt Zurich (wie Anm. 10), 224, Z"
/Users/programming/PycharmProjects/Find_Bibliography_NEw/data/azk_library/zahnd-urs-martin__20.pdf;26;work;Tschudi (Aegidius/Gilg Tschudi, Chronicon Helveticum);\btschudi\b;"wie Anm. 2), 67*–72*. 77 Chronik der Stadt Zurich (wie Anm. 10), 224, Z. 7–11; Tschudi 12 (wie Anm. 2), 64*– 67*. 78 Quellenwerk zur Entstehung der Schweizerischen"
/Users/programming/PycharmProjects/Find_Bibliography_NEw/data/azk_library/zahnd-urs-martin__20.pdf;26;work;Tschudi (Aegidius/Gilg Tschudi, Chronicon Helveticum);\btschudi\b;entdeckt. Hrsg. von Beer, Ellen J. et al. Bern 2003, 2. Aufl., 330 – 348. 81 Tschudi 12 (wie Anm. 2), 61*, Anm. 136*. 82 Rechtsquellen IV.1 (wie Anm. 34), 34 –79
/Users/programming/PycharmProjects/Find_Bibliography_NEw/data/azk_library/zahnd-urs-martin__20.pdf;26;work;Tschudi (Aegidius/Gilg Tschudi, Chronicon Helveticum);chronicon\s+helveticum;von Segesser von, Anton Philipp. Luzern 1863, 859. Tschudi, Aegidius: Chronicon Helveticum 12. Hrsg. von Stettler, Bernhard. Basel 1998, 61*– 64*. Stettler, Bernhard
/Users/programming/PycharmProjects/Find_Bibliography_NEw/data/azk_library/zahnd-urs-martin__20.pdf;26;work;Tschudi (Aegidius/Gilg Tschudi, Chronicon Helveticum);chronicon\s+helveticum;"387– 406; Stettler (wie Anm. 3), 175 –183. 13 14 15 Tschudi, Aegidius: Chronicon Helveticum 10. Hrsg. von Stettler, Bernhard. Basel 1994, 9*– 11*; Stettler, Bernhard"
/Users/programming/PycharmProjects/Find_Bibliography_NEw/data/azk_library/zahnd-urs-martin__20.pdf;26;work;Tschudi (Aegidius/Gilg Tschudi, Chronicon Helveticum);chronicon\s+helveticum;"Anm. 1), 811– 814, Beilage 21 (Friede von Konstanz); Tschudi, Aegidius, Chronicon Helveticum 11. Hrsg. von Stettler, Bernhard. Basel 1996, 13*– 99*, 442 – 448; Stettler"
/Users/programming/PycharmProjects/Find_Bibliography_NEw/data/azk_library/zahnd-urs-martin__20.pdf;26;work;Zürcher Stadtchronik (allgemein);z[üu]rcher\s+stadtchronik;Schiedsspruch allerdings von den Zurchern. In der zweiten Fortsetzung der Zurcher Stadtchronik wird Heinrich von Bubenbergs Urteil scharf kritisiert10 – ein Kommentar
/Users/programming/PycharmProjects/Find_Bibliography_NEw/data/azk_library/zahnd-urs-martin__20.pdf;26;work;Zürcher Stadtchronik (allgemein);chronik\s+der\s+stadt\s+z[üu]rich;neutraler Seite juristisch gepruft worden. In der zweiten Fortsetzung der Chronik der Stadt Zurich wird genau dieser Punkt bei der Darstellung des abschliessenden Schiedsverfahrens
/Users/programming/PycharmProjects/Find_Bibliography_NEw/data/azk_library/zahnd-urs-martin__20.pdf;26;work;Zürcher Stadtchronik (allgemein);chronik\s+der\s+stadt\s+z[üu]rich;22.3.1444). 9 Tschachtlan (wie Anm. 8), 407, Kap. 725, Z. 23 –29. 10 Chronik der Stadt Zurich. Hrsg. von Dierauer, Johannes (= Quellen zur Schweizer Geschichte 18
/Users/programming/PycharmProjects/Find_Bibliography_NEw/data/azk_library/zahnd-urs-martin__20.pdf;26;work;Zürcher Stadtchronik (allgemein);chronik\s+der\s+stadt\s+z[üu]rich;"Stettler (wie Anm. 3), 179 –183; Tschudi 12 (wie Anm. 2), 67*–72*. 77 Chronik der Stadt Zurich (wie Anm. 10), 224, Z. 7–11; Tschudi 12 (wie Anm. 2), 64*– 67*. 78 Quellenwerk"
/Users/programming/PycharmProjects/Find_Bibliography_NEw/data/azk_library/zahnd-urs-martin__20.pdf;27;work;Fründ (Hans Fründ);hans\s+fr[üu]nd;mit diesem Frieden weitgehend durchgesetzt hatten, kaum einen Niederschlag. Hans Frund, der Schwyzer Land schreiber, beendet seine Chronik uber den Alten Zurichkrieg
/Users/programming/PycharmProjects/Find_Bibliography_NEw/data/azk_library/zahnd-urs-martin__20.pdf;27;work;Fründ (Hans Fründ);hans\s+fr[üu]nd;Bendicht Tschachtlan, der in seiner Darstellung der Jahre 1436 bis 1446 weitgehend Hans Frund folgt, er wahnt zwar mehrmals den nachmaligen Obmann Heinrich von Bubenberg
/Users/programming/PycharmProjects/Find_Bibliography_NEw/data/azk_library/zahnd-urs-martin__20.pdf;27;work;Fründ (Hans Fründ);\bfr[üu]nd\b;mit diesem Frieden weitgehend durchgesetzt hatten, kaum einen Niederschlag. Hans Frund, der Schwyzer Land schreiber, beendet seine Chronik uber den Alten Zurichkrieg
/Users/programming/PycharmProjects/Find_Bibliography_NEw/data/azk_library/zahnd-urs-martin__20.pdf;27;work;Fründ (Hans Fründ);\bfr[üu]nd\b;"Tschachtlan, der in seiner Darstellung der Jahre 1436 bis 1446 weitgehend Hans Frund folgt, er wahnt zwar mehrmals den nachmaligen Obmann Heinrich von Bubenberg;8"
/Users/programming/PycharmProjects/Find_Bibliography_NEw/data/azk_library/zahnd-urs-martin__20.pdf;27;work;Fründ (Hans Fründ);\bfr[üu]nd\b;Neue Zugange zum Alten Zurichkrieg. Zurich 2006, 11f. Stettler (wie Anm. 3), 161. Frund, Hans: Chronik. Hrsg. von Kind, Christian Immanuel. Chur 1875. Tschachtlans Bilderchronik
/Users/programming/PycharmProjects/Find_Bibliography_NEw/data/azk_library/zahnd-urs-martin__20.pdf;27;work;Schilling (ungenau);\bschilling\b;im Gefecht am Galternbach vom 29. Marz 1448 gegen die Freiburger. – Diebold Schilling: Spiezer Chronik (um 1485/86), Burgerbibliothek Bern, Mss.h.h.I.16, S. 772
/Users/programming/PycharmProjects/Find_Bibliography_NEw/data/azk_library/zahnd-urs-martin__20.pdf;27;work;Schilling (ungenau);diebold\s+schilling;Truppen im Gefecht am Galternbach vom 29. Marz 1448 gegen die Freiburger. – Diebold Schilling: Spiezer Chronik (um 1485/86), Burgerbibliothek Bern, Mss.h.h.I.16, S.
/Users/programming/PycharmProjects/Find_Bibliography_NEw/data/azk_library/zahnd-urs-martin__20.pdf;27;work;Tschachtlan (Benedikt Tschachtlan);\btschachtlan\b;bereits mit dem Jahr 1446 (Konstanzer Friede).7 Der Berner Ratsherr Bendicht Tschachtlan, der in seiner Darstellung der Jahre 1436 bis 1446 weitgehend Hans Frund folgt
/Users/programming/PycharmProjects/Find_Bibliography_NEw/data/azk_library/zahnd-urs-martin__20.pdf;27;work;Tschachtlan (Benedikt Tschachtlan);\btschachtlan\b;Schwyzern, der andere uber Mellingen in die Zurcher Landschaft. – Bendicht Tschachtlan: Bilderchronik (um 1470), Zentralbibliothek Zurich, Ms. A 120, S. 699. 36
/Users/programming/PycharmProjects/Find_Bibliography_NEw/data/azk_library/zahnd-urs-martin__20.pdf;27;work;Tschachtlan (Benedikt Tschachtlan);\btschachtlan\b;Kontingenten aus den verbundeten Stadten Basel und Solothurn belagert. – Bendicht Tschachtlan: Bilderchronik (um 1470), Zentralbibliothek Zurich, Ms. A 120, S. 813. Zahnd
/Users/programming/PycharmProjects/Find_Bibliography_NEw/data/azk_library/zahnd-urs-martin__20.pdf;27;work;Tschachtlan (Benedikt Tschachtlan);\btschachtlan\b;Friede 1.12.1440), 361, Kap. 619, Z. 4 (Friedenskonferenz in Baden 22.3.1444). 9 Tschachtlan (wie Anm. 8), 407, Kap. 725, Z. 23 –29. 10 Chronik der Stadt Zurich. Hrsg
/Users/programming/PycharmProjects/Find_Bibliography_NEw/data/azk_library/zahnd-urs-martin__20.pdf;27;work;Tschachtlan (Benedikt Tschachtlan);\btschachtlan\b;"370. 56 Abschiede 2 (wie Anm. 1), 174, Nr. 273; Tobler (wie Anm. 16), 374. 57 Tschachtlan (wie Anm. 8), 290, Kap. 451; Rechtsquellen IV.1 (wie Anm. 34), 102 –110, Nr"
/Users/programming/PycharmProjects/Find_Bibliography_NEw/data/azk_library/zahnd-urs-martin__20.pdf;27;work;Tschudi (Aegidius/Gilg Tschudi, Chronicon Helveticum);\btschudi\b;Eidgenossischen Abschiede 2. Hrsg. von Segesser von, Anton Philipp. Luzern 1863, 859. Tschudi, Aegidius: Chronicon Helveticum 12. Hrsg. von Stettler, Bernhard. Basel 1998
/Users/programming/PycharmProjects/Find_Bibliography_NEw/data/azk_library/zahnd-urs-martin__20.pdf;27;work;Tschudi (Aegidius/Gilg Tschudi, Chronicon Helveticum);\btschudi\b;"des Kantons Bern 13 (1892), 387– 406; Stettler (wie Anm. 3), 175 –183. 13 14 15 Tschudi, Aegidius: Chronicon Helveticum 10. Hrsg. von Stettler, Bernhard. Basel 1994"
/Users/programming/PycharmProjects/Find_Bibliography_NEw/data/azk_library/zahnd-urs-martin__20.pdf;27;work;Tschudi (Aegidius/Gilg Tschudi, Chronicon Helveticum);\btschudi\b;"Kilchberg); Stettler (wie Anm. 3), 145 –152; Schaufelberger (wie Anm. 11), 293 – 297; Tschudi 10 (wie Anm. 13), 14 – 349; Berger (wie Anm. 11), 62 –104. Zur zweiten Kriegsphase"
/Users/programming/PycharmProjects/Find_Bibliography_NEw/data/azk_library/zahnd-urs-martin__20.pdf;27;work;Tschudi (Aegidius/Gilg Tschudi, Chronicon Helveticum);\btschudi\b;"Kriegsphase vgl. Abschiede 2 (wie Anm. 1), 811– 814, Beilage 21 (Friede von Konstanz); Tschudi, Aegidius, Chronicon Helveticum 11. Hrsg. von Stettler, Bernhard. Basel 1996"
/Users/programming/PycharmProjects/Find_Bibliography_NEw/data/azk_library/zahnd-urs-martin__20.pdf;27;work;Tschudi (Aegidius/Gilg Tschudi, Chronicon Helveticum);\btschudi\b;"1450); Stettler (wie Anm. 3), 164 –179; Schaufelberger (wie Anm. 11), 303 –305; Tschudi 12 (wie Anm. 2), 27*– 64*; Berger (wie Anm. 11), 178 –192; Schneider (wie Anm"
/Users/programming/PycharmProjects/Find_Bibliography_NEw/data/azk_library/zahnd-urs-martin__20.pdf;27;work;Tschudi (Aegidius/Gilg Tschudi, Chronicon Helveticum);\btschudi\b;"zur Schweizer Geschichte 3. Fribourg 1916, 13f.; Feller 1 (wie Anm. 11), 311f.; Tschudi 12 (wie Anm. 2), 60*f.; Zahnd (wie Anm. 18), 113f. 22 23 24 25 26 Tobler (wie"
/Users/programming/PycharmProjects/Find_Bibliography_NEw/data/azk_library/zahnd-urs-martin__20.pdf;27;work;Tschudi (Aegidius/Gilg Tschudi, Chronicon Helveticum);\btschudi\b;"367– 409; Schneider (wie Anm. 12), passim; Feller 1 (wie Anm. 11), 271– 303; Tschudi 10 (wie Anm. 13), 182, Anm. 77; Tschudi 11 (wie Anm. 15), 81, Anm. 30. Tschudi"
/Users/programming/PycharmProjects/Find_Bibliography_NEw/data/azk_library/zahnd-urs-martin__20.pdf;27;work;Tschudi (Aegidius/Gilg Tschudi, Chronicon Helveticum);\btschudi\b;"passim; Feller 1 (wie Anm. 11), 271– 303; Tschudi 10 (wie Anm. 13), 182, Anm. 77; Tschudi 11 (wie Anm. 15), 81, Anm. 30. Tschudi 10 (wie Anm. 13), 55, Anm. 25. Tschudi"
/Users/programming/PycharmProjects/Find_Bibliography_NEw/data/azk_library/zahnd-urs-martin__20.pdf;27;work;Tschudi (Aegidius/Gilg Tschudi, Chronicon Helveticum);\btschudi\b;"Tschudi 10 (wie Anm. 13), 182, Anm. 77; Tschudi 11 (wie Anm. 15), 81, Anm. 30. Tschudi 10 (wie Anm. 13), 55, Anm. 25. Tschudi 10 (wie Anm. 13), 89, Anm. 32; 111, Anm"
/Users/programming/PycharmProjects/Find_Bibliography_NEw/data/azk_library/zahnd-urs-martin__20.pdf;27;work;Tschudi (Aegidius/Gilg Tschudi, Chronicon Helveticum);\btschudi\b;"Tschudi 11 (wie Anm. 15), 81, Anm. 30. Tschudi 10 (wie Anm. 13), 55, Anm. 25. Tschudi 10 (wie Anm. 13), 89, Anm. 32; 111, Anm. 36; Schneider (wie Anm. 12), 299 –"
/Users/programming/PycharmProjects/Find_Bibliography_NEw/data/azk_library/zahnd-urs-martin__20.pdf;27;work;Tschudi (Aegidius/Gilg Tschudi, Chronicon Helveticum);\btschudi\b;"wie Anm. 13), 89, Anm. 32; 111, Anm. 36; Schneider (wie Anm. 12), 299 – 303. Tschudi 10 (wie Anm. 13), 113f., Anm. 36; Stettler (wie Anm. 3), 150. Tschudi 10 (wie"
/Users/programming/PycharmProjects/Find_Bibliography_NEw/data/azk_library/zahnd-urs-martin__20.pdf;27;work;Tschudi (Aegidius/Gilg Tschudi, Chronicon Helveticum);\btschudi\b;"– 303. Tschudi 10 (wie Anm. 13), 113f., Anm. 36; Stettler (wie Anm. 3), 150. Tschudi 10 (wie Anm. 13), 17*– 62*; 183 –207; Schneider (wie Anm. 12), 304–307; Feller"
/Users/programming/PycharmProjects/Find_Bibliography_NEw/data/azk_library/zahnd-urs-martin__20.pdf;27;work;Tschudi (Aegidius/Gilg Tschudi, Chronicon Helveticum);\btschudi\b;"27 Abschiede 2 (wie Anm. 1), 133, Nr. 211; Schneider (wie Anm. 12), 399. 28 Tschudi 10 (wie Anm. 13), 308, Anm. 127; Feller 1 (wie Anm. 11), 275 – 277. 29 Abschiede"
/Users/programming/PycharmProjects/Find_Bibliography_NEw/data/azk_library/zahnd-urs-martin__20.pdf;27;work;Tschudi (Aegidius/Gilg Tschudi, Chronicon Helveticum);\btschudi\b;"(wie Anm. 11), 275 – 277. 29 Abschiede 2 (wie Anm. 1), 773 –777, Beilage 12; Tschudi 10 (wie Anm. 13), 337, Anm. 133; Schneider (wie Anm. 12), 311– 314. 30 Tschudi"
/Users/programming/PycharmProjects/Find_Bibliography_NEw/data/azk_library/zahnd-urs-martin__20.pdf;27;work;Tschudi (Aegidius/Gilg Tschudi, Chronicon Helveticum);\btschudi\b;"Tschudi 10 (wie Anm. 13), 337, Anm. 133; Schneider (wie Anm. 12), 311– 314. 30 Tschudi 10 (wie Anm. 13), 348, Anm. 136; 356, Anm. 140; Berger (wie Anm. 11), 95 –104"
/Users/programming/PycharmProjects/Find_Bibliography_NEw/data/azk_library/zahnd-urs-martin__20.pdf;27;work;Tschudi (Aegidius/Gilg Tschudi, Chronicon Helveticum);\btschudi\b;"Vereins des Kantons Schwyz 83 (1991), 25 –39. Feller 1 (wie Anm. 11), 273f.; Tschudi 10 (wie Anm. 13), 111, Anm. 36; 122, Anm. 38; 182, Anm. 77; Stettler (wie Anm"
/Users/programming/PycharmProjects/Find_Bibliography_NEw/data/azk_library/zahnd-urs-martin__20.pdf;27;work;Tschudi (Aegidius/Gilg Tschudi, Chronicon Helveticum);\btschudi\b;"1955, 96 –110, Nr. 145 (Ewiger Bund der Stadte Zurich und Bern 22.1.1423). 35 36 Tschudi 10 (wie Anm. 13), 184, Anm. 77; Feller 1 (wie Anm. 11), 276. Tschudi 10 (wie"
/Users/programming/PycharmProjects/Find_Bibliography_NEw/data/azk_library/zahnd-urs-martin__20.pdf;27;work;Tschudi (Aegidius/Gilg Tschudi, Chronicon Helveticum);\btschudi\b;". 35 36 Tschudi 10 (wie Anm. 13), 184, Anm. 77; Feller 1 (wie Anm. 11), 276. Tschudi 10 (wie Anm. 13), 356, Anm. 140; Tschudi 11 (wie Anm. 15), 81, Anm. 30; Schneider"
/Users/programming/PycharmProjects/Find_Bibliography_NEw/data/azk_library/zahnd-urs-martin__20.pdf;27;work;Tschudi (Aegidius/Gilg Tschudi, Chronicon Helveticum);\btschudi\b;"Anm. 77; Feller 1 (wie Anm. 11), 276. Tschudi 10 (wie Anm. 13), 356, Anm. 140; Tschudi 11 (wie Anm. 15), 81, Anm. 30; Schneider (wie Anm. 12), 312f.; Berger (wie Anm"
/Users/programming/PycharmProjects/Find_Bibliography_NEw/data/azk_library/zahnd-urs-martin__20.pdf;27;work;Tschudi (Aegidius/Gilg Tschudi, Chronicon Helveticum);\btschudi\b;"Anm. 12), 400; Feller 1 (wie Anm. 11), 283f.; Berger (wie Anm. 11), 130 –132; Tschudi 11 (wie Anm. 15), 263, Anm. 123; 278, Anm. 129; 285, Anm. 131; 294, Anm. 132"
/Users/programming/PycharmProjects/Find_Bibliography_NEw/data/azk_library/zahnd-urs-martin__20.pdf;27;work;Tschudi (Aegidius/Gilg Tschudi, Chronicon Helveticum);\btschudi\b;"Anm. 11), 290; Berger (wie Anm. 11), 146 –152; Stettler (wie Anm. 3), 157–160; Tschudi 11 (wie Anm. 15), 312, Anm. 139. 40 Tobler (wie Anm. 16), 404f.; Schneider"
/Users/programming/PycharmProjects/Find_Bibliography_NEw/data/azk_library/zahnd-urs-martin__20.pdf;27;work;Tschudi (Aegidius/Gilg Tschudi, Chronicon Helveticum);\btschudi\b;"Anm. 139. 40 Tobler (wie Anm. 16), 404f.; Schneider (wie Anm. 12), 337– 345; Tschudi 12 (wie Anm. 2), 13*– 21*. 41 Schneider (wie Anm. 12), 384–387; Tschudi 12"
/Users/programming/PycharmProjects/Find_Bibliography_NEw/data/azk_library/zahnd-urs-martin__20.pdf;27;work;Tschudi (Aegidius/Gilg Tschudi, Chronicon Helveticum);\btschudi\b;"345; Tschudi 12 (wie Anm. 2), 13*– 21*. 41 Schneider (wie Anm. 12), 384–387; Tschudi 12 (wie Anm. 2), 57*– 64*; Stettler (wie Anm. 3), 42 43 175 –179. Feller 1"
/Users/programming/PycharmProjects/Find_Bibliography_NEw/data/azk_library/zahnd-urs-martin__20.pdf;27;work;Tschudi (Aegidius/Gilg Tschudi, Chronicon Helveticum);\btschudi\b;"Anm. 34), 249 –256, Nr. 156 (Bundnis von Bern, Solothurn und Basel 2.3.1441); Tschudi 10 (wie Anm. 13), 358, Anm. 142. 45 Rechtsquellen IV.1 (wie Anm. 34), 199 –201"
/Users/programming/PycharmProjects/Find_Bibliography_NEw/data/azk_library/zahnd-urs-martin__20.pdf;27;work;Tschudi (Aegidius/Gilg Tschudi, Chronicon Helveticum);\btschudi\b;"Bestatigung der Freiheiten Berns durch Friedrich III., Freiburg 17.10.1442); Tschudi 11 (wie Anm. 15), 23, Anm. 7; 53, Anm. 17; Feller 1 (wie Anm. 11), 278; Berger"
/Users/programming/PycharmProjects/Find_Bibliography_NEw/data/azk_library/zahnd-urs-martin__20.pdf;27;work;Tschudi (Aegidius/Gilg Tschudi, Chronicon Helveticum);\btschudi\b;"Anm. 17; Feller 1 (wie Anm. 11), 278; Berger (wie Anm. 11), 109 –113. 46 47 Tschudi 11 (wie Anm. 15), 65*– 82*; 81, Anm. 30; 184, Anm. 82; 187, Anm. 83; Feller"
/Users/programming/PycharmProjects/Find_Bibliography_NEw/data/azk_library/zahnd-urs-martin__20.pdf;27;work;Tschudi (Aegidius/Gilg Tschudi, Chronicon Helveticum);\btschudi\b;"Anm. 82; 187, Anm. 83; Feller 1 (wie Anm. 11), 283; Berger (wie Anm. 11), 195. Tschudi 11 (wie Anm. 15), 393, Anm. 194; Feller 1 (wie Anm. 11), 290f.; Schaufelberger"
/Users/programming/PycharmProjects/Find_Bibliography_NEw/data/azk_library/zahnd-urs-martin__20.pdf;27;work;Tschudi (Aegidius/Gilg Tschudi, Chronicon Helveticum);\btschudi\b;"wie Anm. 16), 380f.; 404 – 406, Beilage 18; Berger (wie Anm. 11), 189 – 192; Tschudi 11 (wie Anm. 15), 371, Anm. 175. 61 Actenstucke betreffend die zu Freyburg vorgefallene"
/Users/programming/PycharmProjects/Find_Bibliography_NEw/data/azk_library/zahnd-urs-martin__20.pdf;27;work;Tschudi (Aegidius/Gilg Tschudi, Chronicon Helveticum);\btschudi\b;"– 841, Beilage 25; 841– 844, Beilage 26; Schneider (wie Anm. 12), 384 – 387; Tschudi 12 (wie Anm. 2), 33*f., 58f.; Stettler (wie Anm. 3), 177f. 73 Abschiede 2 (wie"
/Users/programming/PycharmProjects/Find_Bibliography_NEw/data/azk_library/zahnd-urs-martin__20.pdf;27;work;Tschudi (Aegidius/Gilg Tschudi, Chronicon Helveticum);\btschudi\b;"Rechtsquellen IV.1 (wie Anm. 34), 348, Z. 14; Schneider (wie Anm. 12), 399 – 402; Tschudi 12 (wie Anm. 2), 60*, Anm. 133*. 74 Abschiede 2 (wie Anm. 1), 858 – 860. 75"
/Users/programming/PycharmProjects/Find_Bibliography_NEw/data/azk_library/zahnd-urs-martin__20.pdf;27;work;Tschudi (Aegidius/Gilg Tschudi, Chronicon Helveticum);\btschudi\b;"– 860. 75 Abschiede 2 (wie Anm. 1), 859. 76 Stettler (wie Anm. 3), 179 –183; Tschudi 12 (wie Anm. 2), 67*–72*. 77 Chronik der Stadt Zurich (wie Anm. 10), 224, Z"
/Users/programming/PycharmProjects/Find_Bibliography_NEw/data/azk_library/zahnd-urs-martin__20.pdf;27;work;Tschudi (Aegidius/Gilg Tschudi, Chronicon Helveticum);\btschudi\b;"wie Anm. 2), 67*–72*. 77 Chronik der Stadt Zurich (wie Anm. 10), 224, Z. 7–11; Tschudi 12 (wie Anm. 2), 64*– 67*. 78 Quellenwerk zur Entstehung der Schweizerischen"
/Users/programming/PycharmProjects/Find_Bibliography_NEw/data/azk_library/zahnd-urs-martin__20.pdf;27;work;Tschudi (Aegidius/Gilg Tschudi, Chronicon Helveticum);\btschudi\b;entdeckt. Hrsg. von Beer, Ellen J. et al. Bern 2003, 2. Aufl., 330 – 348. 81 Tschudi 12 (wie Anm. 2), 61*, Anm. 136*. 82 Rechtsquellen IV.1 (wie Anm. 34), 34 –79
/Users/programming/PycharmProjects/Find_Bibliography_NEw/data/azk_library/zahnd-urs-martin__20.pdf;27;work;Tschudi (Aegidius/Gilg Tschudi, Chronicon Helveticum);chronicon\s+helveticum;von Segesser von, Anton Philipp. Luzern 1863, 859. Tschudi, Aegidius: Chronicon Helveticum 12. Hrsg. von Stettler, Bernhard. Basel 1998, 61*– 64*. Stettler, Bernhard
/Users/programming/PycharmProjects/Find_Bibliography_NEw/data/azk_library/zahnd-urs-martin__20.pdf;27;work;Tschudi (Aegidius/Gilg Tschudi, Chronicon Helveticum);chronicon\s+helveticum;"387– 406; Stettler (wie Anm. 3), 175 –183. 13 14 15 Tschudi, Aegidius: Chronicon Helveticum 10. Hrsg. von Stettler, Bernhard. Basel 1994, 9*– 11*; Stettler, Bernhard"
/Users/programming/PycharmProjects/Find_Bibliography_NEw/data/azk_library/zahnd-urs-martin__20.pdf;27;work;Tschudi (Aegidius/Gilg Tschudi, Chronicon Helveticum);chronicon\s+helveticum;"Anm. 1), 811– 814, Beilage 21 (Friede von Konstanz); Tschudi, Aegidius, Chronicon Helveticum 11. Hrsg. von Stettler, Bernhard. Basel 1996, 13*– 99*, 442 – 448; Stettler"
/Users/programming/PycharmProjects/Find_Bibliography_NEw/data/azk_library/zahnd-urs-martin__20.pdf;27;work;Zürcher Stadtchronik (allgemein);z[üu]rcher\s+stadtchronik;Schiedsspruch allerdings von den Zurchern. In der zweiten Fortsetzung der Zurcher Stadtchronik wird Heinrich von Bubenbergs Urteil scharf kritisiert10 – ein Kommentar
/Users/programming/PycharmProjects/Find_Bibliography_NEw/data/azk_library/zahnd-urs-martin__20.pdf;27;work;Zürcher Stadtchronik (allgemein);chronik\s+der\s+stadt\s+z[üu]rich;neutraler Seite juristisch gepruft worden. In der zweiten Fortsetzung der Chronik der Stadt Zurich wird genau dieser Punkt bei der Darstellung des abschliessenden Schiedsverfahrens
/Users/programming/PycharmProjects/Find_Bibliography_NEw/data/azk_library/zahnd-urs-martin__20.pdf;27;work;Zürcher Stadtchronik (allgemein);chronik\s+der\s+stadt\s+z[üu]rich;22.3.1444). 9 Tschachtlan (wie Anm. 8), 407, Kap. 725, Z. 23 –29. 10 Chronik der Stadt Zurich. Hrsg. von Dierauer, Johannes (= Quellen zur Schweizer Geschichte 18
/Users/programming/PycharmProjects/Find_Bibliography_NEw/data/azk_library/zahnd-urs-martin__20.pdf;27;work;Zürcher Stadtchronik (allgemein);chronik\s+der\s+stadt\s+z[üu]rich;"Stettler (wie Anm. 3), 179 –183; Tschudi 12 (wie Anm. 2), 67*–72*. 77 Chronik der Stadt Zurich (wie Anm. 10), 224, Z. 7–11; Tschudi 12 (wie Anm. 2), 64*– 67*. 78 Quellenwerk"
/Users/programming/PycharmProjects/Find_Bibliography_NEw/data/azk_library/zahnd-urs-martin__20.pdf;28;work;Fründ (Hans Fründ);hans\s+fr[üu]nd;mit diesem Frieden weitgehend durchgesetzt hatten, kaum einen Niederschlag. Hans Frund, der Schwyzer Land schreiber, beendet seine Chronik uber den Alten Zurichkrieg
/Users/programming/PycharmProjects/Find_Bibliography_NEw/data/azk_library/zahnd-urs-martin__20.pdf;28;work;Fründ (Hans Fründ);hans\s+fr[üu]nd;Bendicht Tschachtlan, der in seiner Darstellung der Jahre 1436 bis 1446 weitgehend Hans Frund folgt, er wahnt zwar mehrmals den nachmaligen Obmann Heinrich von Bubenberg
/Users/programming/PycharmProjects/Find_Bibliography_NEw/data/azk_library/zahnd-urs-martin__20.pdf;28;work;Fründ (Hans Fründ);\bfr[üu]nd\b;mit diesem Frieden weitgehend durchgesetzt hatten, kaum einen Niederschlag. Hans Frund, der Schwyzer Land schreiber, beendet seine Chronik uber den Alten Zurichkrieg
/Users/programming/PycharmProjects/Find_Bibliography_NEw/data/azk_library/zahnd-urs-martin__20.pdf;28;work;Fründ (Hans Fründ);\bfr[üu]nd\b;"Tschachtlan, der in seiner Darstellung der Jahre 1436 bis 1446 weitgehend Hans Frund folgt, er wahnt zwar mehrmals den nachmaligen Obmann Heinrich von Bubenberg;8"
/Users/programming/PycharmProjects/Find_Bibliography_NEw/data/azk_library/zahnd-urs-martin__20.pdf;28;work;Fründ (Hans Fründ);\bfr[üu]nd\b;Neue Zugange zum Alten Zurichkrieg. Zurich 2006, 11f. Stettler (wie Anm. 3), 161. Frund, Hans: Chronik. Hrsg. von Kind, Christian Immanuel. Chur 1875. Tschachtlans Bilderchronik
/Users/programming/PycharmProjects/Find_Bibliography_NEw/data/azk_library/zahnd-urs-martin__20.pdf;28;work;Schilling (ungenau);\bschilling\b;im Gefecht am Galternbach vom 29. Marz 1448 gegen die Freiburger. – Diebold Schilling: Spiezer Chronik (um 1485/86), Burgerbibliothek Bern, Mss.h.h.I.16, S. 772
/Users/programming/PycharmProjects/Find_Bibliography_NEw/data/azk_library/zahnd-urs-martin__20.pdf;28;work;Schilling (ungenau);diebold\s+schilling;Truppen im Gefecht am Galternbach vom 29. Marz 1448 gegen die Freiburger. – Diebold Schilling: Spiezer Chronik (um 1485/86), Burgerbibliothek Bern, Mss.h.h.I.16, S.
/Users/programming/PycharmProjects/Find_Bibliography_NEw/data/azk_library/zahnd-urs-martin__20.pdf;28;work;Tschachtlan (Benedikt Tschachtlan);\btschachtlan\b;bereits mit dem Jahr 1446 (Konstanzer Friede).7 Der Berner Ratsherr Bendicht Tschachtlan, der in seiner Darstellung der Jahre 1436 bis 1446 weitgehend Hans Frund folgt
/Users/programming/PycharmProjects/Find_Bibliography_NEw/data/azk_library/zahnd-urs-martin__20.pdf;28;work;Tschachtlan (Benedikt Tschachtlan);\btschachtlan\b;Schwyzern, der andere uber Mellingen in die Zurcher Landschaft. – Bendicht Tschachtlan: Bilderchronik (um 1470), Zentralbibliothek Zurich, Ms. A 120, S. 699. 36
/Users/programming/PycharmProjects/Find_Bibliography_NEw/data/azk_library/zahnd-urs-martin__20.pdf;28;work;Tschachtlan (Benedikt Tschachtlan);\btschachtlan\b;Kontingenten aus den verbundeten Stadten Basel und Solothurn belagert. – Bendicht Tschachtlan: Bilderchronik (um 1470), Zentralbibliothek Zurich, Ms. A 120, S. 813. Zahnd
/Users/programming/PycharmProjects/Find_Bibliography_NEw/data/azk_library/zahnd-urs-martin__20.pdf;28;work;Tschachtlan (Benedikt Tschachtlan);\btschachtlan\b;Friede 1.12.1440), 361, Kap. 619, Z. 4 (Friedenskonferenz in Baden 22.3.1444). 9 Tschachtlan (wie Anm. 8), 407, Kap. 725, Z. 23 –29. 10 Chronik der Stadt Zurich. Hrsg
/Users/programming/PycharmProjects/Find_Bibliography_NEw/data/azk_library/zahnd-urs-martin__20.pdf;28;work;Tschachtlan (Benedikt Tschachtlan);\btschachtlan\b;"370. 56 Abschiede 2 (wie Anm. 1), 174, Nr. 273; Tobler (wie Anm. 16), 374. 57 Tschachtlan (wie Anm. 8), 290, Kap. 451; Rechtsquellen IV.1 (wie Anm. 34), 102 –110, Nr"
/Users/programming/PycharmProjects/Find_Bibliography_NEw/data/azk_library/zahnd-urs-martin__20.pdf;28;work;Tschudi (Aegidius/Gilg Tschudi, Chronicon Helveticum);\btschudi\b;Eidgenossischen Abschiede 2. Hrsg. von Segesser von, Anton Philipp. Luzern 1863, 859. Tschudi, Aegidius: Chronicon Helveticum 12. Hrsg. von Stettler, Bernhard. Basel 1998
/Users/programming/PycharmProjects/Find_Bibliography_NEw/data/azk_library/zahnd-urs-martin__20.pdf;28;work;Tschudi (Aegidius/Gilg Tschudi, Chronicon Helveticum);\btschudi\b;"des Kantons Bern 13 (1892), 387– 406; Stettler (wie Anm. 3), 175 –183. 13 14 15 Tschudi, Aegidius: Chronicon Helveticum 10. Hrsg. von Stettler, Bernhard. Basel 1994"
/Users/programming/PycharmProjects/Find_Bibliography_NEw/data/azk_library/zahnd-urs-martin__20.pdf;28;work;Tschudi (Aegidius/Gilg Tschudi, Chronicon Helveticum);\btschudi\b;"Kilchberg); Stettler (wie Anm. 3), 145 –152; Schaufelberger (wie Anm. 11), 293 – 297; Tschudi 10 (wie Anm. 13), 14 – 349; Berger (wie Anm. 11), 62 –104. Zur zweiten Kriegsphase"
/Users/programming/PycharmProjects/Find_Bibliography_NEw/data/azk_library/zahnd-urs-martin__20.pdf;28;work;Tschudi (Aegidius/Gilg Tschudi, Chronicon Helveticum);\btschudi\b;"Kriegsphase vgl. Abschiede 2 (wie Anm. 1), 811– 814, Beilage 21 (Friede von Konstanz); Tschudi, Aegidius, Chronicon Helveticum 11. Hrsg. von Stettler, Bernhard. Basel 1996"
/Users/programming/PycharmProjects/Find_Bibliography_NEw/data/azk_library/zahnd-urs-martin__20.pdf;28;work;Tschudi (Aegidius/Gilg Tschudi, Chronicon Helveticum);\btschudi\b;"1450); Stettler (wie Anm. 3), 164 –179; Schaufelberger (wie Anm. 11), 303 –305; Tschudi 12 (wie Anm. 2), 27*– 64*; Berger (wie Anm. 11), 178 –192; Schneider (wie Anm"
/Users/programming/PycharmProjects/Find_Bibliography_NEw/data/azk_library/zahnd-urs-martin__20.pdf;28;work;Tschudi (Aegidius/Gilg Tschudi, Chronicon Helveticum);\btschudi\b;"zur Schweizer Geschichte 3. Fribourg 1916, 13f.; Feller 1 (wie Anm. 11), 311f.; Tschudi 12 (wie Anm. 2), 60*f.; Zahnd (wie Anm. 18), 113f. 22 23 24 25 26 Tobler (wie"
/Users/programming/PycharmProjects/Find_Bibliography_NEw/data/azk_library/zahnd-urs-martin__20.pdf;28;work;Tschudi (Aegidius/Gilg Tschudi, Chronicon Helveticum);\btschudi\b;"367– 409; Schneider (wie Anm. 12), passim; Feller 1 (wie Anm. 11), 271– 303; Tschudi 10 (wie Anm. 13), 182, Anm. 77; Tschudi 11 (wie Anm. 15), 81, Anm. 30. Tschudi"
/Users/programming/PycharmProjects/Find_Bibliography_NEw/data/azk_library/zahnd-urs-martin__20.pdf;28;work;Tschudi (Aegidius/Gilg Tschudi, Chronicon Helveticum);\btschudi\b;"passim; Feller 1 (wie Anm. 11), 271– 303; Tschudi 10 (wie Anm. 13), 182, Anm. 77; Tschudi 11 (wie Anm. 15), 81, Anm. 30. Tschudi 10 (wie Anm. 13), 55, Anm. 25. Tschudi"
/Users/programming/PycharmProjects/Find_Bibliography_NEw/data/azk_library/zahnd-urs-martin__20.pdf;28;work;Tschudi (Aegidius/Gilg Tschudi, Chronicon Helveticum);\btschudi\b;"Tschudi 10 (wie Anm. 13), 182, Anm. 77; Tschudi 11 (wie Anm. 15), 81, Anm. 30. Tschudi 10 (wie Anm. 13), 55, Anm. 25. Tschudi 10 (wie Anm. 13), 89, Anm. 32; 111, Anm"
/Users/programming/PycharmProjects/Find_Bibliography_NEw/data/azk_library/zahnd-urs-martin__20.pdf;28;work;Tschudi (Aegidius/Gilg Tschudi, Chronicon Helveticum);\btschudi\b;"Tschudi 11 (wie Anm. 15), 81, Anm. 30. Tschudi 10 (wie Anm. 13), 55, Anm. 25. Tschudi 10 (wie Anm. 13), 89, Anm. 32; 111, Anm. 36; Schneider (wie Anm. 12), 299 –"
/Users/programming/PycharmProjects/Find_Bibliography_NEw/data/azk_library/zahnd-urs-martin__20.pdf;28;work;Tschudi (Aegidius/Gilg Tschudi, Chronicon Helveticum);\btschudi\b;"wie Anm. 13), 89, Anm. 32; 111, Anm. 36; Schneider (wie Anm. 12), 299 – 303. Tschudi 10 (wie Anm. 13), 113f., Anm. 36; Stettler (wie Anm. 3), 150. Tschudi 10 (wie"
/Users/programming/PycharmProjects/Find_Bibliography_NEw/data/azk_library/zahnd-urs-martin__20.pdf;28;work;Tschudi (Aegidius/Gilg Tschudi, Chronicon Helveticum);\btschudi\b;"– 303. Tschudi 10 (wie Anm. 13), 113f., Anm. 36; Stettler (wie Anm. 3), 150. Tschudi 10 (wie Anm. 13), 17*– 62*; 183 –207; Schneider (wie Anm. 12), 304–307; Feller"
/Users/programming/PycharmProjects/Find_Bibliography_NEw/data/azk_library/zahnd-urs-martin__20.pdf;28;work;Tschudi (Aegidius/Gilg Tschudi, Chronicon Helveticum);\btschudi\b;"27 Abschiede 2 (wie Anm. 1), 133, Nr. 211; Schneider (wie Anm. 12), 399. 28 Tschudi 10 (wie Anm. 13), 308, Anm. 127; Feller 1 (wie Anm. 11), 275 – 277. 29 Abschiede"
/Users/programming/PycharmProjects/Find_Bibliography_NEw/data/azk_library/zahnd-urs-martin__20.pdf;28;work;Tschudi (Aegidius/Gilg Tschudi, Chronicon Helveticum);\btschudi\b;"(wie Anm. 11), 275 – 277. 29 Abschiede 2 (wie Anm. 1), 773 –777, Beilage 12; Tschudi 10 (wie Anm. 13), 337, Anm. 133; Schneider (wie Anm. 12), 311– 314. 30 Tschudi"
/Users/programming/PycharmProjects/Find_Bibliography_NEw/data/azk_library/zahnd-urs-martin__20.pdf;28;work;Tschudi (Aegidius/Gilg Tschudi, Chronicon Helveticum);\btschudi\b;"Tschudi 10 (wie Anm. 13), 337, Anm. 133; Schneider (wie Anm. 12), 311– 314. 30 Tschudi 10 (wie Anm. 13), 348, Anm. 136; 356, Anm. 140; Berger (wie Anm. 11), 95 –104"
/Users/programming/PycharmProjects/Find_Bibliography_NEw/data/azk_library/zahnd-urs-martin__20.pdf;28;work;Tschudi (Aegidius/Gilg Tschudi, Chronicon Helveticum);\btschudi\b;"Vereins des Kantons Schwyz 83 (1991), 25 –39. Feller 1 (wie Anm. 11), 273f.; Tschudi 10 (wie Anm. 13), 111, Anm. 36; 122, Anm. 38; 182, Anm. 77; Stettler (wie Anm"
/Users/programming/PycharmProjects/Find_Bibliography_NEw/data/azk_library/zahnd-urs-martin__20.pdf;28;work;Tschudi (Aegidius/Gilg Tschudi, Chronicon Helveticum);\btschudi\b;"1955, 96 –110, Nr. 145 (Ewiger Bund der Stadte Zurich und Bern 22.1.1423). 35 36 Tschudi 10 (wie Anm. 13), 184, Anm. 77; Feller 1 (wie Anm. 11), 276. Tschudi 10 (wie"
/Users/programming/PycharmProjects/Find_Bibliography_NEw/data/azk_library/zahnd-urs-martin__20.pdf;28;work;Tschudi (Aegidius/Gilg Tschudi, Chronicon Helveticum);\btschudi\b;". 35 36 Tschudi 10 (wie Anm. 13), 184, Anm. 77; Feller 1 (wie Anm. 11), 276. Tschudi 10 (wie Anm. 13), 356, Anm. 140; Tschudi 11 (wie Anm. 15), 81, Anm. 30; Schneider"
/Users/programming/PycharmProjects/Find_Bibliography_NEw/data/azk_library/zahnd-urs-martin__20.pdf;28;work;Tschudi (Aegidius/Gilg Tschudi, Chronicon Helveticum);\btschudi\b;"Anm. 77; Feller 1 (wie Anm. 11), 276. Tschudi 10 (wie Anm. 13), 356, Anm. 140; Tschudi 11 (wie Anm. 15), 81, Anm. 30; Schneider (wie Anm. 12), 312f.; Berger (wie Anm"
/Users/programming/PycharmProjects/Find_Bibliography_NEw/data/azk_library/zahnd-urs-martin__20.pdf;28;work;Tschudi (Aegidius/Gilg Tschudi, Chronicon Helveticum);\btschudi\b;"Anm. 12), 400; Feller 1 (wie Anm. 11), 283f.; Berger (wie Anm. 11), 130 –132; Tschudi 11 (wie Anm. 15), 263, Anm. 123; 278, Anm. 129; 285, Anm. 131; 294, Anm. 132"
/Users/programming/PycharmProjects/Find_Bibliography_NEw/data/azk_library/zahnd-urs-martin__20.pdf;28;work;Tschudi (Aegidius/Gilg Tschudi, Chronicon Helveticum);\btschudi\b;"Anm. 11), 290; Berger (wie Anm. 11), 146 –152; Stettler (wie Anm. 3), 157–160; Tschudi 11 (wie Anm. 15), 312, Anm. 139. 40 Tobler (wie Anm. 16), 404f.; Schneider"
/Users/programming/PycharmProjects/Find_Bibliography_NEw/data/azk_library/zahnd-urs-martin__20.pdf;28;work;Tschudi (Aegidius/Gilg Tschudi, Chronicon Helveticum);\btschudi\b;"Anm. 139. 40 Tobler (wie Anm. 16), 404f.; Schneider (wie Anm. 12), 337– 345; Tschudi 12 (wie Anm. 2), 13*– 21*. 41 Schneider (wie Anm. 12), 384–387; Tschudi 12"
/Users/programming/PycharmProjects/Find_Bibliography_NEw/data/azk_library/zahnd-urs-martin__20.pdf;28;work;Tschudi (Aegidius/Gilg Tschudi, Chronicon Helveticum);\btschudi\b;"345; Tschudi 12 (wie Anm. 2), 13*– 21*. 41 Schneider (wie Anm. 12), 384–387; Tschudi 12 (wie Anm. 2), 57*– 64*; Stettler (wie Anm. 3), 42 43 175 –179. Feller 1"
/Users/programming/PycharmProjects/Find_Bibliography_NEw/data/azk_library/zahnd-urs-martin__20.pdf;28;work;Tschudi (Aegidius/Gilg Tschudi, Chronicon Helveticum);\btschudi\b;"Anm. 34), 249 –256, Nr. 156 (Bundnis von Bern, Solothurn und Basel 2.3.1441); Tschudi 10 (wie Anm. 13), 358, Anm. 142. 45 Rechtsquellen IV.1 (wie Anm. 34), 199 –201"
/Users/programming/PycharmProjects/Find_Bibliography_NEw/data/azk_library/zahnd-urs-martin__20.pdf;28;work;Tschudi (Aegidius/Gilg Tschudi, Chronicon Helveticum);\btschudi\b;"Bestatigung der Freiheiten Berns durch Friedrich III., Freiburg 17.10.1442); Tschudi 11 (wie Anm. 15), 23, Anm. 7; 53, Anm. 17; Feller 1 (wie Anm. 11), 278; Berger"
/Users/programming/PycharmProjects/Find_Bibliography_NEw/data/azk_library/zahnd-urs-martin__20.pdf;28;work;Tschudi (Aegidius/Gilg Tschudi, Chronicon Helveticum);\btschudi\b;"Anm. 17; Feller 1 (wie Anm. 11), 278; Berger (wie Anm. 11), 109 –113. 46 47 Tschudi 11 (wie Anm. 15), 65*– 82*; 81, Anm. 30; 184, Anm. 82; 187, Anm. 83; Feller"
/Users/programming/PycharmProjects/Find_Bibliography_NEw/data/azk_library/zahnd-urs-martin__20.pdf;28;work;Tschudi (Aegidius/Gilg Tschudi, Chronicon Helveticum);\btschudi\b;"Anm. 82; 187, Anm. 83; Feller 1 (wie Anm. 11), 283; Berger (wie Anm. 11), 195. Tschudi 11 (wie Anm. 15), 393, Anm. 194; Feller 1 (wie Anm. 11), 290f.; Schaufelberger"
/Users/programming/PycharmProjects/Find_Bibliography_NEw/data/azk_library/zahnd-urs-martin__20.pdf;28;work;Tschudi (Aegidius/Gilg Tschudi, Chronicon Helveticum);\btschudi\b;"wie Anm. 16), 380f.; 404 – 406, Beilage 18; Berger (wie Anm. 11), 189 – 192; Tschudi 11 (wie Anm. 15), 371, Anm. 175. 61 Actenstucke betreffend die zu Freyburg vorgefallene"
/Users/programming/PycharmProjects/Find_Bibliography_NEw/data/azk_library/zahnd-urs-martin__20.pdf;28;work;Tschudi (Aegidius/Gilg Tschudi, Chronicon Helveticum);\btschudi\b;"– 841, Beilage 25; 841– 844, Beilage 26; Schneider (wie Anm. 12), 384 – 387; Tschudi 12 (wie Anm. 2), 33*f., 58f.; Stettler (wie Anm. 3), 177f. 73 Abschiede 2 (wie"
/Users/programming/PycharmProjects/Find_Bibliography_NEw/data/azk_library/zahnd-urs-martin__20.pdf;28;work;Tschudi (Aegidius/Gilg Tschudi, Chronicon Helveticum);\btschudi\b;"Rechtsquellen IV.1 (wie Anm. 34), 348, Z. 14; Schneider (wie Anm. 12), 399 – 402; Tschudi 12 (wie Anm. 2), 60*, Anm. 133*. 74 Abschiede 2 (wie Anm. 1), 858 – 860. 75"
/Users/programming/PycharmProjects/Find_Bibliography_NEw/data/azk_library/zahnd-urs-martin__20.pdf;28;work;Tschudi (Aegidius/Gilg Tschudi, Chronicon Helveticum);\btschudi\b;"– 860. 75 Abschiede 2 (wie Anm. 1), 859. 76 Stettler (wie Anm. 3), 179 –183; Tschudi 12 (wie Anm. 2), 67*–72*. 77 Chronik der Stadt Zurich (wie Anm. 10), 224, Z"
/Users/programming/PycharmProjects/Find_Bibliography_NEw/data/azk_library/zahnd-urs-martin__20.pdf;28;work;Tschudi (Aegidius/Gilg Tschudi, Chronicon Helveticum);\btschudi\b;"wie Anm. 2), 67*–72*. 77 Chronik der Stadt Zurich (wie Anm. 10), 224, Z. 7–11; Tschudi 12 (wie Anm. 2), 64*– 67*. 78 Quellenwerk zur Entstehung der Schweizerischen"
/Users/programming/PycharmProjects/Find_Bibliography_NEw/data/azk_library/zahnd-urs-martin__20.pdf;28;work;Tschudi (Aegidius/Gilg Tschudi, Chronicon Helveticum);\btschudi\b;entdeckt. Hrsg. von Beer, Ellen J. et al. Bern 2003, 2. Aufl., 330 – 348. 81 Tschudi 12 (wie Anm. 2), 61*, Anm. 136*. 82 Rechtsquellen IV.1 (wie Anm. 34), 34 –79
/Users/programming/PycharmProjects/Find_Bibliography_NEw/data/azk_library/zahnd-urs-martin__20.pdf;28;work;Tschudi (Aegidius/Gilg Tschudi, Chronicon Helveticum);chronicon\s+helveticum;von Segesser von, Anton Philipp. Luzern 1863, 859. Tschudi, Aegidius: Chronicon Helveticum 12. Hrsg. von Stettler, Bernhard. Basel 1998, 61*– 64*. Stettler, Bernhard
/Users/programming/PycharmProjects/Find_Bibliography_NEw/data/azk_library/zahnd-urs-martin__20.pdf;28;work;Tschudi (Aegidius/Gilg Tschudi, Chronicon Helveticum);chronicon\s+helveticum;"387– 406; Stettler (wie Anm. 3), 175 –183. 13 14 15 Tschudi, Aegidius: Chronicon Helveticum 10. Hrsg. von Stettler, Bernhard. Basel 1994, 9*– 11*; Stettler, Bernhard"
/Users/programming/PycharmProjects/Find_Bibliography_NEw/data/azk_library/zahnd-urs-martin__20.pdf;28;work;Tschudi (Aegidius/Gilg Tschudi, Chronicon Helveticum);chronicon\s+helveticum;"Anm. 1), 811– 814, Beilage 21 (Friede von Konstanz); Tschudi, Aegidius, Chronicon Helveticum 11. Hrsg. von Stettler, Bernhard. Basel 1996, 13*– 99*, 442 – 448; Stettler"
/Users/programming/PycharmProjects/Find_Bibliography_NEw/data/azk_library/zahnd-urs-martin__20.pdf;28;work;Zürcher Stadtchronik (allgemein);z[üu]rcher\s+stadtchronik;Schiedsspruch allerdings von den Zurchern. In der zweiten Fortsetzung der Zurcher Stadtchronik wird Heinrich von Bubenbergs Urteil scharf kritisiert10 – ein Kommentar
/Users/programming/PycharmProjects/Find_Bibliography_NEw/data/azk_library/zahnd-urs-martin__20.pdf;28;work;Zürcher Stadtchronik (allgemein);chronik\s+der\s+stadt\s+z[üu]rich;neutraler Seite juristisch gepruft worden. In der zweiten Fortsetzung der Chronik der Stadt Zurich wird genau dieser Punkt bei der Darstellung des abschliessenden Schiedsverfahrens
/Users/programming/PycharmProjects/Find_Bibliography_NEw/data/azk_library/zahnd-urs-martin__20.pdf;28;work;Zürcher Stadtchronik (allgemein);chronik\s+der\s+stadt\s+z[üu]rich;22.3.1444). 9 Tschachtlan (wie Anm. 8), 407, Kap. 725, Z. 23 –29. 10 Chronik der Stadt Zurich. Hrsg. von Dierauer, Johannes (= Quellen zur Schweizer Geschichte 18
/Users/programming/PycharmProjects/Find_Bibliography_NEw/data/azk_library/zahnd-urs-martin__20.pdf;28;work;Zürcher Stadtchronik (allgemein);chronik\s+der\s+stadt\s+z[üu]rich;"Stettler (wie Anm. 3), 179 –183; Tschudi 12 (wie Anm. 2), 67*–72*. 77 Chronik der Stadt Zurich (wie Anm. 10), 224, Z. 7–11; Tschudi 12 (wie Anm. 2), 64*– 67*. 78 Quellenwerk"
/Users/programming/PycharmProjects/Find_Bibliography_NEw/data/azk_library/heinrich-speich__32.pdf;1;work;Fründ (Hans Fründ);hans\s+fr[üu]nd;the Bernese captain to his authority, the other was the chancellor of Schwyz Hans Frund with his quasi-offical chronicle of the Old Zurich war. Soon after, the annual
/Users/programming/PycharmProjects/Find_Bibliography_NEw/data/azk_library/heinrich-speich__32.pdf;1;work;Fründ (Hans Fründ);\bfr[üu]nd\b;Bernese captain to his authority, the other was the chancellor of Schwyz Hans Frund with his quasi-offical chronicle of the Old Zurich war. Soon after, the annual
/Users/programming/PycharmProjects/Find_Bibliography_NEw/data/azk_library/heinrich-speich__32.pdf;2;work;Tschudi (Aegidius/Gilg Tschudi, Chronicon Helveticum);aegidi(?:us)?\s+tschudi;Bild vom Alten Zurichkrieg und dessen Platz in der Historiographie. In: Aegidius Tschudi, Chronicon Helveticum. Bd. 12. Bearb. von B. Stettler. Bern 1998, S. 1*
/Users/programming/PycharmProjects/Find_Bibliography_NEw/data/azk_library/heinrich-speich__32.pdf;2;work;Tschudi (Aegidius/Gilg Tschudi, Chronicon Helveticum);\btschudi\b;Bild vom Alten Zurichkrieg und dessen Platz in der Historiographie. In: Aegidius Tschudi, Chronicon Helveticum. Bd. 12. Bearb. von B. Stettler. Bern 1998, S. 1*–121
/Users/programming/PycharmProjects/Find_Bibliography_NEw/data/azk_library/heinrich-speich__32.pdf;2;work;Tschudi (Aegidius/Gilg Tschudi, Chronicon Helveticum);chronicon\s+helveticum;Zurichkrieg und dessen Platz in der Historiographie. In: Aegidius Tschudi, Chronicon Helveticum. Bd. 12. Bearb. von B. Stettler. Bern 1998, S. 1*–121*. 4 Archivbezeichnungen
/Users/programming/PycharmProjects/Find_Bibliography_NEw/data/azk_library/heinrich-speich__32.pdf;3;work;Fründ (Hans Fründ);hans\s+fr[üu]nd;entscheidend. Am Augenfalligsten ist dies an der Berufung des Luzerner Burgers Hans Frund als Schreiber an die Kanzlei des Landerortes Schwyz im Jahr 1437.5 Der Landerort
/Users/programming/PycharmProjects/Find_Bibliography_NEw/data/azk_library/heinrich-speich__32.pdf;3;work;Fründ (Hans Fründ);hans\s+fr[üu]nd;Dauerkampf mit der Stadt Zurich bereits in der ersten Konfliktphase ab 1436 bewusst. Hans Frund war seit 1427 Unterschreiber in Luzern und wechselte als erster auswartiger
/Users/programming/PycharmProjects/Find_Bibliography_NEw/data/azk_library/heinrich-speich__32.pdf;3;work;Fründ (Hans Fründ);hans\s+fr[üu]nd;Der Alte Zurichkrieg (1436– 1450) im Spiegel der Biographie von Landschreiber Hans Frund. Jahrbuch des Historischen Vereins des Kantons Schwyz 98, 2006, S. 11–37. Stettler
/Users/programming/PycharmProjects/Find_Bibliography_NEw/data/azk_library/heinrich-speich__32.pdf;3;work;Fründ (Hans Fründ);hans\s+fr[üu]nd;Kantons Schwyz 98, 2006, S. 11–37. Stettler, Bernhard: Zur Uberlieferung von Hans Frunds. Darstellung des Alten Zurichkriegs. In: Aegidius Tschudi, Chronicon Helveticum
/Users/programming/PycharmProjects/Find_Bibliography_NEw/data/azk_library/heinrich-speich__32.pdf;3;work;Fründ (Hans Fründ);hans\s+fr[üu]nd;St. Gallen Cod. Sang. 644, ed. von Kind, Christian Emanuel: Die Chronik des Hans Frund, Chur 1870. Beschreibung in Scarpatetti, Beat Matthias von: Die Handschriften
/Users/programming/PycharmProjects/Find_Bibliography_NEw/data/azk_library/heinrich-speich__32.pdf;3;work;Fründ (Hans Fründ);\bfr[üu]nd\b;entscheidend. Am Augenfalligsten ist dies an der Berufung des Luzerner Burgers Hans Frund als Schreiber an die Kanzlei des Landerortes Schwyz im Jahr 1437.5 Der Landerort
/Users/programming/PycharmProjects/Find_Bibliography_NEw/data/azk_library/heinrich-speich__32.pdf;3;work;Fründ (Hans Fründ);\bfr[üu]nd\b;mit der Stadt Zurich bereits in der ersten Konfliktphase ab 1436 bewusst. Hans Frund war seit 1427 Unterschreiber in Luzern und wechselte als erster auswartiger Schreiber
/Users/programming/PycharmProjects/Find_Bibliography_NEw/data/azk_library/heinrich-speich__32.pdf;3;work;Fründ (Hans Fründ);\bfr[üu]nd\b;Zurichs versiertem Schreiber und kaiserlichem Notar Michael Graf gleich.6 Aber Frund konnte mehr: er war ein begnadeter Tagebuchschreiber und hinterliess eine Chronik
/Users/programming/PycharmProjects/Find_Bibliography_NEw/data/azk_library/heinrich-speich__32.pdf;3;work;Fründ (Hans Fründ);\bfr[üu]nd\b;Alte Zurichkrieg (1436– 1450) im Spiegel der Biographie von Landschreiber Hans Frund. Jahrbuch des Historischen Vereins des Kantons Schwyz 98, 2006, S. 11–37. Stettler
/Users/programming/PycharmProjects/Find_Bibliography_NEw/data/azk_library/heinrich-speich__32.pdf;3;work;Fründ (Hans Fründ);\bfr[üu]nd\b;Gallen Cod. Sang. 644, ed. von Kind, Christian Emanuel: Die Chronik des Hans Frund, Chur 1870. Beschreibung in Scarpatetti, Beat Matthias von: Die Handschriften
/Users/programming/PycharmProjects/Find_Bibliography_NEw/data/azk_library/heinrich-speich__32.pdf;3;work;Fründ (Hans Fründ);chronik\s+des\s+hans\s+fr[üu]nd;Stiftsbibliothek St. Gallen Cod. Sang. 644, ed. von Kind, Christian Emanuel: Die Chronik des Hans Frund, Chur 1870. Beschreibung in Scarpatetti, Beat Matthias von: Die Handschriften
/Users/programming/PycharmProjects/Find_Bibliography_NEw/data/azk_library/heinrich-speich__32.pdf;3;work;Tschudi (Aegidius/Gilg Tschudi, Chronicon Helveticum);aegidi(?:us)?\s+tschudi;Zur Uberlieferung von Hans Frunds. Darstellung des Alten Zurichkriegs. In: Aegidius Tschudi, Chronicon Helveticum. Bd. 12, S. 122*–134*. 6 Zu Michael Graf auch genannt
/Users/programming/PycharmProjects/Find_Bibliography_NEw/data/azk_library/heinrich-speich__32.pdf;3;work;Tschudi (Aegidius/Gilg Tschudi, Chronicon Helveticum);\btschudi\b;Uberlieferung von Hans Frunds. Darstellung des Alten Zurichkriegs. In: Aegidius Tschudi, Chronicon Helveticum. Bd. 12, S. 122*–134*. 6 Zu Michael Graf auch genannt
/Users/programming/PycharmProjects/Find_Bibliography_NEw/data/azk_library/heinrich-speich__32.pdf;3;work;Tschudi (Aegidius/Gilg Tschudi, Chronicon Helveticum);chronicon\s+helveticum;Hans Frunds. Darstellung des Alten Zurichkriegs. In: Aegidius Tschudi, Chronicon Helveticum. Bd. 12, S. 122*–134*. 6 Zu Michael Graf auch genannt Stebler siehe Sieber
/Users/programming/PycharmProjects/Find_Bibliography_NEw/data/azk_library/heinrich-speich__32.pdf;5;work;Fründ (Hans Fründ);hans\s+fr[üu]nd;wurden, ist an unserem Feldzug nur chronikalisch uberliefert. Die Chronik von Hans Frund ist besonders detailliert und damit –zumindest in diesem Fall- glaubwurdig
/Users/programming/PycharmProjects/Find_Bibliography_NEw/data/azk_library/heinrich-speich__32.pdf;5;work;Fründ (Hans Fründ);\bfr[üu]nd\b;wurden, ist an unserem Feldzug nur chronikalisch uberliefert. Die Chronik von Hans Frund ist besonders detailliert und damit –zumindest in diesem Fall- glaubwurdig. Frund
/Users/programming/PycharmProjects/Find_Bibliography_NEw/data/azk_library/heinrich-speich__32.pdf;5;work;Fründ (Hans Fründ);\bfr[üu]nd\b;Frund ist besonders detailliert und damit –zumindest in diesem Fall- glaubwurdig. Frund berichtet, die Aufgebote der Orte hatten sich in Uznach gesammelt. Uznach war
/Users/programming/PycharmProjects/Find_Bibliography_NEw/data/azk_library/heinrich-speich__32.pdf;5;work;Fründ (Hans Fründ);\bfr[üu]nd\b;Feldzuges Uber den weiteren Verlauf des Zuges sind wir wiederum aus den Chroniken von Frund und Tschachtlan bestens unterrichtet: die Eidgenossen fuhren per Schiff bis Quarten
/Users/programming/PycharmProjects/Find_Bibliography_NEw/data/azk_library/heinrich-speich__32.pdf;5;work;Fründ (Hans Fründ);\bfr[üu]nd\b;die Texte des Berner Hauptmanns in der Tschachtlan-Chronik und die Chroniken von Frund und Brennwald. Die Luzerner Briefe und die Klingenberger Chronik durfen als Korrektive
/Users/programming/PycharmProjects/Find_Bibliography_NEw/data/azk_library/heinrich-speich__32.pdf;5;work;Tschachtlan (Benedikt Tschachtlan);\btschachtlan\b;verfasste einen ausfuhrlichen Bericht, der die Basis der Chronik des Bendicht Tschachtlan bildete. Wir stellen fest: Schriftlichkeit im Kriegsalltag war bis dahin weitestgehend
/Users/programming/PycharmProjects/Find_Bibliography_NEw/data/azk_library/heinrich-speich__32.pdf;5;work;Tschachtlan (Benedikt Tschachtlan);\btschachtlan\b;weiteren Verlauf des Zuges sind wir wiederum aus den Chroniken von Frund und Tschachtlan bestens unterrichtet: die Eidgenossen fuhren per Schiff bis Quarten und zogen
/Users/programming/PycharmProjects/Find_Bibliography_NEw/data/azk_library/heinrich-speich__32.pdf;5;work;Tschachtlan (Benedikt Tschachtlan);\btschachtlan\b;Stuttgart 19792, S. 263–276. Tschudi kannte die Texte des Berner Hauptmanns in der Tschachtlan-Chronik und die Chroniken von Frund und Brennwald. Die Luzerner Briefe und
/Users/programming/PycharmProjects/Find_Bibliography_NEw/data/azk_library/heinrich-speich__32.pdf;5;work;Tschudi (Aegidius/Gilg Tschudi, Chronicon Helveticum);aegidi(?:us)?\s+tschudi;(ehemals Copiae rot VIII), S. 441–443, nach den Urkundenabschriften. 14 Aegidius Tschudi, Chronicon Helveticum. Bd. 11. Bearb. von B. Settler. Bern 1996, S. 416
/Users/programming/PycharmProjects/Find_Bibliography_NEw/data/azk_library/heinrich-speich__32.pdf;5;work;Tschudi (Aegidius/Gilg Tschudi, Chronicon Helveticum);aegidi(?:us)?\s+tschudi;"Chronisten enthalt, siehe dazu Stettler, Bernhard: Chronicon Helveticum Aegidius Tschudi. Hilfsmittel-Bd. 3; Tschudi- Vademecum: Annaherungen an Aegidius Tschudi"
/Users/programming/PycharmProjects/Find_Bibliography_NEw/data/azk_library/heinrich-speich__32.pdf;5;work;Tschudi (Aegidius/Gilg Tschudi, Chronicon Helveticum);aegidi(?:us)?\s+tschudi;"Aegidius Tschudi. Hilfsmittel-Bd. 3; Tschudi- Vademecum: Annaherungen an Aegidius Tschudi und sein „Chronikon Helveticum.“ Bearb. von B. Stettler. Bern 2001; Stettler"
/Users/programming/PycharmProjects/Find_Bibliography_NEw/data/azk_library/heinrich-speich__32.pdf;5;work;Tschudi (Aegidius/Gilg Tschudi, Chronicon Helveticum);\btschudi\b;ehemals Copiae rot VIII), S. 441–443, nach den Urkundenabschriften. 14 Aegidius Tschudi, Chronicon Helveticum. Bd. 11. Bearb. von B. Settler. Bern 1996, S. 416. und
/Users/programming/PycharmProjects/Find_Bibliography_NEw/data/azk_library/heinrich-speich__32.pdf;5;work;Tschudi (Aegidius/Gilg Tschudi, Chronicon Helveticum);\btschudi\b;S. 416. und StALU, Urk 231/3391. 15 Am ausfuhrlichsten ist hier wiederum die Tschudi-Chronik, die zahlreiche Konjekturen des Chronisten enthalt, siehe dazu Stettler
/Users/programming/PycharmProjects/Find_Bibliography_NEw/data/azk_library/heinrich-speich__32.pdf;5;work;Tschudi (Aegidius/Gilg Tschudi, Chronicon Helveticum);\btschudi\b;"Chronisten enthalt, siehe dazu Stettler, Bernhard: Chronicon Helveticum Aegidius Tschudi. Hilfsmittel-Bd. 3; Tschudi- Vademecum: Annaherungen an Aegidius Tschudi und"
/Users/programming/PycharmProjects/Find_Bibliography_NEw/data/azk_library/heinrich-speich__32.pdf;5;work;Tschudi (Aegidius/Gilg Tschudi, Chronicon Helveticum);\btschudi\b;"Stettler, Bernhard: Chronicon Helveticum Aegidius Tschudi. Hilfsmittel-Bd. 3; Tschudi- Vademecum: Annaherungen an Aegidius Tschudi und sein „Chronikon Helveticum"
/Users/programming/PycharmProjects/Find_Bibliography_NEw/data/azk_library/heinrich-speich__32.pdf;5;work;Tschudi (Aegidius/Gilg Tschudi, Chronicon Helveticum);\btschudi\b;"Aegidius Tschudi. Hilfsmittel-Bd. 3; Tschudi- Vademecum: Annaherungen an Aegidius Tschudi und sein „Chronikon Helveticum.“ Bearb. von B. Stettler. Bern 2001; Stettler"
/Users/programming/PycharmProjects/Find_Bibliography_NEw/data/azk_library/heinrich-speich__32.pdf;5;work;Tschudi (Aegidius/Gilg Tschudi, Chronicon Helveticum);\btschudi\b;Geschichtsschreibung der Schweiz. Bd. 1. Basel – Stuttgart 19792, S. 263–276. Tschudi kannte die Texte des Berner Hauptmanns in der Tschachtlan-Chronik und die Chroniken
/Users/programming/PycharmProjects/Find_Bibliography_NEw/data/azk_library/heinrich-speich__32.pdf;5;work;Tschudi (Aegidius/Gilg Tschudi, Chronicon Helveticum);\btschudi\b;Brennwald. Die Luzerner Briefe und die Klingenberger Chronik durfen als Korrektive zu Tschudi angesehen werden. 16 Zu den Letzinen siehe Meyer, Werner: Letzimauern und Landwehren
/Users/programming/PycharmProjects/Find_Bibliography_NEw/data/azk_library/heinrich-speich__32.pdf;5;work;Tschudi (Aegidius/Gilg Tschudi, Chronicon Helveticum);chronicon\s+helveticum;VIII), S. 441–443, nach den Urkundenabschriften. 14 Aegidius Tschudi, Chronicon Helveticum. Bd. 11. Bearb. von B. Settler. Bern 1996, S. 416. und StALU, Urk 231
/Users/programming/PycharmProjects/Find_Bibliography_NEw/data/azk_library/heinrich-speich__32.pdf;5;work;Tschudi (Aegidius/Gilg Tschudi, Chronicon Helveticum);chronicon\s+helveticum;"zahlreiche Konjekturen des Chronisten enthalt, siehe dazu Stettler, Bernhard: Chronicon Helveticum Aegidius Tschudi. Hilfsmittel-Bd. 3; Tschudi- Vademecum: Annaherungen"
/Users/programming/PycharmProjects/Find_Bibliography_NEw/data/azk_library/heinrich-speich__32.pdf;5;work;Brennwald (Heinrich/Johannes Brennwald, Schweizerchronik);\bbrennwald\b;Berner Hauptmanns in der Tschachtlan-Chronik und die Chroniken von Frund und Brennwald. Die Luzerner Briefe und die Klingenberger Chronik durfen als Korrektive zu
/Users/programming/PycharmProjects/Find_Bibliography_NEw/data/azk_library/heinrich-speich__32.pdf;5;work;Klingenberger/Rapperswiler Chronik (Eberhard Wüest, ed.);klingenberger\s+chronik;und die Chroniken von Frund und Brennwald. Die Luzerner Briefe und die Klingenberger Chronik durfen als Korrektive zu Tschudi angesehen werden. 16 Zu den Letzinen
/Users/programming/PycharmProjects/Find_Bibliography_NEw/data/azk_library/heinrich-speich__32.pdf;6;work;Tschudi (Aegidius/Gilg Tschudi, Chronicon Helveticum);\btschudi\b;der Feldzug tatsachlich nur „eine streifreis“, also ein Beutezug war. Aus der Tschudi-Chronik wird deutlich, dass bereits in den vorhergehenden Wintern solche Feldzuge
/Users/programming/PycharmProjects/Find_Bibliography_NEw/data/azk_library/heinrich-speich__32.pdf;7;work;Tschachtlan (Benedikt Tschachtlan);\btschachtlan\b;Bericht des Berner Hauptmanns Hans Wanner, welcher in der Chronik des Bendicht Tschachtlan (Zentralbibliothek Zurich, Ms A 120) eingearbeitet wurde. Dazu Ladner, Pascal
/Users/programming/PycharmProjects/Find_Bibliography_NEw/data/azk_library/heinrich-speich__32.pdf;7;work;Tschudi (Aegidius/Gilg Tschudi, Chronicon Helveticum);\btschudi\b;die unser fast unwilig hie ze beliben wan sy nit ze essen hant [...]. 24 Gemass Tschudi bereits kurz nach dem Abzug der Eidgenossen, den er auf den 4. April datiert
/Users/programming/PycharmProjects/Find_Bibliography_NEw/data/azk_library/heinrich-speich__32.pdf;8;work;Fründ (Hans Fründ);hans\s+fr[üu]nd;Sehr ausfuhrlich und trotzdem verhalten kritisch zum Feldzug ausserte sich Hans Frund: Da nu die im Land sahent, dass si nit trostes an inen hattent, und liessen
/Users/programming/PycharmProjects/Find_Bibliography_NEw/data/azk_library/heinrich-speich__32.pdf;8;work;Fründ (Hans Fründ);\bfr[üu]nd\b;Sehr ausfuhrlich und trotzdem verhalten kritisch zum Feldzug ausserte sich Hans Frund: Da nu die im Land sahent, dass si nit trostes an inen hattent, und liessen hinder
/Users/programming/PycharmProjects/Find_Bibliography_NEw/data/azk_library/heinrich-speich__32.pdf;8;work;Fründ (Hans Fründ);\bfr[üu]nd\b;hattent, und liessen hinder inen ire habe, und warent vor und nach arm lute. Wahrend Frund Kritik an den Glarnern aussert, nimmt der Glarner Tschudi diese in seiner Chronik
/Users/programming/PycharmProjects/Find_Bibliography_NEw/data/azk_library/heinrich-speich__32.pdf;8;work;Schilling (ungenau);\bschilling\b;den Misserfolg auf andere Grunde zuruck. Weiter aussern sich die Chronisten Schilling, Brennwald und Schodoler ebenfalls zur Schlacht, sie fehlt in keiner der Chroniken
/Users/programming/PycharmProjects/Find_Bibliography_NEw/data/azk_library/heinrich-speich__32.pdf;8;work;Tschudi (Aegidius/Gilg Tschudi, Chronicon Helveticum);aegidi(?:us)?\s+tschudi;in Cod. Sang. 630, S. 298–299. Die Handschrift gehorte im 16. Jahrhundert Aegidius Tschudi. Dazu Scarpatetti, Beat Matthias von: Die Handschriften der Stiftsbibliothek
/Users/programming/PycharmProjects/Find_Bibliography_NEw/data/azk_library/heinrich-speich__32.pdf;8;work;Tschudi (Aegidius/Gilg Tschudi, Chronicon Helveticum);\btschudi\b;nach arm lute. Wahrend Frund Kritik an den Glarnern aussert, nimmt der Glarner Tschudi diese in seiner Chronik wieder zuruck und fuhrt den Misserfolg auf andere Grunde
/Users/programming/PycharmProjects/Find_Bibliography_NEw/data/azk_library/heinrich-speich__32.pdf;8;work;Tschudi (Aegidius/Gilg Tschudi, Chronicon Helveticum);\btschudi\b;Darstellungen sind aber weitgehend ubereinstimmend. Gleichwohl erganzte vor allem Tschudi die Ereignisse um Details, wie er dies bei fast allen Feldzugen tat. Aus seiner
/Users/programming/PycharmProjects/Find_Bibliography_NEw/data/azk_library/heinrich-speich__32.pdf;8;work;Tschudi (Aegidius/Gilg Tschudi, Chronicon Helveticum);\btschudi\b;Cod. Sang. 630, S. 298–299. Die Handschrift gehorte im 16. Jahrhundert Aegidius Tschudi. Dazu Scarpatetti, Beat Matthias von: Die Handschriften der Stiftsbibliothek
/Users/programming/PycharmProjects/Find_Bibliography_NEw/data/azk_library/heinrich-speich__32.pdf;8;work;Schodoler (Werner Schodoler, Eidgenössische Chronik);\bschodoler\b;andere Grunde zuruck. Weiter aussern sich die Chronisten Schilling, Brennwald und Schodoler ebenfalls zur Schlacht, sie fehlt in keiner der Chroniken des spaten 15. und
/Users/programming/PycharmProjects/Find_Bibliography_NEw/data/azk_library/heinrich-speich__32.pdf;8;work;Brennwald (Heinrich/Johannes Brennwald, Schweizerchronik);heinrich\s+brennwald;Beilagen und Erorterungen. Hg. von G. Scherrer. St. Gallen 1874, S. 51. 27 Heinrich Brennwalds Schweizerchronik. Hg. von R. Luginbuhl. Quellen zur Schweizer Geschichte
/Users/programming/PycharmProjects/Find_Bibliography_NEw/data/azk_library/heinrich-speich__32.pdf;8;work;Brennwald (Heinrich/Johannes Brennwald, Schweizerchronik);heinrich\s+brennwald;Quellen zur Schweizer Geschichte. Neue Folge I. Abteilung Chroniken. Bd. II. Heinrich Brennwalds Schweizerchronik II. Basel 1910, S. 167–168.
/Users/programming/PycharmProjects/Find_Bibliography_NEw/data/azk_library/heinrich-speich__32.pdf;8;work;Brennwald (Heinrich/Johannes Brennwald, Schweizerchronik);\bbrennwald\b;Misserfolg auf andere Grunde zuruck. Weiter aussern sich die Chronisten Schilling, Brennwald und Schodoler ebenfalls zur Schlacht, sie fehlt in keiner der Chroniken des
/Users/programming/PycharmProjects/Find_Bibliography_NEw/data/azk_library/heinrich-speich__32.pdf;8;work;Twinger von Königshofen (Jakob Twinger von Königshofen, Chronik);twinger\s+von\s+k[öo]nigshofen;ARTICLES Chronikalische Uberlieferung Die osterreichfreundliche Chronik des Twinger von Konigshofen kommentierte lakonisch: und also entsausent inen die Schwitzer und zugent
/Users/programming/PycharmProjects/Find_Bibliography_NEw/data/azk_library/heinrich-speich__32.pdf;8;work;Twinger von Königshofen (Jakob Twinger von Königshofen, Chronik);\btwinger\b;ARTICLES Chronikalische Uberlieferung Die osterreichfreundliche Chronik des Twinger von Konigshofen kommentierte lakonisch: und also entsausent inen die Schwitzer
/Users/programming/PycharmProjects/Find_Bibliography_NEw/data/azk_library/heinrich-speich__32.pdf;8;work;Twinger von Königshofen (Jakob Twinger von Königshofen, Chronik);k[öo]nigshofen(?:er)?\s+chronik;Jahrhunderts. Der Text wurde eingeleitet mit der Praambel 25 Variante der Konigshofen Chronik in Cod. Sang. 630, S. 298–299. Die Handschrift gehorte im 16. Jahrhundert
/Users/programming/PycharmProjects/Find_Bibliography_NEw/data/azk_library/heinrich-speich__32.pdf;8;work;Twinger von Königshofen (Jakob Twinger von Königshofen, Chronik);chronik\s+des\s+twinger;CLANKY / ARTICLES Chronikalische Uberlieferung Die osterreichfreundliche Chronik des Twinger von Konigshofen kommentierte lakonisch: und also entsausent inen die Schwitzer
/Users/programming/PycharmProjects/Find_Bibliography_NEw/data/azk_library/heinrich-speich__32.pdf;9;work;Tschachtlan (Benedikt Tschachtlan);\btschachtlan\b;2001, S. 125. Abb. Die Schlacht bei Ragaz 1446 in der Chronik des Bendicht Tschachtlan (1470) (Zentralbibliothek Zurich, Ms A 120, S. 929).
/Users/programming/PycharmProjects/Find_Bibliography_NEw/data/azk_library/heinrich-speich__32.pdf;10;work;Tschudi (Aegidius/Gilg Tschudi, Chronicon Helveticum);aegidi(?:us)?\s+tschudi;...]. Die Jahrzeitbucher. Bd. 1. Bearb. von F. Auf der Maur, S. 124. 30 Aegidius Tschudi, Chronicon Helveticum. Bd. 12, S. 421. 31 Vgl. Egloff, Gregor: Art. Fritschi
/Users/programming/PycharmProjects/Find_Bibliography_NEw/data/azk_library/heinrich-speich__32.pdf;10;work;Tschudi (Aegidius/Gilg Tschudi, Chronicon Helveticum);\btschudi\b;. Die Jahrzeitbucher. Bd. 1. Bearb. von F. Auf der Maur, S. 124. 30 Aegidius Tschudi, Chronicon Helveticum. Bd. 12, S. 421. 31 Vgl. Egloff, Gregor: Art. Fritschi
/Users/programming/PycharmProjects/Find_Bibliography_NEw/data/azk_library/heinrich-speich__32.pdf;10;work;Tschudi (Aegidius/Gilg Tschudi, Chronicon Helveticum);chronicon\s+helveticum;Jahrzeitbucher. Bd. 1. Bearb. von F. Auf der Maur, S. 124. 30 Aegidius Tschudi, Chronicon Helveticum. Bd. 12, S. 421. 31 Vgl. Egloff, Gregor: Art. Fritschi. In: Historisches
/Users/programming/PycharmProjects/Find_Bibliography_NEw/data/azk_library/heinrich-speich__32.pdf;11;work;Fründ (Hans Fründ);hans\s+fr[üu]nd;wurden auch die Augenzeugenberichte des Berner Hauptmanns und die Chronik des Hans Frund in der Folge historiographisch ausgewertet: Der Bericht von Wanner in der Tschachtlan
/Users/programming/PycharmProjects/Find_Bibliography_NEw/data/azk_library/heinrich-speich__32.pdf;11;work;Fründ (Hans Fründ);\bfr[üu]nd\b;wurden auch die Augenzeugenberichte des Berner Hauptmanns und die Chronik des Hans Frund in der Folge historiographisch ausgewertet: Der Bericht von Wanner in der Tschachtlan
/Users/programming/PycharmProjects/Find_Bibliography_NEw/data/azk_library/heinrich-speich__32.pdf;11;work;Fründ (Hans Fründ);chronik\s+des\s+hans\s+fr[üu]nd;Interessanterweise wurden auch die Augenzeugenberichte des Berner Hauptmanns und die Chronik des Hans Frund in der Folge historiographisch ausgewertet: Der Bericht von Wanner in
/Users/programming/PycharmProjects/Find_Bibliography_NEw/data/azk_library/heinrich-speich__32.pdf;11;work;Schilling (ungenau);\bschilling\b;Tschachtlan-Chronik, die wiederum Vorbild der wirkmachtigen Berner Chronik des Diebold Schilling wurde. Frunds Beschreibung wurde durch Tschudi erganzt und zur 33 Vorarlberger
/Users/programming/PycharmProjects/Find_Bibliography_NEw/data/azk_library/heinrich-speich__32.pdf;11;work;Schilling (ungenau);diebold\s+schilling;Tschachtlan-Chronik, die wiederum Vorbild der wirkmachtigen Berner Chronik des Diebold Schilling wurde. Frunds Beschreibung wurde durch Tschudi erganzt und zur 33 Vorarlberger
/Users/programming/PycharmProjects/Find_Bibliography_NEw/data/azk_library/heinrich-speich__32.pdf;11;work;Tschachtlan (Benedikt Tschachtlan);\btschachtlan\b;Frund in der Folge historiographisch ausgewertet: Der Bericht von Wanner in der Tschachtlan-Chronik, die wiederum Vorbild der wirkmachtigen Berner Chronik des Diebold
/Users/programming/PycharmProjects/Find_Bibliography_NEw/data/azk_library/heinrich-speich__32.pdf;11;work;Tschudi (Aegidius/Gilg Tschudi, Chronicon Helveticum);\btschudi\b;Feldzuges genugend Ruckhalt fur eine dauerhafte Besetzung zu schaffen. Der Chronist Tschudi unterstellt den Beteiligten zwar, mit dieser Intention vorgegangen zu sein.
/Users/programming/PycharmProjects/Find_Bibliography_NEw/data/azk_library/heinrich-speich__32.pdf;11;work;Tschudi (Aegidius/Gilg Tschudi, Chronicon Helveticum);\btschudi\b;wirkmachtigen Berner Chronik des Diebold Schilling wurde. Frunds Beschreibung wurde durch Tschudi erganzt und zur 33 Vorarlberger Landesarchiv (ohne Provenienz), Urk 1633. 34
/Users/programming/PycharmProjects/Find_Bibliography_NEw/data/azk_library/heinrich-speich__32.pdf;11;work;Berner Chronik (allgemein);\bberner\s+chronik\b;Wanner in der Tschachtlan-Chronik, die wiederum Vorbild der wirkmachtigen Berner Chronik des Diebold Schilling wurde. Frunds Beschreibung wurde durch Tschudi erganzt
/Users/programming/PycharmProjects/Find_Bibliography_NEw/data/azk_library/heinrich-speich__32.pdf;12;work;Fründ (Hans Fründ);\bfr[üu]nd\b;Meistererzahlung ausgeschmuckt. Die einzige uberlieferte Abschrift des Manuskriptes von Frund befand sich namlich spater im Besitz von Aegidius Tschudi. Kleiner Feldzug –
/Users/programming/PycharmProjects/Find_Bibliography_NEw/data/azk_library/heinrich-speich__32.pdf;12;work;Tschudi (Aegidius/Gilg Tschudi, Chronicon Helveticum);aegidi(?:us)?\s+tschudi;Abschrift des Manuskriptes von Frund befand sich namlich spater im Besitz von Aegidius Tschudi. Kleiner Feldzug – grosse Wirkung. Der sogenannte Ragazer Feldzug am Ende
/Users/programming/PycharmProjects/Find_Bibliography_NEw/data/azk_library/heinrich-speich__32.pdf;12;work;Tschudi (Aegidius/Gilg Tschudi, Chronicon Helveticum);\btschudi\b;des Manuskriptes von Frund befand sich namlich spater im Besitz von Aegidius Tschudi. Kleiner Feldzug – grosse Wirkung. Der sogenannte Ragazer Feldzug am Ende des
/Users/programming/PycharmProjects/Find_Bibliography_NEw/data/azk_library/landolt-oliver__10.pdf;2;work;Fründ (Hans Fründ);hans\s+fr[üu]nd;abzusichern suchten. 56 Abb. 10: Notarszeichen des Schwyzer Landschreibers Hans Frund. Der zweistufige Sockel mit Namenszug tragt als Signetkopf einen von einem
/Users/programming/PycharmProjects/Find_Bibliography_NEw/data/azk_library/landolt-oliver__10.pdf;2;work;Fründ (Hans Fründ);\bfr[üu]nd\b;abzusichern suchten. 56 Abb. 10: Notarszeichen des Schwyzer Landschreibers Hans Frund. Der zweistufige Sockel mit Namenszug tragt als Signetkopf einen von einem Band
/Users/programming/PycharmProjects/Find_Bibliography_NEw/data/azk_library/landolt-oliver__10.pdf;2;work;Fründ (Hans Fründ);\bfr[üu]nd\b;Schwyz stellte man sich zunehmend auf Krieg ein. Mit der Einstellung von Johannes Frund als schwyzerischem Landschreiber im Lauf des Jahres 1437, einem ehemaligen Beschaftigten
/Users/programming/PycharmProjects/Find_Bibliography_NEw/data/azk_library/landolt-oliver__10.pdf;2;work;Fründ (Hans Fründ);\bfr[üu]nd\b;der mangelhaften Uberlieferung ausserst schmal. Jedenfalls holte sich Schwyz mit Frund eine Person mit administrativen Kenntnissen von aussen und griff nicht wie bis
/Users/programming/PycharmProjects/Find_Bibliography_NEw/data/azk_library/landolt-oliver__10.pdf;2;work;Fründ (Hans Fründ);\bfr[üu]nd\b;"121-143; Wiget (wie Anm. 2), 41. 26 StASZ, Urk. 409 vom 2.August 1437 (Druck: Frund,21 f.); StASZ, Urk. 419 vom 15. Oktober 1438 (Druck: Tschudi, Bd. 10,173 ff."
/Users/programming/PycharmProjects/Find_Bibliography_NEw/data/azk_library/landolt-oliver__10.pdf;2;work;Fründ (Hans Fründ);\bfr[üu]nd\b;Urkunde Hessen sich die Schwyzer am 21. Marz 1439 sogar durch ihren Landschreiber Frund notariell beglaubigen (vgl. Abbildung 10). 27 Zu Johannes Frund: Konrad Wanner
/Users/programming/PycharmProjects/Find_Bibliography_NEw/data/azk_library/landolt-oliver__10.pdf;2;work;Fründ (Hans Fründ);\bfr[üu]nd\b;Landschreiber Frund notariell beglaubigen (vgl. Abbildung 10). 27 Zu Johannes Frund: Konrad Wanner: Schreiber, Chronisten und Fruhhumanisten in der Luzerner Stadtkanzlei
/Users/programming/PycharmProjects/Find_Bibliography_NEw/data/azk_library/landolt-oliver__10.pdf;2;work;Fründ (Hans Fründ);\bfr[üu]nd\b;des Kantons Schwyz 1548-1798, Schwyz 1906 (Beilage zu MHVS 19), III-XIX. - Vor Frund nahm Schwyz jeweils den Rapperswiler Stadtschreiber Eberhard Wust fur notarielle
/Users/programming/PycharmProjects/Find_Bibliography_NEw/data/azk_library/landolt-oliver__10.pdf;2;work;Fründ (Hans Fründ);\bfr[üu]nd\b;"Martin Kothing, Zurich/Frauenfeld 1850,68-72. 30 Klingenberger Chronik, 258-260; Frund, 24-37. 31 Frund, 38-57. Siehe unten den Beitrag von Fritz Rigendinger. 32 Wiget"
/Users/programming/PycharmProjects/Find_Bibliography_NEw/data/azk_library/landolt-oliver__10.pdf;2;work;Fründ (Hans Fründ);\bfr[üu]nd\b;"Zurich/Frauenfeld 1850,68-72. 30 Klingenberger Chronik, 258-260; Frund, 24-37. 31 Frund, 38-57. Siehe unten den Beitrag von Fritz Rigendinger. 32 Wiget (wie Anm. 2)"
/Users/programming/PycharmProjects/Find_Bibliography_NEw/data/azk_library/landolt-oliver__10.pdf;2;work;Fründ (Hans Fründ);\bfr[üu]nd\b;Reich des Mittelalters, hg. von Peter Ruck, Marburg a. d. L. 1991,267-293. 37 Frund, 109,110. 38 Niederstatter (wie Anm. 2), 275-299. 39 Frund, 24—34,58-66. Allgemein
/Users/programming/PycharmProjects/Find_Bibliography_NEw/data/azk_library/landolt-oliver__10.pdf;2;work;Fründ (Hans Fründ);\bfr[üu]nd\b;L. 1991,267-293. 37 Frund, 109,110. 38 Niederstatter (wie Anm. 2), 275-299. 39 Frund, 24—34,58-66. Allgemein zum Etzel als Ausgangsort fur schwyzerische Operationen
/Users/programming/PycharmProjects/Find_Bibliography_NEw/data/azk_library/landolt-oliver__10.pdf;2;work;Fründ (Hans Fründ);\bfr[üu]nd\b;gesamteidgenossische Entwicklung, in: MHVS 87 (1995), 9-21, hier 17. 40 Siehe beispielsweise Frund, 85. Allgemein zur Burg in Pfaffikon: Paul Wyrsch: Zur Geschichte der Schloss
/Users/programming/PycharmProjects/Find_Bibliography_NEw/data/azk_library/landolt-oliver__10.pdf;2;work;Hemmerlin (Felix Hemmerlin/Malleolus);de\s+nobilitate\s+et\s+rusticitate;Jahr 1451 in lateinischer Sprache abgeschlossenen Schrift «Dialogus de nobilitate et rusticitate» brachte Hemmerli im 33. Kapitel, welches mit «De Suitensibus» betitelt
/Users/programming/PycharmProjects/Find_Bibliography_NEw/data/azk_library/landolt-oliver__10.pdf;2;work;Tschudi (Aegidius/Gilg Tschudi, Chronicon Helveticum);aegidi(?:us)?\s+tschudi;Wiget (wie Anm. 2), 27 f. - In Schwyz kam es gemass der Uberlieferung von Aegidius Tschudi ob dieser territorialpolitischen Niederlage zu Unruhen und zum Sturz einzelner
/Users/programming/PycharmProjects/Find_Bibliography_NEw/data/azk_library/landolt-oliver__10.pdf;2;work;Tschudi (Aegidius/Gilg Tschudi, Chronicon Helveticum);\btschudi\b;Einzelortische Konsolidierung und eidgenossische Solidaritat im Widerstreit, in:Tschudi, Bd. 9,22*-158*, hier 148*-156*. 6 Robert Hoppeler, Zurichs Burgrecht mit dem
/Users/programming/PycharmProjects/Find_Bibliography_NEw/data/azk_library/landolt-oliver__10.pdf;2;work;Tschudi (Aegidius/Gilg Tschudi, Chronicon Helveticum);\btschudi\b;(wie Anm. 2), 27 f. - In Schwyz kam es gemass der Uberlieferung von Aegidius Tschudi ob dieser territorialpolitischen Niederlage zu Unruhen und zum Sturz einzelner
/Users/programming/PycharmProjects/Find_Bibliography_NEw/data/azk_library/landolt-oliver__10.pdf;2;work;Tschudi (Aegidius/Gilg Tschudi, Chronicon Helveticum);\btschudi\b;territorialpolitischen Niederlage zu Unruhen und zum Sturz einzelner Ratsherren. Tschudi, Bd. 7,79 f. - Allerdings hatte Schwyz weiterhin besondere Interessen im Agerigebiet
/Users/programming/PycharmProjects/Find_Bibliography_NEw/data/azk_library/landolt-oliver__10.pdf;2;work;Tschudi (Aegidius/Gilg Tschudi, Chronicon Helveticum);\btschudi\b;Schaufelberger (wie Anm. 2), 294. - Landrecht mit Schwyz 1417. StASZ, Urk. 324. Druck: Tschudi, Bd. 8,223-226. - Erneuerung 1428 mit gleichzeitiger Zusicherung der schwyzerischen
/Users/programming/PycharmProjects/Find_Bibliography_NEw/data/azk_library/landolt-oliver__10.pdf;2;work;Tschudi (Aegidius/Gilg Tschudi, Chronicon Helveticum);\btschudi\b;Zusicherung der schwyzerischen Herrschaft uber die Obermarch. StASZ, Urk. 359. Druck:Tschudi, Bd. 9, 212-216. - Landrecht des Grafen mit Glarus 1419. Ebd., 33-39. 19 Zur
/Users/programming/PycharmProjects/Find_Bibliography_NEw/data/azk_library/landolt-oliver__10.pdf;2;work;Tschudi (Aegidius/Gilg Tschudi, Chronicon Helveticum);\btschudi\b;Freiburg i. Ue. 1975. 20 Berger (wie Anm. 2), 66-74. 21 StASZ, Urk. 405. Siehe auch Tschudi, Bd. 10,130 f. 22 StASZ, Urk. 406 und 412a (Druck: Tschudi, Bd. 10,142-148)
/Users/programming/PycharmProjects/Find_Bibliography_NEw/data/azk_library/landolt-oliver__10.pdf;2;work;Tschudi (Aegidius/Gilg Tschudi, Chronicon Helveticum);\btschudi\b;Urk. 405. Siehe auch Tschudi, Bd. 10,130 f. 22 StASZ, Urk. 406 und 412a (Druck: Tschudi, Bd. 10,142-148). 23 StASZ, Urk. 415a (Druck: Tschudi, Bd. 10,155-157). 24 Friedrich
/Users/programming/PycharmProjects/Find_Bibliography_NEw/data/azk_library/landolt-oliver__10.pdf;2;work;Tschudi (Aegidius/Gilg Tschudi, Chronicon Helveticum);\btschudi\b;Urk. 406 und 412a (Druck: Tschudi, Bd. 10,142-148). 23 StASZ, Urk. 415a (Druck: Tschudi, Bd. 10,155-157). 24 Friedrich Emil Welti: Ein Berner Zinsrodel aus dem Jahre
/Users/programming/PycharmProjects/Find_Bibliography_NEw/data/azk_library/landolt-oliver__10.pdf;2;work;Tschudi (Aegidius/Gilg Tschudi, Chronicon Helveticum);\btschudi\b;"August 1437 (Druck: Frund,21 f.); StASZ, Urk. 419 vom 15. Oktober 1438 (Druck: Tschudi, Bd. 10,173 ff.). Diese Urkunde Hessen sich die Schwyzer am 21. Marz 1439 sogar"
/Users/programming/PycharmProjects/Find_Bibliography_NEw/data/azk_library/landolt-oliver__10.pdf;2;work;Tschudi (Aegidius/Gilg Tschudi, Chronicon Helveticum);\btschudi\b;Rapperswiler Stadtschreiber Eberhard Wust fur notarielle Beglaubigungen in Anspruch. Tschudi, Bd. 10,175, Anm. 74. 29 StASZ, Urk. 418. Druck in: Das Landbuch von Schwyz
/Users/programming/PycharmProjects/Find_Bibliography_NEw/data/azk_library/landolt-oliver__10.pdf;2;work;Tschudi (Aegidius/Gilg Tschudi, Chronicon Helveticum);\btschudi\b;"ihre Bedeutung fur das Selbstverstandnis der eidgenossischen Orte (Anhang I),in:Tschudi, Bd. 11,435-441; Ders.: Kriegsfuhrung im Alten Zurichkrieg (Anhang II), in:"
/Users/programming/PycharmProjects/Find_Bibliography_NEw/data/azk_library/landolt-oliver__10.pdf;2;work;Klingenberger/Rapperswiler Chronik (Eberhard Wüest, ed.);klingenberger\s+chronik;vor allem durch die Intervention Berns blockiert wurden.33 Gemass der Klingenberger Chronik suchten die Schwyzer mittels geheimer Gesandtschaften beim neugewahlten
/Users/programming/PycharmProjects/Find_Bibliography_NEw/data/azk_library/landolt-oliver__10.pdf;2;work;Klingenberger/Rapperswiler Chronik (Eberhard Wüest, ed.);klingenberger\s+chronik;"beglaubigtem Text, hg. von Martin Kothing, Zurich/Frauenfeld 1850,68-72. 30 Klingenberger Chronik, 258-260; Frund, 24-37. 31 Frund, 38-57. Siehe unten den Beitrag von"
/Users/programming/PycharmProjects/Find_Bibliography_NEw/data/azk_library/landolt-oliver__10.pdf;2;work;Klingenberger/Rapperswiler Chronik (Eberhard Wüest, ed.);klingenberger\s+chronik;Gesandtschaft der Schwyzer zu Konig Friedrich III. findet sich einzig in der Klingenberger Chronik, 279 ff. 35 EA, Bd. 2,145 f., Nr. 236 und 237. 36 Paul-Joachim Heinig
/Users/programming/PycharmProjects/Find_Bibliography_NEw/data/azk_library/landolt-oliver__10.pdf;5;work;Fründ (Hans Fründ);hans\s+fr[üu]nd;Abb. 10: Notarszeichen des Schwyzer Landschreibers Hans Frund. Der zweistufige Sockel mit Namenszug tragt als Signetkopf einen von einem Band (einer Schlange?) umwundenen
/Users/programming/PycharmProjects/Find_Bibliography_NEw/data/azk_library/landolt-oliver__10.pdf;5;work;Fründ (Hans Fründ);\bfr[üu]nd\b;Abb. 10: Notarszeichen des Schwyzer Landschreibers Hans Frund. Der zweistufige Sockel mit Namenszug tragt als Signetkopf einen von einem Band (einer Schlange?) umwundenen
/Users/programming/PycharmProjects/Find_Bibliography_NEw/data/azk_library/landolt-oliver__10.pdf;6;work;Fründ (Hans Fründ);\bfr[üu]nd\b;Schwyz stellte man sich zunehmend auf Krieg ein. Mit der Einstellung von Johannes Frund als schwyzerischem Landschreiber im Lauf des Jahres 1437, einem ehemaligen Beschaftigten
/Users/programming/PycharmProjects/Find_Bibliography_NEw/data/azk_library/landolt-oliver__10.pdf;6;work;Fründ (Hans Fründ);\bfr[üu]nd\b;der mangelhaften Uberlieferung ausserst schmal. Jedenfalls holte sich Schwyz mit Frund eine Person mit administrativen Kenntnissen von aussen und griff nicht wie bis
/Users/programming/PycharmProjects/Find_Bibliography_NEw/data/azk_library/landolt-oliver__10.pdf;6;work;Klingenberger/Rapperswiler Chronik (Eberhard Wüest, ed.);klingenberger\s+chronik;vor allem durch die Intervention Berns blockiert wurden.33 Gemass der Klingenberger Chronik suchten die Schwyzer mittels geheimer Gesandtschaften beim neugewahlten
/Users/programming/PycharmProjects/Find_Bibliography_NEw/data/azk_library/landolt-oliver__10.pdf;9;work;Tschudi (Aegidius/Gilg Tschudi, Chronicon Helveticum);aegidi(?:us)?\s+tschudi;Wiget (wie Anm. 2), 27 f. - In Schwyz kam es gemass der Uberlieferung von Aegidius Tschudi ob dieser territorialpolitischen Niederlage zu Unruhen und zum Sturz einzelner
/Users/programming/PycharmProjects/Find_Bibliography_NEw/data/azk_library/landolt-oliver__10.pdf;9;work;Tschudi (Aegidius/Gilg Tschudi, Chronicon Helveticum);\btschudi\b;Einzelortische Konsolidierung und eidgenossische Solidaritat im Widerstreit, in:Tschudi, Bd. 9,22*-158*, hier 148*-156*. 6 Robert Hoppeler, Zurichs Burgrecht mit dem
/Users/programming/PycharmProjects/Find_Bibliography_NEw/data/azk_library/landolt-oliver__10.pdf;9;work;Tschudi (Aegidius/Gilg Tschudi, Chronicon Helveticum);\btschudi\b;(wie Anm. 2), 27 f. - In Schwyz kam es gemass der Uberlieferung von Aegidius Tschudi ob dieser territorialpolitischen Niederlage zu Unruhen und zum Sturz einzelner
/Users/programming/PycharmProjects/Find_Bibliography_NEw/data/azk_library/landolt-oliver__10.pdf;9;work;Tschudi (Aegidius/Gilg Tschudi, Chronicon Helveticum);\btschudi\b;territorialpolitischen Niederlage zu Unruhen und zum Sturz einzelner Ratsherren. Tschudi, Bd. 7,79 f. - Allerdings hatte Schwyz weiterhin besondere Interessen im Agerigebiet
/Users/programming/PycharmProjects/Find_Bibliography_NEw/data/azk_library/landolt-oliver__10.pdf;10;work;Fründ (Hans Fründ);\bfr[üu]nd\b;"121-143; Wiget (wie Anm. 2), 41. 26 StASZ, Urk. 409 vom 2.August 1437 (Druck: Frund,21 f.); StASZ, Urk. 419 vom 15. Oktober 1438 (Druck: Tschudi, Bd. 10,173 ff."
/Users/programming/PycharmProjects/Find_Bibliography_NEw/data/azk_library/landolt-oliver__10.pdf;10;work;Fründ (Hans Fründ);\bfr[üu]nd\b;Urkunde Hessen sich die Schwyzer am 21. Marz 1439 sogar durch ihren Landschreiber Frund notariell beglaubigen (vgl. Abbildung 10). 27 Zu Johannes Frund: Konrad Wanner
/Users/programming/PycharmProjects/Find_Bibliography_NEw/data/azk_library/landolt-oliver__10.pdf;10;work;Fründ (Hans Fründ);\bfr[üu]nd\b;Landschreiber Frund notariell beglaubigen (vgl. Abbildung 10). 27 Zu Johannes Frund: Konrad Wanner: Schreiber, Chronisten und Fruhhumanisten in der Luzerner Stadtkanzlei
/Users/programming/PycharmProjects/Find_Bibliography_NEw/data/azk_library/landolt-oliver__10.pdf;10;work;Fründ (Hans Fründ);\bfr[üu]nd\b;Ratsprotokolle des Kantons Schwyz 1548-1798, Schwyz 1906 (Beilage zu MHVS 19), III-XIX.-Vor Frund nahm Schwyz jeweils den Rapperswiler Stadtschreiber Eberhard Wust fur notarielle
/Users/programming/PycharmProjects/Find_Bibliography_NEw/data/azk_library/landolt-oliver__10.pdf;10;work;Fründ (Hans Fründ);\bfr[üu]nd\b;"Martin Kothing, Zurich/Frauenfeld 1850,68-72. 30 Klingenberger Chronik, 258-260; Frund, 24-37. 31 Frund, 38-57. Siehe unten den Beitrag von Fritz Rigendinger. 32 Wiget"
/Users/programming/PycharmProjects/Find_Bibliography_NEw/data/azk_library/landolt-oliver__10.pdf;10;work;Fründ (Hans Fründ);\bfr[üu]nd\b;"Zurich/Frauenfeld 1850,68-72. 30 Klingenberger Chronik, 258-260; Frund, 24-37. 31 Frund, 38-57. Siehe unten den Beitrag von Fritz Rigendinger. 32 Wiget (wie Anm. 2)"
/Users/programming/PycharmProjects/Find_Bibliography_NEw/data/azk_library/landolt-oliver__10.pdf;10;work;Fründ (Hans Fründ);\bfr[üu]nd\b;Reich des Mittelalters, hg. von Peter Ruck, Marburg a. d. L. 1991,267-293. 37 Frund, 109,110. 38 Niederstatter (wie Anm. 2), 275-299. 39 Frund, 24—34,58-66.Allgemein
/Users/programming/PycharmProjects/Find_Bibliography_NEw/data/azk_library/landolt-oliver__10.pdf;10;work;Fründ (Hans Fründ);\bfr[üu]nd\b;L. 1991,267-293. 37 Frund, 109,110. 38 Niederstatter (wie Anm. 2), 275-299. 39 Frund, 24—34,58-66.Allgemein zum Etzel als Ausgangsort fur schwyzerische Operationen
/Users/programming/PycharmProjects/Find_Bibliography_NEw/data/azk_library/landolt-oliver__10.pdf;10;work;Fründ (Hans Fründ);\bfr[üu]nd\b;gesamteidgenossische Entwicklung, in: MHVS 87 (1995), 9-21, hier 17. 40 Siehe beispielsweise Frund, 85.Allgemein zur Burg in Pfaffikon: Paul Wyrsch: Zur Geschichte der Schloss
/Users/programming/PycharmProjects/Find_Bibliography_NEw/data/azk_library/landolt-oliver__10.pdf;10;work;Tschudi (Aegidius/Gilg Tschudi, Chronicon Helveticum);\btschudi\b;Schaufelberger (wie Anm. 2), 294. - Landrecht mit Schwyz 1417. StASZ, Urk. 324. Druck: Tschudi, Bd. 8,223-226.- Erneuerung 1428 mit gleichzeitiger Zusicherung der schwyzerischen
/Users/programming/PycharmProjects/Find_Bibliography_NEw/data/azk_library/landolt-oliver__10.pdf;10;work;Tschudi (Aegidius/Gilg Tschudi, Chronicon Helveticum);\btschudi\b;Zusicherung der schwyzerischen Herrschaft uber die Obermarch. StASZ, Urk. 359. Druck:Tschudi, Bd. 9, 212-216. - Landrecht des Grafen mit Glarus 1419. Ebd., 33-39. 19 Zur
/Users/programming/PycharmProjects/Find_Bibliography_NEw/data/azk_library/landolt-oliver__10.pdf;10;work;Tschudi (Aegidius/Gilg Tschudi, Chronicon Helveticum);\btschudi\b;Freiburg i. Ue. 1975. 20 Berger (wie Anm. 2), 66-74. 21 StASZ, Urk. 405. Siehe auch Tschudi, Bd. 10,130 f. 22 StASZ, Urk. 406 und 412a (Druck: Tschudi, Bd. 10,142-148)
/Users/programming/PycharmProjects/Find_Bibliography_NEw/data/azk_library/landolt-oliver__10.pdf;10;work;Tschudi (Aegidius/Gilg Tschudi, Chronicon Helveticum);\btschudi\b;Urk. 405. Siehe auch Tschudi, Bd. 10,130 f. 22 StASZ, Urk. 406 und 412a (Druck: Tschudi, Bd. 10,142-148). 23 StASZ, Urk. 415a (Druck: Tschudi, Bd. 10,155-157). 24 Friedrich
/Users/programming/PycharmProjects/Find_Bibliography_NEw/data/azk_library/landolt-oliver__10.pdf;10;work;Tschudi (Aegidius/Gilg Tschudi, Chronicon Helveticum);\btschudi\b;Urk. 406 und 412a (Druck: Tschudi, Bd. 10,142-148). 23 StASZ, Urk. 415a (Druck: Tschudi, Bd. 10,155-157). 24 Friedrich Emil Welti: Ein Berner Zinsrodel aus dem Jahre
/Users/programming/PycharmProjects/Find_Bibliography_NEw/data/azk_library/landolt-oliver__10.pdf;10;work;Tschudi (Aegidius/Gilg Tschudi, Chronicon Helveticum);\btschudi\b;"August 1437 (Druck: Frund,21 f.); StASZ, Urk. 419 vom 15. Oktober 1438 (Druck: Tschudi, Bd. 10,173 ff.). Diese Urkunde Hessen sich die Schwyzer am 21. Marz 1439 sogar"
/Users/programming/PycharmProjects/Find_Bibliography_NEw/data/azk_library/landolt-oliver__10.pdf;10;work;Tschudi (Aegidius/Gilg Tschudi, Chronicon Helveticum);\btschudi\b;Rapperswiler Stadtschreiber Eberhard Wust fur notarielle Beglaubigungen in Anspruch. Tschudi, Bd. 10,175, Anm. 74. 29 StASZ, Urk. 418. Druck in: Das Landbuch von Schwyz
/Users/programming/PycharmProjects/Find_Bibliography_NEw/data/azk_library/landolt-oliver__10.pdf;10;work;Klingenberger/Rapperswiler Chronik (Eberhard Wüest, ed.);klingenberger\s+chronik;"beglaubigtem Text, hg. von Martin Kothing, Zurich/Frauenfeld 1850,68-72. 30 Klingenberger Chronik, 258-260; Frund, 24-37. 31 Frund, 38-57. Siehe unten den Beitrag von"
/Users/programming/PycharmProjects/Find_Bibliography_NEw/data/azk_library/landolt-oliver__10.pdf;10;work;Klingenberger/Rapperswiler Chronik (Eberhard Wüest, ed.);klingenberger\s+chronik;Gesandtschaft der Schwyzer zu Konig Friedrich III. findet sich einzig in der Klingenberger Chronik, 279 ff. 35 EA, Bd. 2,145 f., Nr. 236 und 237. 36 Paul-Joachim Heinig
/Users/programming/PycharmProjects/Find_Bibliography_NEw/data/azk_library/landolt-oliver__10.pdf;11;work;Hemmerlin (Felix Hemmerlin/Malleolus);de\s+nobilitate\s+et\s+rusticitate;Jahr 1451 in lateinischer Sprache abgeschlossenen Schrift «Dialogus de nobilitate et rusticitate» brachte Hemmerli im 33. Kapitel, welches mit «De Suitensibus» betitelt
/Users/programming/PycharmProjects/Find_Bibliography_NEw/data/azk_library/landolt-oliver__10.pdf;11;work;Tschudi (Aegidius/Gilg Tschudi, Chronicon Helveticum);\btschudi\b;"ihre Bedeutung fur das Selbstverstandnis der eidgenossischen Orte (Anhang I),in:Tschudi, Bd. 11,435-441; Ders.: Kriegsfuhrung im Alten Zurichkrieg (Anhang II), in:"
/Users/programming/PycharmProjects/Find_Bibliography_NEw/data/azk_library/langmaier-konstantin-m__18.pdf;2;work;Fründ (Hans Fründ);hans\s+fr[üu]nd;146 Gerold Edlibach’s Chronik (wie Anm. 46) S. 44. Vgl. auch: Die Chronik des Hans Frund, Landschreiber zu Schwytz, hg. von Christian Immanuel KIND, Chur 1875, S. 178
/Users/programming/PycharmProjects/Find_Bibliography_NEw/data/azk_library/langmaier-konstantin-m__18.pdf;2;work;Fründ (Hans Fründ);hans\s+fr[üu]nd;der Alte Zurichkrieg (1436 –1450) im Spiegel der Biographie von Landschreiber Hans Frund, in: Mitteilungen des historischen Vereins des Kantons Schwyz 98 (2006) S.
/Users/programming/PycharmProjects/Find_Bibliography_NEw/data/azk_library/langmaier-konstantin-m__18.pdf;2;work;Fründ (Hans Fründ);hans\s+fr[üu]nd;"zu Baden im Marz 1444). Vgl. Gerold Edlibach’s Chronik (wie Anm. 46) S. 44; Hans Frund Chronik (wie Anm. 146) S. 171ff.; TSCHUDI (wie Anm. 3) Teil 11, S. 223 ff."
/Users/programming/PycharmProjects/Find_Bibliography_NEw/data/azk_library/langmaier-konstantin-m__18.pdf;2;work;Fründ (Hans Fründ);hans\s+fr[üu]nd;"hg. von Claudia OPITZ u. a. (Clio Lucernensis, Bd. 2), Zurich 1993, S. 309; Hans Frund, Chronik (wie Anm. 146) S. 163 ff. 212 Vgl. Anm. 178. 213 Obst, vgl. Schweizerisches"
/Users/programming/PycharmProjects/Find_Bibliography_NEw/data/azk_library/langmaier-konstantin-m__18.pdf;2;work;Fründ (Hans Fründ);hans\s+fr[üu]nd;"Geschichte 1 (1873) S. 346 f. 222 Die Parole der prohabsburgischen Partei, vgl. Hans Frund, Chronik (wie Anm. 146) S. 93 f.; Joseph SEEMULLER, Friedrichs III. Aachener"
/Users/programming/PycharmProjects/Find_Bibliography_NEw/data/azk_library/langmaier-konstantin-m__18.pdf;2;work;Fründ (Hans Fründ);\bfr[üu]nds?\s+chronik;"Baden im Marz 1444). Vgl. Gerold Edlibach’s Chronik (wie Anm. 46) S. 44; Hans Frund Chronik (wie Anm. 146) S. 171ff.; TSCHUDI (wie Anm. 3) Teil 11, S. 223 ff.; NIEDERSTATTER"
/Users/programming/PycharmProjects/Find_Bibliography_NEw/data/azk_library/langmaier-konstantin-m__18.pdf;2;work;Fründ (Hans Fründ);\bfr[üu]nd\b;Gerold Edlibach’s Chronik (wie Anm. 46) S. 44. Vgl. auch: Die Chronik des Hans Frund, Landschreiber zu Schwytz, hg. von Christian Immanuel KIND, Chur 1875, S. 178
/Users/programming/PycharmProjects/Find_Bibliography_NEw/data/azk_library/langmaier-konstantin-m__18.pdf;2;work;Fründ (Hans Fründ);\bfr[üu]nd\b;Alte Zurichkrieg (1436 –1450) im Spiegel der Biographie von Landschreiber Hans Frund, in: Mitteilungen des historischen Vereins des Kantons Schwyz 98 (2006) S. 11
/Users/programming/PycharmProjects/Find_Bibliography_NEw/data/azk_library/langmaier-konstantin-m__18.pdf;2;work;Fründ (Hans Fründ);\bfr[üu]nd\b;"Baden im Marz 1444). Vgl. Gerold Edlibach’s Chronik (wie Anm. 46) S. 44; Hans Frund Chronik (wie Anm. 146) S. 171ff.; TSCHUDI (wie Anm. 3) Teil 11, S. 223 ff.; NIEDERSTATTER"
/Users/programming/PycharmProjects/Find_Bibliography_NEw/data/azk_library/langmaier-konstantin-m__18.pdf;2;work;Fründ (Hans Fründ);\bfr[üu]nd\b;"von Claudia OPITZ u. a. (Clio Lucernensis, Bd. 2), Zurich 1993, S. 309; Hans Frund, Chronik (wie Anm. 146) S. 163 ff. 212 Vgl. Anm. 178. 213 Obst, vgl. Schweizerisches"
/Users/programming/PycharmProjects/Find_Bibliography_NEw/data/azk_library/langmaier-konstantin-m__18.pdf;2;work;Fründ (Hans Fründ);\bfr[üu]nd\b;"Geschichte 1 (1873) S. 346 f. 222 Die Parole der prohabsburgischen Partei, vgl. Hans Frund, Chronik (wie Anm. 146) S. 93 f.; Joseph SEEMULLER, Friedrichs III. Aachener"
/Users/programming/PycharmProjects/Find_Bibliography_NEw/data/azk_library/langmaier-konstantin-m__18.pdf;2;work;Fründ (Hans Fründ);chronik\s+des\s+hans\s+fr[üu]nd;40] 146 Gerold Edlibach’s Chronik (wie Anm. 46) S. 44. Vgl. auch: Die Chronik des Hans Frund, Landschreiber zu Schwytz, hg. von Christian Immanuel KIND, Chur 1875
/Users/programming/PycharmProjects/Find_Bibliography_NEw/data/azk_library/langmaier-konstantin-m__18.pdf;2;work;Dacher (Gebhard/Gebhart Dacher, Konstanzer Chronik);(?:gebhard|gebhart)\s+dacher;und offentlichkeitswirksam kritisieren. 114 Vgl. Die „Konstanzer Chronik“ Gebhart Dachers: By des Byschoffs zyten volgiengen disz nachgeschriben ding vnd sachen
/Users/programming/PycharmProjects/Find_Bibliography_NEw/data/azk_library/langmaier-konstantin-m__18.pdf;2;work;Dacher (Gebhard/Gebhart Dacher, Konstanzer Chronik);\bkonstanzer\s+chronik\b;Partei unverhohlen und offentlichkeitswirksam kritisieren. 114 Vgl. Die „Konstanzer Chronik“ Gebhart Dachers: By des Byschoffs zyten volgiengen disz nachgeschriben
/Users/programming/PycharmProjects/Find_Bibliography_NEw/data/azk_library/langmaier-konstantin-m__18.pdf;2;work;Hemmerlin (Felix Hemmerlin/Malleolus);de\s+nobilitate\s+et\s+rusticitate;LANGMAIER, Felix Hemmerli und der Dialog uber den Adel und den Bauern (De nobilitate et rusticitate dialogus): Seine Bedeutung fur die Erforschung der Mentalitat des
/Users/programming/PycharmProjects/Find_Bibliography_NEw/data/azk_library/langmaier-konstantin-m__18.pdf;2;work;Hemmerlin (Felix Hemmerlin/Malleolus);de\s+nobilitate\s+et\s+rusticitate;in der Nahe wohnte Felix Hemmerli (L i n d e n 114), der in seinem De nobilitate et rusticitate dialogus (33. Kapitel) auf diese, den Ortskundigen sicherlich bekannten
/Users/programming/PycharmProjects/Find_Bibliography_NEw/data/azk_library/langmaier-konstantin-m__18.pdf;2;work;Tschachtlan (Benedikt Tschachtlan);\btschachtlan\b;befurchte, die ussern woeltind ze rich und mechtig werden144. 138 Vgl. Benedicht TSCHACHTLAN, Berner Chronik bis zum Jahr 1470/71, bearb. von Pascal LADNER, in: Tschachtlans
/Users/programming/PycharmProjects/Find_Bibliography_NEw/data/azk_library/langmaier-konstantin-m__18.pdf;2;work;Justinger (Konrad Justinger, Berner Chronik);(?:kon|con)rad\s+justinger;"70*, 72. 256 Zunftmeister der Zurcher Schiffsleute; vgl. Kathrin JOST, Konrad Justinger (ca. 1365 –1438): Chronist und Finanzmann in Berns grosser Zeit (VuF, Sonderbande"
/Users/programming/PycharmProjects/Find_Bibliography_NEw/data/azk_library/langmaier-konstantin-m__18.pdf;2;work;Justinger (Konrad Justinger, Berner Chronik);\bjustinger\b;"70*, 72. 256 Zunftmeister der Zurcher Schiffsleute; vgl. Kathrin JOST, Konrad Justinger (ca. 1365 –1438): Chronist und Finanzmann in Berns grosser Zeit (VuF, Sonderbande"
/Users/programming/PycharmProjects/Find_Bibliography_NEw/data/azk_library/langmaier-konstantin-m__18.pdf;2;work;Edlibach (Gerold Edlibach, Zürcher Chronik);gerold\s+edlibach;in: Krieg im Mittelalter, hg. von DEMS., Berlin 2001, S. 18 ff. 46 Vgl. Gerold Edlibach’s Chronik, hg. von Johann Martin USTERI (Mitteilungen der antiquarischen
/Users/programming/PycharmProjects/Find_Bibliography_NEw/data/azk_library/langmaier-konstantin-m__18.pdf;2;work;Edlibach (Gerold Edlibach, Zürcher Chronik);gerold\s+edlibach;wie Anm. 132] S. 348). 137 Ahnlich auch die spater entstandene Chronik des Gerold Edlibach (vgl. Gerold Edlibach’s Chronik [wie Anm. 46] S. 44: Item uff den balmabint
/Users/programming/PycharmProjects/Find_Bibliography_NEw/data/azk_library/langmaier-konstantin-m__18.pdf;2;work;Edlibach (Gerold Edlibach, Zürcher Chronik);gerold\s+edlibach;137 Ahnlich auch die spater entstandene Chronik des Gerold Edlibach (vgl. Gerold Edlibach’s Chronik [wie Anm. 46] S. 44: Item uff den balmabint wass meiss und zornlich
/Users/programming/PycharmProjects/Find_Bibliography_NEw/data/azk_library/langmaier-konstantin-m__18.pdf;2;work;Edlibach (Gerold Edlibach, Zürcher Chronik);gerold\s+edlibach;durfe gebrochen werden (gemeinsam mit den ubrigen vier Angeklagten) [40] 146 Gerold Edlibach’s Chronik (wie Anm. 46) S. 44. Vgl. auch: Die Chronik des Hans Frund, Landschreiber
/Users/programming/PycharmProjects/Find_Bibliography_NEw/data/azk_library/langmaier-konstantin-m__18.pdf;2;work;Edlibach (Gerold Edlibach, Zürcher Chronik);gerold\s+edlibach;Bd. 2), Basel 1910, S. 103 f. (keine zeitgenossische Chronik). 147 Vgl. Gerold Edlibach’s Chronik(wie Anm. 46) S. 44. 148 Vgl. Zentralbibliothek Zurich, Ms. A 75
/Users/programming/PycharmProjects/Find_Bibliography_NEw/data/azk_library/langmaier-konstantin-m__18.pdf;2;work;Edlibach (Gerold Edlibach, Zürcher Chronik);gerold\s+edlibach;"mit dem Feind vorwarf (u. a. auch auf dem Tag zu Baden im Marz 1444). Vgl. Gerold Edlibach’s Chronik (wie Anm. 46) S. 44; Hans Frund Chronik (wie Anm. 146) S. 171ff"
/Users/programming/PycharmProjects/Find_Bibliography_NEw/data/azk_library/langmaier-konstantin-m__18.pdf;2;work;Edlibach (Gerold Edlibach, Zürcher Chronik);\bedlibach\b;Krieg im Mittelalter, hg. von DEMS., Berlin 2001, S. 18 ff. 46 Vgl. Gerold Edlibach’s Chronik, hg. von Johann Martin USTERI (Mitteilungen der antiquarischen Gesellschaft
/Users/programming/PycharmProjects/Find_Bibliography_NEw/data/azk_library/langmaier-konstantin-m__18.pdf;2;work;Edlibach (Gerold Edlibach, Zürcher Chronik);\bedlibach\b;Anm. 132] S. 348). 137 Ahnlich auch die spater entstandene Chronik des Gerold Edlibach (vgl. Gerold Edlibach’s Chronik [wie Anm. 46] S. 44: Item uff den balmabint
/Users/programming/PycharmProjects/Find_Bibliography_NEw/data/azk_library/langmaier-konstantin-m__18.pdf;2;work;Edlibach (Gerold Edlibach, Zürcher Chronik);\bedlibach\b;Ahnlich auch die spater entstandene Chronik des Gerold Edlibach (vgl. Gerold Edlibach’s Chronik [wie Anm. 46] S. 44: Item uff den balmabint wass meiss und zornlich
/Users/programming/PycharmProjects/Find_Bibliography_NEw/data/azk_library/langmaier-konstantin-m__18.pdf;2;work;Edlibach (Gerold Edlibach, Zürcher Chronik);\bedlibach\b;der gemain147, geschont. Die Hinrichtung im April 1444 ist in der Chronik des Edlibach bildlich festgehalten148. Gegen Hans Brunner den Alteren sind 14 Aussagen verzeichnet
/Users/programming/PycharmProjects/Find_Bibliography_NEw/data/azk_library/langmaier-konstantin-m__18.pdf;2;work;Edlibach (Gerold Edlibach, Zürcher Chronik);\bedlibach\b;gebrochen werden (gemeinsam mit den ubrigen vier Angeklagten) [40] 146 Gerold Edlibach’s Chronik (wie Anm. 46) S. 44. Vgl. auch: Die Chronik des Hans Frund, Landschreiber
/Users/programming/PycharmProjects/Find_Bibliography_NEw/data/azk_library/langmaier-konstantin-m__18.pdf;2;work;Edlibach (Gerold Edlibach, Zürcher Chronik);\bedlibach\b;2), Basel 1910, S. 103 f. (keine zeitgenossische Chronik). 147 Vgl. Gerold Edlibach’s Chronik(wie Anm. 46) S. 44. 148 Vgl. Zentralbibliothek Zurich, Ms. A 75, fol
/Users/programming/PycharmProjects/Find_Bibliography_NEw/data/azk_library/langmaier-konstantin-m__18.pdf;2;work;Edlibach (Gerold Edlibach, Zürcher Chronik);\bedlibach\b;"dem Feind vorwarf (u. a. auch auf dem Tag zu Baden im Marz 1444). Vgl. Gerold Edlibach’s Chronik (wie Anm. 46) S. 44; Hans Frund Chronik (wie Anm. 146) S. 171ff.;"
/Users/programming/PycharmProjects/Find_Bibliography_NEw/data/azk_library/langmaier-konstantin-m__18.pdf;2;work;Edlibach (Gerold Edlibach, Zürcher Chronik);\bedlibach\b;581 Vgl. StAZ, B VI 215 f. 39r. Die bildliche Darstellung in der Chronik des Edlibach ist daher richtig. Dort werden nur Trinkler und Meisen hingerichtet, vgl. Zentralbibliothek
/Users/programming/PycharmProjects/Find_Bibliography_NEw/data/azk_library/langmaier-konstantin-m__18.pdf;2;work;Stumpf (Johannes Stumpf, Schweizerchronik);johannes\s+stumpf;descriptio, Balci descriptio Helvetiae, Fratris Felicis Fabri descriptio Sueviae, Johannes Stumpf, Reisebericht von 1544, hg. von Hermann ESCHER u. a. (Quellen zur Schweizer
/Users/programming/PycharmProjects/Find_Bibliography_NEw/data/azk_library/langmaier-konstantin-m__18.pdf;2;work;Tschudi (Aegidius/Gilg Tschudi, Chronicon Helveticum);aegidi(?:us)?\s+tschudi;"anders, weil das von Stettler grundlich kommentierte Monumentalwerk des Aegidius Tschudi ediert zur Verfugung steht (gest. 1572; vergleichbar mit Johannes Aventin"
/Users/programming/PycharmProjects/Find_Bibliography_NEw/data/azk_library/langmaier-konstantin-m__18.pdf;2;work;Tschudi (Aegidius/Gilg Tschudi, Chronicon Helveticum);aegidi(?:us)?\s+tschudi;"steht (gest. 1572; vergleichbar mit Johannes Aventin), vgl. im Folgenden: Aegidius TSCHUDI, Chronicon Helveticum, Teil 10 u. 11, bearb. von Bernhard STETTLER (Quellen"
/Users/programming/PycharmProjects/Find_Bibliography_NEw/data/azk_library/langmaier-konstantin-m__18.pdf;2;work;Tschudi (Aegidius/Gilg Tschudi, Chronicon Helveticum);aegidi(?:us)?\s+tschudi;des Konflikts und seinen tieferen Ursachen unterschieden werden muss, vgl. Aegidius TSCHUDI (wie Anm. 3) Teil 10, S. 10. 48 Zu dem inflationar benutzten Begriff vgl
/Users/programming/PycharmProjects/Find_Bibliography_NEw/data/azk_library/langmaier-konstantin-m__18.pdf;2;work;Tschudi (Aegidius/Gilg Tschudi, Chronicon Helveticum);aegidi(?:us)?\s+tschudi;Lyrik im 15. und 16. Jahrhundert. Die Lieder im Chronicon Helveticum von Aegidius Tschudi (Goppinger Arbeiten zur Germanistik, Nr. 405), Goppingen 1986, S. 40 f.
/Users/programming/PycharmProjects/Find_Bibliography_NEw/data/azk_library/langmaier-konstantin-m__18.pdf;2;work;Tschudi (Aegidius/Gilg Tschudi, Chronicon Helveticum);aegidi(?:us)?\s+tschudi;"fur Volkskunde, Bd. 60), Basel 1976, S. 658 ff. (betrifft Schmahungen); Aegidius TSCHUDI, Chronicon Helveticum, Hilfsmittel, 1. Teil, Verzeichnis der Dokumente,"
/Users/programming/PycharmProjects/Find_Bibliography_NEw/data/azk_library/langmaier-konstantin-m__18.pdf;2;work;Tschudi (Aegidius/Gilg Tschudi, Chronicon Helveticum);\btschudi\b;"anders, weil das von Stettler grundlich kommentierte Monumentalwerk des Aegidius Tschudi ediert zur Verfugung steht (gest. 1572; vergleichbar mit Johannes Aventin),"
/Users/programming/PycharmProjects/Find_Bibliography_NEw/data/azk_library/langmaier-konstantin-m__18.pdf;2;work;Tschudi (Aegidius/Gilg Tschudi, Chronicon Helveticum);\btschudi\b;"(gest. 1572; vergleichbar mit Johannes Aventin), vgl. im Folgenden: Aegidius TSCHUDI, Chronicon Helveticum, Teil 10 u. 11, bearb. von Bernhard STETTLER (Quellen"
/Users/programming/PycharmProjects/Find_Bibliography_NEw/data/azk_library/langmaier-konstantin-m__18.pdf;2;work;Tschudi (Aegidius/Gilg Tschudi, Chronicon Helveticum);\btschudi\b;unterschiedlichen rechtlichen Standpunkt der Parteien vgl. die differenzierte Analyse bei: TSCHUDI (wie Anm. 3) Teil 10, S. 10* ff. 17 Wichtig: Otto SIGG, Spatmittelalterliche
/Users/programming/PycharmProjects/Find_Bibliography_NEw/data/azk_library/langmaier-konstantin-m__18.pdf;2;work;Tschudi (Aegidius/Gilg Tschudi, Chronicon Helveticum);\btschudi\b;Konflikts und seinen tieferen Ursachen unterschieden werden muss, vgl. Aegidius TSCHUDI (wie Anm. 3) Teil 10, S. 10. 48 Zu dem inflationar benutzten Begriff vgl. u
/Users/programming/PycharmProjects/Find_Bibliography_NEw/data/azk_library/langmaier-konstantin-m__18.pdf;2;work;Tschudi (Aegidius/Gilg Tschudi, Chronicon Helveticum);\btschudi\b;"ein gewisser Huphan, aus Glarus stammte. Vgl. StA Zurich, B VI 215, fol. 38rv; TSCHUDI (wie Anm. 3) Teil 11, S. 236. 59 GILOMEN (wie Anm. 22) S. 339. 60 Ebd., S. 340"
/Users/programming/PycharmProjects/Find_Bibliography_NEw/data/azk_library/langmaier-konstantin-m__18.pdf;2;work;Tschudi (Aegidius/Gilg Tschudi, Chronicon Helveticum);\btschudi\b;"13), Bern u. a. 1998, S. 34 ff.; NIEDER- STATTER (wie Anm. 17) S. 103 f. 80 TSCHUDI (wie Anm. 3) Teil 11, S. 174 ff.; Beate RATTAY, Entstehung und Rezeption politischer"
/Users/programming/PycharmProjects/Find_Bibliography_NEw/data/azk_library/langmaier-konstantin-m__18.pdf;2;work;Tschudi (Aegidius/Gilg Tschudi, Chronicon Helveticum);\btschudi\b;"Lyrik im 15. und 16. Jahrhundert. Die Lieder im Chronicon Helveticum von Aegidius Tschudi (Goppinger Arbeiten zur Germanistik, Nr. 405), Goppingen 1986, S. 40 f.; Leo"
/Users/programming/PycharmProjects/Find_Bibliography_NEw/data/azk_library/langmaier-konstantin-m__18.pdf;2;work;Tschudi (Aegidius/Gilg Tschudi, Chronicon Helveticum);\btschudi\b;"Volkskunde, Bd. 60), Basel 1976, S. 658 ff. (betrifft Schmahungen); Aegidius TSCHUDI, Chronicon Helveticum, Hilfsmittel, 1. Teil, Verzeichnis der Dokumente, Verzeichnis"
/Users/programming/PycharmProjects/Find_Bibliography_NEw/data/azk_library/langmaier-konstantin-m__18.pdf;2;work;Tschudi (Aegidius/Gilg Tschudi, Chronicon Helveticum);\btschudi\b;"(Neujahrsblatt der Stadtbibliothek Zurich, Nr. 257), Zurich 1901, S. 19 ff.; TSCHUDI (wie Anm. 3) Teil 11, S. 31* f.; SCHLUER (wie Anm. 19) S. 128; Die Vertreter"
/Users/programming/PycharmProjects/Find_Bibliography_NEw/data/azk_library/langmaier-konstantin-m__18.pdf;2;work;Tschudi (Aegidius/Gilg Tschudi, Chronicon Helveticum);\btschudi\b;das Verzeichnis bei: FREY, Fromme feste Junker (wie Anm. 28) S. 45. 92 Vgl. TSCHUDI (wie Anm. 3) Teil 11, S. 27*– 30*. 93 Hans SCHULTHESS, Die Zunft zur Saffran
/Users/programming/PycharmProjects/Find_Bibliography_NEw/data/azk_library/langmaier-konstantin-m__18.pdf;2;work;Tschudi (Aegidius/Gilg Tschudi, Chronicon Helveticum);\btschudi\b;"Struktur 1336 –1866, in: Zurcher Taschenbuch, N.F., 57 [auf das Jahr] 1937, S. 12; TSCHUDI (wie Anm. 3) Teil 11, Terror in der Stadt? 85 zweite Reihe“ zuruckdrangte94"
/Users/programming/PycharmProjects/Find_Bibliography_NEw/data/azk_library/langmaier-konstantin-m__18.pdf;2;work;Tschudi (Aegidius/Gilg Tschudi, Chronicon Helveticum);\btschudi\b;"r Geschichte 18 (1968) S. 432 ff. 95 Vgl. NIEDERSTATTER (wie Anm. 17) S. 144; TSCHUDI (wie Anm. 3) Teil 11, S. 31*. Heinrich Schwend war fur zwei Jahre als habsburgischer"
/Users/programming/PycharmProjects/Find_Bibliography_NEw/data/azk_library/langmaier-konstantin-m__18.pdf;2;work;Tschudi (Aegidius/Gilg Tschudi, Chronicon Helveticum);\btschudi\b;Schwend war fur zwei Jahre als habsburgischer Vogt von Kyburg eingesetzt worden. 96 TSCHUDI (wie Anm. 3) Teil 11, S. 53*. U. a. Gotz Escher und Paul Goldli ruckten fur
/Users/programming/PycharmProjects/Find_Bibliography_NEw/data/azk_library/langmaier-konstantin-m__18.pdf;2;work;Tschudi (Aegidius/Gilg Tschudi, Chronicon Helveticum);\btschudi\b;"100) S. 414. Vgl. in diesem Zusammenhang auch die Anmerkungen von Stettler; TSCHUDI (wie Anm. 3) Teil 11, S. 54*. 86 Konstantin Moritz Langmaier ist102. In hohem"
/Users/programming/PycharmProjects/Find_Bibliography_NEw/data/azk_library/langmaier-konstantin-m__18.pdf;2;work;Tschudi (Aegidius/Gilg Tschudi, Chronicon Helveticum);\btschudi\b;historische Wissenschaften 2 (1838) S. 124 –154 u. 351– 370, hier S. 133 ff. 116 TSCHUDI (wie Anm. 3) Teil 10, S. 339, Anm. 134 (ohne Quellenangabe). 117 StA Zurich
/Users/programming/PycharmProjects/Find_Bibliography_NEw/data/azk_library/langmaier-konstantin-m__18.pdf;2;work;Tschudi (Aegidius/Gilg Tschudi, Chronicon Helveticum);\btschudi\b;Der Schweizerische Geschichtsforscher 6 (1827) S. 349. 133 Vgl. Anm. 413. 134 TSCHUDI (wie Anm. 3) Teil 11, S. 237, Anm. 107. 135 Wichtig: LOHNER (wie Anm. 132) S
/Users/programming/PycharmProjects/Find_Bibliography_NEw/data/azk_library/langmaier-konstantin-m__18.pdf;2;work;Tschudi (Aegidius/Gilg Tschudi, Chronicon Helveticum);\btschudi\b;2, Straßburg 1843, S. 155. Der Funfte war wohl nicht der Stadtschreiber (vgl. TSCHUDI [wie Anm. 3] Teil 11, S. 235, Anm. 107). Allerdings ist aus einer anderen Quelle
/Users/programming/PycharmProjects/Find_Bibliography_NEw/data/azk_library/langmaier-konstantin-m__18.pdf;2;work;Tschudi (Aegidius/Gilg Tschudi, Chronicon Helveticum);\btschudi\b;"prokonglichen Lager; Teilnehmer verschiedener Kronungsfahrten. Vgl. die Anmerkungen in: TSCHUDI (wie Anm. 3) Teil 10, S. 331 f. (dort weiterfuhrende Angaben). Vgl. auch: Christian"
/Users/programming/PycharmProjects/Find_Bibliography_NEw/data/azk_library/langmaier-konstantin-m__18.pdf;2;work;Tschudi (Aegidius/Gilg Tschudi, Chronicon Helveticum);\btschudi\b;"Edlibach’s Chronik (wie Anm. 46) S. 44; Hans Frund Chronik (wie Anm. 146) S. 171ff.; TSCHUDI (wie Anm. 3) Teil 11, S. 223 ff.; NIEDERSTATTER (wie Anm. 17) S. 251 ff. 205"
/Users/programming/PycharmProjects/Find_Bibliography_NEw/data/azk_library/langmaier-konstantin-m__18.pdf;2;work;Tschudi (Aegidius/Gilg Tschudi, Chronicon Helveticum);\btschudi\b;"h. Schweigers Vater (vgl. URZ, Bd. 6, Nr. 9015 bzw. Anm. 248). 252 Vgl. u. a. TSCHUDI (wie Anm. 3) Teil 10, S. 57; Teil 11, S. 224; URZ, Bd. 6, Nr. 7785, 7819, 8061"
/Users/programming/PycharmProjects/Find_Bibliography_NEw/data/azk_library/langmaier-konstantin-m__18.pdf;2;work;Tschudi (Aegidius/Gilg Tschudi, Chronicon Helveticum);\btschudi\b;"553, 686; URZ, Bd. 7, Nr. 9235, 9754, 10039, 10174, 10203, 10358 (identisch?); TSCHUDI (wie Anm. 3) Teil 11, S. 54*. 294 =Aufwiegler, hier wohl im Sinne von „Kriegsschreier"
/Users/programming/PycharmProjects/Find_Bibliography_NEw/data/azk_library/langmaier-konstantin-m__18.pdf;2;work;Tschudi (Aegidius/Gilg Tschudi, Chronicon Helveticum);\btschudi\b;Schweizerisches Idiotikon, Bd. 2 (1885) Sp. 1281. Zum Tag von Baden vgl. Anm. 413 bzw. TSCHUDI (wie Anm. 3) Teil 11, S. 226. 327 =geschehe, vgl. Schweizerisches Idiotikon
/Users/programming/PycharmProjects/Find_Bibliography_NEw/data/azk_library/langmaier-konstantin-m__18.pdf;2;work;Tschudi (Aegidius/Gilg Tschudi, Chronicon Helveticum);\btschudi\b;gegen die Eidgenossen. 352 Namlich im Hollenfeuer, vgl. die Interpretation bei: TSCHUDI (wie Anm. 3) Teil 10, S. 332. 353 Vgl. Anm. 275. 354 =in der Quere, vgl. GRIMM
/Users/programming/PycharmProjects/Find_Bibliography_NEw/data/azk_library/langmaier-konstantin-m__18.pdf;2;work;Tschudi (Aegidius/Gilg Tschudi, Chronicon Helveticum);\btschudi\b;Anspielung auf Warnungen des Feindes durch Brunner und seine Mitverschworer: TSCHUDI (wie Anm. 3) Teil 11, S. 109 f. 372 =anzuhoren, verhoren, vgl. Schweizerisches
/Users/programming/PycharmProjects/Find_Bibliography_NEw/data/azk_library/langmaier-konstantin-m__18.pdf;2;work;Tschudi (Aegidius/Gilg Tschudi, Chronicon Helveticum);\btschudi\b;"verbessern; vgl. GRIMM, Bd. 2, Sp. 256. e 385 =U lman Trinkler; ein Beiname; vgl. TSCHUDI (wie Anm. 3) Teil 11, S. 233. (Trinklers Erben befanden sich 1444 mit 4.200"
/Users/programming/PycharmProjects/Find_Bibliography_NEw/data/azk_library/langmaier-konstantin-m__18.pdf;2;work;Tschudi (Aegidius/Gilg Tschudi, Chronicon Helveticum);\btschudi\b;"auf dem Tag zu Baden prasent gewesen. Vgl. NIEDERSTATTER (wie Anm. 17) S. 252; TSCHUDI (wie Anm. 3) Teil 11, S. 227 f. (mit weiterfuhrenden Hinweisen); vgl. am Rande"
/Users/programming/PycharmProjects/Find_Bibliography_NEw/data/azk_library/langmaier-konstantin-m__18.pdf;2;work;Tschudi (Aegidius/Gilg Tschudi, Chronicon Helveticum);\btschudi\b;Bd. 4 (1901) Sp. 1604. 458 Vgl. Anm. 206. 459 =Hans Iberg, Vogt zu Baden, vgl. TSCHUDI (wie Anm. 3) Teil 11, S. 140 f. u. 236. 460 =Ehrenwort, vgl. Schweizerisches
/Users/programming/PycharmProjects/Find_Bibliography_NEw/data/azk_library/langmaier-konstantin-m__18.pdf;2;work;Tschudi (Aegidius/Gilg Tschudi, Chronicon Helveticum);\btschudi\b;"unklar, ob damit der Vater des Effinger gemeint ist oder der des Boten, vgl. TSCHUDI (wie Anm. 3) Teil 11, S. 236; moglicherweise ein Sohn des oben genannten Hans"
/Users/programming/PycharmProjects/Find_Bibliography_NEw/data/azk_library/langmaier-konstantin-m__18.pdf;2;work;Tschudi (Aegidius/Gilg Tschudi, Chronicon Helveticum);\btschudi\b;"STARK (wie Anm. 118) S. 7–52; CURSCHELLAS (wie Anm. 118) S. 1–144. 535 Vgl. TSCHUDI (wie Anm. 3) Teil 11, S. 226 f. 536 =es ware zu befurchten, vgl. Schweizerisches"
/Users/programming/PycharmProjects/Find_Bibliography_NEw/data/azk_library/langmaier-konstantin-m__18.pdf;2;work;Tschudi (Aegidius/Gilg Tschudi, Chronicon Helveticum);chronicon\s+helveticum;vergleichbar mit Johannes Aventin), vgl. im Folgenden: Aegidius TSCHUDI, Chronicon Helveticum, Teil 10 u. 11, bearb. von Bernhard STETTLER (Quellen zur Schweizer Geschichte
/Users/programming/PycharmProjects/Find_Bibliography_NEw/data/azk_library/langmaier-konstantin-m__18.pdf;2;work;Tschudi (Aegidius/Gilg Tschudi, Chronicon Helveticum);chronicon\s+helveticum;Rezeption politischer Lyrik im 15. und 16. Jahrhundert. Die Lieder im Chronicon Helveticum von Aegidius Tschudi (Goppinger Arbeiten zur Germanistik, Nr. 405), Goppingen
/Users/programming/PycharmProjects/Find_Bibliography_NEw/data/azk_library/langmaier-konstantin-m__18.pdf;2;work;Tschudi (Aegidius/Gilg Tschudi, Chronicon Helveticum);chronicon\s+helveticum;"60), Basel 1976, S. 658 ff. (betrifft Schmahungen); Aegidius TSCHUDI, Chronicon Helveticum, Hilfsmittel, 1. Teil, Verzeichnis der Dokumente, Verzeichnis der Lieder"
/Users/programming/PycharmProjects/Find_Bibliography_NEw/data/azk_library/langmaier-konstantin-m__18.pdf;2;work;Brennwald (Heinrich/Johannes Brennwald, Schweizerchronik);heinrich\s+brennwald;"vor den Augen der eidgenossischen Gesandten in den Wellenberg gefuhrt); Heinrich Brennwalds Schweizerchronik, Bd. 2, hg. von Rudolf LUGINBUHL (Quellen zur Schweizer"
/Users/programming/PycharmProjects/Find_Bibliography_NEw/data/azk_library/langmaier-konstantin-m__18.pdf;2;work;Bullinger (Heinrich Bullinger, historiographische Werke);heinrich\s+bullinger;die, der henid159 in gefangnussii, hat er [...]iii160 [spaterer Vermerk Heinrich Bullingers161:] ze Ostern 1444 [fol. 1r] [Haupthand:] Item man sol nachgan und richten
/Users/programming/PycharmProjects/Find_Bibliography_NEw/data/azk_library/langmaier-konstantin-m__18.pdf;2;work;Bullinger (Heinrich Bullinger, historiographische Werke);heinrich\s+bullinger;diese mit den zeitublichen Mitteln „erfragt“ wurde. Vgl. Anm. 312. 161 Heinrich Bullinger (1504 –1575), Schweizer Reformator. 162 Uneinigkeit, vgl. Schweizerisches
/Users/programming/PycharmProjects/Find_Bibliography_NEw/data/azk_library/langmaier-konstantin-m__18.pdf;2;work;Bullinger (Heinrich Bullinger, historiographische Werke);\bbullinger\b;diese mit den zeitublichen Mitteln „erfragt“ wurde. Vgl. Anm. 312. 161 Heinrich Bullinger (1504 –1575), Schweizer Reformator. 162 Uneinigkeit, vgl. Schweizerisches Idiotikon
/Users/programming/PycharmProjects/Find_Bibliography_NEw/data/azk_library/langmaier-konstantin-m__18.pdf;2;work;Klingenberger/Rapperswiler Chronik (Eberhard Wüest, ed.);klingenberger\s+chronik;"Friedens 1443 beteiligt (gemeinsam mit dem Konstanzer Bischof); vgl. Die sog. Klingenberger Chronik des Eberhard Wust, Stadtschreiber von Rapperswil, bearb. von Bernhard"
/Users/programming/PycharmProjects/Find_Bibliography_NEw/data/azk_library/langmaier-konstantin-m__18.pdf;2;work;Berner Chronik (allgemein);\bberner\s+chronik\b;ussern woeltind ze rich und mechtig werden144. 138 Vgl. Benedicht TSCHACHTLAN, Berner Chronik bis zum Jahr 1470/71, bearb. von Pascal LADNER, in: Tschachtlans Bilderchronik
/Users/programming/PycharmProjects/Find_Bibliography_NEw/data/azk_library/langmaier-konstantin-m__18.pdf;2;work;Zürcher Stadtchronik (allgemein);chronik\s+der\s+stadt\s+z[üu]rich;auch die Angaben bei FREY (wie Anm. 87) S. 98, Anm. 16. Vgl. auch: Chronik der Stadt Zurich: mit Fortsetzungen, hg. von Johannes DIERAUER (Quellen zur Schweizer
/Users/programming/PycharmProjects/Find_Bibliography_NEw/data/azk_library/langmaier-konstantin-m__18.pdf;2;work;Hottinger (Johann Jakob Hottinger, Helvetische Kirchengeschichte);johann\s+jakob\s+hottinger;Geschichts- und Rechtsquellen, Bd. 40), Ostfildern 2008, S. 600 f. 115 Johann Jakob HOTTINGER, Zurichs inneres Leben wahrend der Dauer des alten Zurichkrieges, in
/Users/programming/PycharmProjects/Find_Bibliography_NEw/data/azk_library/langmaier-konstantin-m__18.pdf;2;work;Hottinger (Johann Jakob Hottinger, Helvetische Kirchengeschichte);\bhottinger\b;Geschichts- und Rechtsquellen, Bd. 40), Ostfildern 2008, S. 600 f. 115 Johann Jakob HOTTINGER, Zurichs inneres Leben wahrend der Dauer des alten Zurichkrieges, in: Schweizerisches
/Users/programming/PycharmProjects/Find_Bibliography_NEw/data/azk_library/langmaier-konstantin-m__18.pdf;3;work;Fründ (Hans Fründ);hans\s+fr[üu]nd;146 Gerold Edlibach’s Chronik (wie Anm. 46) S. 44. Vgl. auch: Die Chronik des Hans Frund, Landschreiber zu Schwytz, hg. von Christian Immanuel KIND, Chur 1875, S. 178
/Users/programming/PycharmProjects/Find_Bibliography_NEw/data/azk_library/langmaier-konstantin-m__18.pdf;3;work;Fründ (Hans Fründ);hans\s+fr[üu]nd;der Alte Zurichkrieg (1436 –1450) im Spiegel der Biographie von Landschreiber Hans Frund, in: Mitteilungen des historischen Vereins des Kantons Schwyz 98 (2006) S.
/Users/programming/PycharmProjects/Find_Bibliography_NEw/data/azk_library/langmaier-konstantin-m__18.pdf;3;work;Fründ (Hans Fründ);hans\s+fr[üu]nd;"zu Baden im Marz 1444). Vgl. Gerold Edlibach’s Chronik (wie Anm. 46) S. 44; Hans Frund Chronik (wie Anm. 146) S. 171ff.; TSCHUDI (wie Anm. 3) Teil 11, S. 223 ff."
/Users/programming/PycharmProjects/Find_Bibliography_NEw/data/azk_library/langmaier-konstantin-m__18.pdf;3;work;Fründ (Hans Fründ);hans\s+fr[üu]nd;"hg. von Claudia OPITZ u. a. (Clio Lucernensis, Bd. 2), Zurich 1993, S. 309; Hans Frund, Chronik (wie Anm. 146) S. 163 ff. 212 Vgl. Anm. 178. 213 Obst, vgl. Schweizerisches"
/Users/programming/PycharmProjects/Find_Bibliography_NEw/data/azk_library/langmaier-konstantin-m__18.pdf;3;work;Fründ (Hans Fründ);hans\s+fr[üu]nd;"Geschichte 1 (1873) S. 346 f. 222 Die Parole der prohabsburgischen Partei, vgl. Hans Frund, Chronik (wie Anm. 146) S. 93 f.; Joseph SEEMULLER, Friedrichs III. Aachener"
/Users/programming/PycharmProjects/Find_Bibliography_NEw/data/azk_library/langmaier-konstantin-m__18.pdf;3;work;Fründ (Hans Fründ);\bfr[üu]nds?\s+chronik;"Baden im Marz 1444). Vgl. Gerold Edlibach’s Chronik (wie Anm. 46) S. 44; Hans Frund Chronik (wie Anm. 146) S. 171ff.; TSCHUDI (wie Anm. 3) Teil 11, S. 223 ff.; NIEDERSTATTER"
/Users/programming/PycharmProjects/Find_Bibliography_NEw/data/azk_library/langmaier-konstantin-m__18.pdf;3;work;Fründ (Hans Fründ);\bfr[üu]nd\b;Gerold Edlibach’s Chronik (wie Anm. 46) S. 44. Vgl. auch: Die Chronik des Hans Frund, Landschreiber zu Schwytz, hg. von Christian Immanuel KIND, Chur 1875, S. 178
/Users/programming/PycharmProjects/Find_Bibliography_NEw/data/azk_library/langmaier-konstantin-m__18.pdf;3;work;Fründ (Hans Fründ);\bfr[üu]nd\b;Alte Zurichkrieg (1436 –1450) im Spiegel der Biographie von Landschreiber Hans Frund, in: Mitteilungen des historischen Vereins des Kantons Schwyz 98 (2006) S. 11
/Users/programming/PycharmProjects/Find_Bibliography_NEw/data/azk_library/langmaier-konstantin-m__18.pdf;3;work;Fründ (Hans Fründ);\bfr[üu]nd\b;"Baden im Marz 1444). Vgl. Gerold Edlibach’s Chronik (wie Anm. 46) S. 44; Hans Frund Chronik (wie Anm. 146) S. 171ff.; TSCHUDI (wie Anm. 3) Teil 11, S. 223 ff.; NIEDERSTATTER"
/Users/programming/PycharmProjects/Find_Bibliography_NEw/data/azk_library/langmaier-konstantin-m__18.pdf;3;work;Fründ (Hans Fründ);\bfr[üu]nd\b;"von Claudia OPITZ u. a. (Clio Lucernensis, Bd. 2), Zurich 1993, S. 309; Hans Frund, Chronik (wie Anm. 146) S. 163 ff. 212 Vgl. Anm. 178. 213 Obst, vgl. Schweizerisches"
/Users/programming/PycharmProjects/Find_Bibliography_NEw/data/azk_library/langmaier-konstantin-m__18.pdf;3;work;Fründ (Hans Fründ);\bfr[üu]nd\b;"Geschichte 1 (1873) S. 346 f. 222 Die Parole der prohabsburgischen Partei, vgl. Hans Frund, Chronik (wie Anm. 146) S. 93 f.; Joseph SEEMULLER, Friedrichs III. Aachener"
/Users/programming/PycharmProjects/Find_Bibliography_NEw/data/azk_library/langmaier-konstantin-m__18.pdf;3;work;Fründ (Hans Fründ);chronik\s+des\s+hans\s+fr[üu]nd;40] 146 Gerold Edlibach’s Chronik (wie Anm. 46) S. 44. Vgl. auch: Die Chronik des Hans Frund, Landschreiber zu Schwytz, hg. von Christian Immanuel KIND, Chur 1875
/Users/programming/PycharmProjects/Find_Bibliography_NEw/data/azk_library/langmaier-konstantin-m__18.pdf;3;work;Dacher (Gebhard/Gebhart Dacher, Konstanzer Chronik);(?:gebhard|gebhart)\s+dacher;und offentlichkeitswirksam kritisieren. 114 Vgl. Die „Konstanzer Chronik“ Gebhart Dachers: By des Byschoffs zyten volgiengen disz nachgeschriben ding vnd sachen
/Users/programming/PycharmProjects/Find_Bibliography_NEw/data/azk_library/langmaier-konstantin-m__18.pdf;3;work;Dacher (Gebhard/Gebhart Dacher, Konstanzer Chronik);\bkonstanzer\s+chronik\b;Partei unverhohlen und offentlichkeitswirksam kritisieren. 114 Vgl. Die „Konstanzer Chronik“ Gebhart Dachers: By des Byschoffs zyten volgiengen disz nachgeschriben
/Users/programming/PycharmProjects/Find_Bibliography_NEw/data/azk_library/langmaier-konstantin-m__18.pdf;3;work;Hemmerlin (Felix Hemmerlin/Malleolus);de\s+nobilitate\s+et\s+rusticitate;LANGMAIER, Felix Hemmerli und der Dialog uber den Adel und den Bauern (De nobilitate et rusticitate dialogus): Seine Bedeutung fur die Erforschung der Mentalitat des
/Users/programming/PycharmProjects/Find_Bibliography_NEw/data/azk_library/langmaier-konstantin-m__18.pdf;3;work;Hemmerlin (Felix Hemmerlin/Malleolus);de\s+nobilitate\s+et\s+rusticitate;in der Nahe wohnte Felix Hemmerli (L i n d e n 114), der in seinem De nobilitate et rusticitate dialogus (33. Kapitel) auf diese, den Ortskundigen sicherlich bekannten
/Users/programming/PycharmProjects/Find_Bibliography_NEw/data/azk_library/langmaier-konstantin-m__18.pdf;3;work;Tschachtlan (Benedikt Tschachtlan);\btschachtlan\b;befurchte, die ussern woeltind ze rich und mechtig werden144. 138 Vgl. Benedicht TSCHACHTLAN, Berner Chronik bis zum Jahr 1470/71, bearb. von Pascal LADNER, in: Tschachtlans
/Users/programming/PycharmProjects/Find_Bibliography_NEw/data/azk_library/langmaier-konstantin-m__18.pdf;3;work;Justinger (Konrad Justinger, Berner Chronik);(?:kon|con)rad\s+justinger;"70*, 72. 256 Zunftmeister der Zurcher Schiffsleute; vgl. Kathrin JOST, Konrad Justinger (ca. 1365 –1438): Chronist und Finanzmann in Berns grosser Zeit (VuF, Sonderbande"
/Users/programming/PycharmProjects/Find_Bibliography_NEw/data/azk_library/langmaier-konstantin-m__18.pdf;3;work;Justinger (Konrad Justinger, Berner Chronik);\bjustinger\b;"70*, 72. 256 Zunftmeister der Zurcher Schiffsleute; vgl. Kathrin JOST, Konrad Justinger (ca. 1365 –1438): Chronist und Finanzmann in Berns grosser Zeit (VuF, Sonderbande"
/Users/programming/PycharmProjects/Find_Bibliography_NEw/data/azk_library/langmaier-konstantin-m__18.pdf;3;work;Edlibach (Gerold Edlibach, Zürcher Chronik);gerold\s+edlibach;in: Krieg im Mittelalter, hg. von DEMS., Berlin 2001, S. 18 ff. 46 Vgl. Gerold Edlibach’s Chronik, hg. von Johann Martin USTERI (Mitteilungen der antiquarischen
/Users/programming/PycharmProjects/Find_Bibliography_NEw/data/azk_library/langmaier-konstantin-m__18.pdf;3;work;Edlibach (Gerold Edlibach, Zürcher Chronik);gerold\s+edlibach;wie Anm. 132] S. 348). 137 Ahnlich auch die spater entstandene Chronik des Gerold Edlibach (vgl. Gerold Edlibach’s Chronik [wie Anm. 46] S. 44: Item uff den balmabint
/Users/programming/PycharmProjects/Find_Bibliography_NEw/data/azk_library/langmaier-konstantin-m__18.pdf;3;work;Edlibach (Gerold Edlibach, Zürcher Chronik);gerold\s+edlibach;137 Ahnlich auch die spater entstandene Chronik des Gerold Edlibach (vgl. Gerold Edlibach’s Chronik [wie Anm. 46] S. 44: Item uff den balmabint wass meiss und zornlich
/Users/programming/PycharmProjects/Find_Bibliography_NEw/data/azk_library/langmaier-konstantin-m__18.pdf;3;work;Edlibach (Gerold Edlibach, Zürcher Chronik);gerold\s+edlibach;durfe gebrochen werden (gemeinsam mit den ubrigen vier Angeklagten) [40] 146 Gerold Edlibach’s Chronik (wie Anm. 46) S. 44. Vgl. auch: Die Chronik des Hans Frund, Landschreiber
/Users/programming/PycharmProjects/Find_Bibliography_NEw/data/azk_library/langmaier-konstantin-m__18.pdf;3;work;Edlibach (Gerold Edlibach, Zürcher Chronik);gerold\s+edlibach;Bd. 2), Basel 1910, S. 103 f. (keine zeitgenossische Chronik). 147 Vgl. Gerold Edlibach’s Chronik(wie Anm. 46) S. 44. 148 Vgl. Zentralbibliothek Zurich, Ms. A 75
/Users/programming/PycharmProjects/Find_Bibliography_NEw/data/azk_library/langmaier-konstantin-m__18.pdf;3;work;Edlibach (Gerold Edlibach, Zürcher Chronik);gerold\s+edlibach;"mit dem Feind vorwarf (u. a. auch auf dem Tag zu Baden im Marz 1444). Vgl. Gerold Edlibach’s Chronik (wie Anm. 46) S. 44; Hans Frund Chronik (wie Anm. 146) S. 171ff"
/Users/programming/PycharmProjects/Find_Bibliography_NEw/data/azk_library/langmaier-konstantin-m__18.pdf;3;work;Edlibach (Gerold Edlibach, Zürcher Chronik);\bedlibach\b;Krieg im Mittelalter, hg. von DEMS., Berlin 2001, S. 18 ff. 46 Vgl. Gerold Edlibach’s Chronik, hg. von Johann Martin USTERI (Mitteilungen der antiquarischen Gesellschaft
/Users/programming/PycharmProjects/Find_Bibliography_NEw/data/azk_library/langmaier-konstantin-m__18.pdf;3;work;Edlibach (Gerold Edlibach, Zürcher Chronik);\bedlibach\b;Anm. 132] S. 348). 137 Ahnlich auch die spater entstandene Chronik des Gerold Edlibach (vgl. Gerold Edlibach’s Chronik [wie Anm. 46] S. 44: Item uff den balmabint
/Users/programming/PycharmProjects/Find_Bibliography_NEw/data/azk_library/langmaier-konstantin-m__18.pdf;3;work;Edlibach (Gerold Edlibach, Zürcher Chronik);\bedlibach\b;Ahnlich auch die spater entstandene Chronik des Gerold Edlibach (vgl. Gerold Edlibach’s Chronik [wie Anm. 46] S. 44: Item uff den balmabint wass meiss und zornlich
/Users/programming/PycharmProjects/Find_Bibliography_NEw/data/azk_library/langmaier-konstantin-m__18.pdf;3;work;Edlibach (Gerold Edlibach, Zürcher Chronik);\bedlibach\b;der gemain147, geschont. Die Hinrichtung im April 1444 ist in der Chronik des Edlibach bildlich festgehalten148. Gegen Hans Brunner den Alteren sind 14 Aussagen verzeichnet
/Users/programming/PycharmProjects/Find_Bibliography_NEw/data/azk_library/langmaier-konstantin-m__18.pdf;3;work;Edlibach (Gerold Edlibach, Zürcher Chronik);\bedlibach\b;gebrochen werden (gemeinsam mit den ubrigen vier Angeklagten) [40] 146 Gerold Edlibach’s Chronik (wie Anm. 46) S. 44. Vgl. auch: Die Chronik des Hans Frund, Landschreiber
/Users/programming/PycharmProjects/Find_Bibliography_NEw/data/azk_library/langmaier-konstantin-m__18.pdf;3;work;Edlibach (Gerold Edlibach, Zürcher Chronik);\bedlibach\b;2), Basel 1910, S. 103 f. (keine zeitgenossische Chronik). 147 Vgl. Gerold Edlibach’s Chronik(wie Anm. 46) S. 44. 148 Vgl. Zentralbibliothek Zurich, Ms. A 75, fol
/Users/programming/PycharmProjects/Find_Bibliography_NEw/data/azk_library/langmaier-konstantin-m__18.pdf;3;work;Edlibach (Gerold Edlibach, Zürcher Chronik);\bedlibach\b;"dem Feind vorwarf (u. a. auch auf dem Tag zu Baden im Marz 1444). Vgl. Gerold Edlibach’s Chronik (wie Anm. 46) S. 44; Hans Frund Chronik (wie Anm. 146) S. 171ff.;"
/Users/programming/PycharmProjects/Find_Bibliography_NEw/data/azk_library/langmaier-konstantin-m__18.pdf;3;work;Edlibach (Gerold Edlibach, Zürcher Chronik);\bedlibach\b;581 Vgl. StAZ, B VI 215 f. 39r. Die bildliche Darstellung in der Chronik des Edlibach ist daher richtig. Dort werden nur Trinkler und Meisen hingerichtet, vgl. Zentralbibliothek
/Users/programming/PycharmProjects/Find_Bibliography_NEw/data/azk_library/langmaier-konstantin-m__18.pdf;3;work;Stumpf (Johannes Stumpf, Schweizerchronik);johannes\s+stumpf;descriptio, Balci descriptio Helvetiae, Fratris Felicis Fabri descriptio Sueviae, Johannes Stumpf, Reisebericht von 1544, hg. von Hermann ESCHER u. a. (Quellen zur Schweizer
/Users/programming/PycharmProjects/Find_Bibliography_NEw/data/azk_library/langmaier-konstantin-m__18.pdf;3;work;Tschudi (Aegidius/Gilg Tschudi, Chronicon Helveticum);aegidi(?:us)?\s+tschudi;"anders, weil das von Stettler grundlich kommentierte Monumentalwerk des Aegidius Tschudi ediert zur Verfugung steht (gest. 1572; vergleichbar mit Johannes Aventin"
/Users/programming/PycharmProjects/Find_Bibliography_NEw/data/azk_library/langmaier-konstantin-m__18.pdf;3;work;Tschudi (Aegidius/Gilg Tschudi, Chronicon Helveticum);aegidi(?:us)?\s+tschudi;"steht (gest. 1572; vergleichbar mit Johannes Aventin), vgl. im Folgenden: Aegidius TSCHUDI, Chronicon Helveticum, Teil 10 u. 11, bearb. von Bernhard STETTLER (Quellen"
/Users/programming/PycharmProjects/Find_Bibliography_NEw/data/azk_library/langmaier-konstantin-m__18.pdf;3;work;Tschudi (Aegidius/Gilg Tschudi, Chronicon Helveticum);aegidi(?:us)?\s+tschudi;des Konflikts und seinen tieferen Ursachen unterschieden werden muss, vgl. Aegidius TSCHUDI (wie Anm. 3) Teil 10, S. 10. 48 Zu dem inflationar benutzten Begriff vgl
/Users/programming/PycharmProjects/Find_Bibliography_NEw/data/azk_library/langmaier-konstantin-m__18.pdf;3;work;Tschudi (Aegidius/Gilg Tschudi, Chronicon Helveticum);aegidi(?:us)?\s+tschudi;Lyrik im 15. und 16. Jahrhundert. Die Lieder im Chronicon Helveticum von Aegidius Tschudi (Goppinger Arbeiten zur Germanistik, Nr. 405), Goppingen 1986, S. 40 f.
/Users/programming/PycharmProjects/Find_Bibliography_NEw/data/azk_library/langmaier-konstantin-m__18.pdf;3;work;Tschudi (Aegidius/Gilg Tschudi, Chronicon Helveticum);aegidi(?:us)?\s+tschudi;"fur Volkskunde, Bd. 60), Basel 1976, S. 658 ff. (betrifft Schmahungen); Aegidius TSCHUDI, Chronicon Helveticum, Hilfsmittel, 1. Teil, Verzeichnis der Dokumente,"
/Users/programming/PycharmProjects/Find_Bibliography_NEw/data/azk_library/langmaier-konstantin-m__18.pdf;3;work;Tschudi (Aegidius/Gilg Tschudi, Chronicon Helveticum);\btschudi\b;"anders, weil das von Stettler grundlich kommentierte Monumentalwerk des Aegidius Tschudi ediert zur Verfugung steht (gest. 1572; vergleichbar mit Johannes Aventin),"
/Users/programming/PycharmProjects/Find_Bibliography_NEw/data/azk_library/langmaier-konstantin-m__18.pdf;3;work;Tschudi (Aegidius/Gilg Tschudi, Chronicon Helveticum);\btschudi\b;"(gest. 1572; vergleichbar mit Johannes Aventin), vgl. im Folgenden: Aegidius TSCHUDI, Chronicon Helveticum, Teil 10 u. 11, bearb. von Bernhard STETTLER (Quellen"
/Users/programming/PycharmProjects/Find_Bibliography_NEw/data/azk_library/langmaier-konstantin-m__18.pdf;3;work;Tschudi (Aegidius/Gilg Tschudi, Chronicon Helveticum);\btschudi\b;unterschiedlichen rechtlichen Standpunkt der Parteien vgl. die differenzierte Analyse bei: TSCHUDI (wie Anm. 3) Teil 10, S. 10* ff. 17 Wichtig: Otto SIGG, Spatmittelalterliche
/Users/programming/PycharmProjects/Find_Bibliography_NEw/data/azk_library/langmaier-konstantin-m__18.pdf;3;work;Tschudi (Aegidius/Gilg Tschudi, Chronicon Helveticum);\btschudi\b;Konflikts und seinen tieferen Ursachen unterschieden werden muss, vgl. Aegidius TSCHUDI (wie Anm. 3) Teil 10, S. 10. 48 Zu dem inflationar benutzten Begriff vgl. u
/Users/programming/PycharmProjects/Find_Bibliography_NEw/data/azk_library/langmaier-konstantin-m__18.pdf;3;work;Tschudi (Aegidius/Gilg Tschudi, Chronicon Helveticum);\btschudi\b;"ein gewisser Huphan, aus Glarus stammte. Vgl. StA Zurich, B VI 215, fol. 38rv; TSCHUDI (wie Anm. 3) Teil 11, S. 236. 59 GILOMEN (wie Anm. 22) S. 339. 60 Ebd., S. 340"
/Users/programming/PycharmProjects/Find_Bibliography_NEw/data/azk_library/langmaier-konstantin-m__18.pdf;3;work;Tschudi (Aegidius/Gilg Tschudi, Chronicon Helveticum);\btschudi\b;"13), Bern u. a. 1998, S. 34 ff.; NIEDER- STATTER (wie Anm. 17) S. 103 f. 80 TSCHUDI (wie Anm. 3) Teil 11, S. 174 ff.; Beate RATTAY, Entstehung und Rezeption politischer"
/Users/programming/PycharmProjects/Find_Bibliography_NEw/data/azk_library/langmaier-konstantin-m__18.pdf;3;work;Tschudi (Aegidius/Gilg Tschudi, Chronicon Helveticum);\btschudi\b;"Lyrik im 15. und 16. Jahrhundert. Die Lieder im Chronicon Helveticum von Aegidius Tschudi (Goppinger Arbeiten zur Germanistik, Nr. 405), Goppingen 1986, S. 40 f.; Leo"
/Users/programming/PycharmProjects/Find_Bibliography_NEw/data/azk_library/langmaier-konstantin-m__18.pdf;3;work;Tschudi (Aegidius/Gilg Tschudi, Chronicon Helveticum);\btschudi\b;"Volkskunde, Bd. 60), Basel 1976, S. 658 ff. (betrifft Schmahungen); Aegidius TSCHUDI, Chronicon Helveticum, Hilfsmittel, 1. Teil, Verzeichnis der Dokumente, Verzeichnis"
/Users/programming/PycharmProjects/Find_Bibliography_NEw/data/azk_library/langmaier-konstantin-m__18.pdf;3;work;Tschudi (Aegidius/Gilg Tschudi, Chronicon Helveticum);\btschudi\b;"(Neujahrsblatt der Stadtbibliothek Zurich, Nr. 257), Zurich 1901, S. 19 ff.; TSCHUDI (wie Anm. 3) Teil 11, S. 31* f.; SCHLUER (wie Anm. 19) S. 128; Die Vertreter"
/Users/programming/PycharmProjects/Find_Bibliography_NEw/data/azk_library/langmaier-konstantin-m__18.pdf;3;work;Tschudi (Aegidius/Gilg Tschudi, Chronicon Helveticum);\btschudi\b;das Verzeichnis bei: FREY, Fromme feste Junker (wie Anm. 28) S. 45. 92 Vgl. TSCHUDI (wie Anm. 3) Teil 11, S. 27*– 30*. 93 Hans SCHULTHESS, Die Zunft zur Saffran
/Users/programming/PycharmProjects/Find_Bibliography_NEw/data/azk_library/langmaier-konstantin-m__18.pdf;3;work;Tschudi (Aegidius/Gilg Tschudi, Chronicon Helveticum);\btschudi\b;"Struktur 1336 –1866, in: Zurcher Taschenbuch, N.F., 57 [auf das Jahr] 1937, S. 12; TSCHUDI (wie Anm. 3) Teil 11, Terror in der Stadt? 85 zweite Reihe“ zuruckdrangte94"
/Users/programming/PycharmProjects/Find_Bibliography_NEw/data/azk_library/langmaier-konstantin-m__18.pdf;3;work;Tschudi (Aegidius/Gilg Tschudi, Chronicon Helveticum);\btschudi\b;"r Geschichte 18 (1968) S. 432 ff. 95 Vgl. NIEDERSTATTER (wie Anm. 17) S. 144; TSCHUDI (wie Anm. 3) Teil 11, S. 31*. Heinrich Schwend war fur zwei Jahre als habsburgischer"
/Users/programming/PycharmProjects/Find_Bibliography_NEw/data/azk_library/langmaier-konstantin-m__18.pdf;3;work;Tschudi (Aegidius/Gilg Tschudi, Chronicon Helveticum);\btschudi\b;Schwend war fur zwei Jahre als habsburgischer Vogt von Kyburg eingesetzt worden. 96 TSCHUDI (wie Anm. 3) Teil 11, S. 53*. U. a. Gotz Escher und Paul Goldli ruckten fur
/Users/programming/PycharmProjects/Find_Bibliography_NEw/data/azk_library/langmaier-konstantin-m__18.pdf;3;work;Tschudi (Aegidius/Gilg Tschudi, Chronicon Helveticum);\btschudi\b;"100) S. 414. Vgl. in diesem Zusammenhang auch die Anmerkungen von Stettler; TSCHUDI (wie Anm. 3) Teil 11, S. 54*. 86 Konstantin Moritz Langmaier ist102. In hohem"
/Users/programming/PycharmProjects/Find_Bibliography_NEw/data/azk_library/langmaier-konstantin-m__18.pdf;3;work;Tschudi (Aegidius/Gilg Tschudi, Chronicon Helveticum);\btschudi\b;historische Wissenschaften 2 (1838) S. 124 –154 u. 351– 370, hier S. 133 ff. 116 TSCHUDI (wie Anm. 3) Teil 10, S. 339, Anm. 134 (ohne Quellenangabe). 117 StA Zurich
/Users/programming/PycharmProjects/Find_Bibliography_NEw/data/azk_library/langmaier-konstantin-m__18.pdf;3;work;Tschudi (Aegidius/Gilg Tschudi, Chronicon Helveticum);\btschudi\b;Der Schweizerische Geschichtsforscher 6 (1827) S. 349. 133 Vgl. Anm. 413. 134 TSCHUDI (wie Anm. 3) Teil 11, S. 237, Anm. 107. 135 Wichtig: LOHNER (wie Anm. 132) S
/Users/programming/PycharmProjects/Find_Bibliography_NEw/data/azk_library/langmaier-konstantin-m__18.pdf;3;work;Tschudi (Aegidius/Gilg Tschudi, Chronicon Helveticum);\btschudi\b;2, Straßburg 1843, S. 155. Der Funfte war wohl nicht der Stadtschreiber (vgl. TSCHUDI [wie Anm. 3] Teil 11, S. 235, Anm. 107). Allerdings ist aus einer anderen Quelle
/Users/programming/PycharmProjects/Find_Bibliography_NEw/data/azk_library/langmaier-konstantin-m__18.pdf;3;work;Tschudi (Aegidius/Gilg Tschudi, Chronicon Helveticum);\btschudi\b;"prokonglichen Lager; Teilnehmer verschiedener Kronungsfahrten. Vgl. die Anmerkungen in: TSCHUDI (wie Anm. 3) Teil 10, S. 331 f. (dort weiterfuhrende Angaben). Vgl. auch: Christian"
/Users/programming/PycharmProjects/Find_Bibliography_NEw/data/azk_library/langmaier-konstantin-m__18.pdf;3;work;Tschudi (Aegidius/Gilg Tschudi, Chronicon Helveticum);\btschudi\b;"Edlibach’s Chronik (wie Anm. 46) S. 44; Hans Frund Chronik (wie Anm. 146) S. 171ff.; TSCHUDI (wie Anm. 3) Teil 11, S. 223 ff.; NIEDERSTATTER (wie Anm. 17) S. 251 ff. 205"
/Users/programming/PycharmProjects/Find_Bibliography_NEw/data/azk_library/langmaier-konstantin-m__18.pdf;3;work;Tschudi (Aegidius/Gilg Tschudi, Chronicon Helveticum);\btschudi\b;"h. Schweigers Vater (vgl. URZ, Bd. 6, Nr. 9015 bzw. Anm. 248). 252 Vgl. u. a. TSCHUDI (wie Anm. 3) Teil 10, S. 57; Teil 11, S. 224; URZ, Bd. 6, Nr. 7785, 7819, 8061"
/Users/programming/PycharmProjects/Find_Bibliography_NEw/data/azk_library/langmaier-konstantin-m__18.pdf;3;work;Tschudi (Aegidius/Gilg Tschudi, Chronicon Helveticum);\btschudi\b;"553, 686; URZ, Bd. 7, Nr. 9235, 9754, 10039, 10174, 10203, 10358 (identisch?); TSCHUDI (wie Anm. 3) Teil 11, S. 54*. 294 =Aufwiegler, hier wohl im Sinne von „Kriegsschreier"
/Users/programming/PycharmProjects/Find_Bibliography_NEw/data/azk_library/langmaier-konstantin-m__18.pdf;3;work;Tschudi (Aegidius/Gilg Tschudi, Chronicon Helveticum);\btschudi\b;Schweizerisches Idiotikon, Bd. 2 (1885) Sp. 1281. Zum Tag von Baden vgl. Anm. 413 bzw. TSCHUDI (wie Anm. 3) Teil 11, S. 226. 327 =geschehe, vgl. Schweizerisches Idiotikon
/Users/programming/PycharmProjects/Find_Bibliography_NEw/data/azk_library/langmaier-konstantin-m__18.pdf;3;work;Tschudi (Aegidius/Gilg Tschudi, Chronicon Helveticum);\btschudi\b;gegen die Eidgenossen. 352 Namlich im Hollenfeuer, vgl. die Interpretation bei: TSCHUDI (wie Anm. 3) Teil 10, S. 332. 353 Vgl. Anm. 275. 354 =in der Quere, vgl. GRIMM
/Users/programming/PycharmProjects/Find_Bibliography_NEw/data/azk_library/langmaier-konstantin-m__18.pdf;3;work;Tschudi (Aegidius/Gilg Tschudi, Chronicon Helveticum);\btschudi\b;Anspielung auf Warnungen des Feindes durch Brunner und seine Mitverschworer: TSCHUDI (wie Anm. 3) Teil 11, S. 109 f. 372 =anzuhoren, verhoren, vgl. Schweizerisches
/Users/programming/PycharmProjects/Find_Bibliography_NEw/data/azk_library/langmaier-konstantin-m__18.pdf;3;work;Tschudi (Aegidius/Gilg Tschudi, Chronicon Helveticum);\btschudi\b;"verbessern; vgl. GRIMM, Bd. 2, Sp. 256. e 385 =U lman Trinkler; ein Beiname; vgl. TSCHUDI (wie Anm. 3) Teil 11, S. 233. (Trinklers Erben befanden sich 1444 mit 4.200"
/Users/programming/PycharmProjects/Find_Bibliography_NEw/data/azk_library/langmaier-konstantin-m__18.pdf;3;work;Tschudi (Aegidius/Gilg Tschudi, Chronicon Helveticum);\btschudi\b;"auf dem Tag zu Baden prasent gewesen. Vgl. NIEDERSTATTER (wie Anm. 17) S. 252; TSCHUDI (wie Anm. 3) Teil 11, S. 227 f. (mit weiterfuhrenden Hinweisen); vgl. am Rande"
/Users/programming/PycharmProjects/Find_Bibliography_NEw/data/azk_library/langmaier-konstantin-m__18.pdf;3;work;Tschudi (Aegidius/Gilg Tschudi, Chronicon Helveticum);\btschudi\b;Bd. 4 (1901) Sp. 1604. 458 Vgl. Anm. 206. 459 =Hans Iberg, Vogt zu Baden, vgl. TSCHUDI (wie Anm. 3) Teil 11, S. 140 f. u. 236. 460 =Ehrenwort, vgl. Schweizerisches
/Users/programming/PycharmProjects/Find_Bibliography_NEw/data/azk_library/langmaier-konstantin-m__18.pdf;3;work;Tschudi (Aegidius/Gilg Tschudi, Chronicon Helveticum);\btschudi\b;"unklar, ob damit der Vater des Effinger gemeint ist oder der des Boten, vgl. TSCHUDI (wie Anm. 3) Teil 11, S. 236; moglicherweise ein Sohn des oben genannten Hans"
/Users/programming/PycharmProjects/Find_Bibliography_NEw/data/azk_library/langmaier-konstantin-m__18.pdf;3;work;Tschudi (Aegidius/Gilg Tschudi, Chronicon Helveticum);\btschudi\b;"STARK (wie Anm. 118) S. 7–52; CURSCHELLAS (wie Anm. 118) S. 1–144. 535 Vgl. TSCHUDI (wie Anm. 3) Teil 11, S. 226 f. 536 =es ware zu befurchten, vgl. Schweizerisches"
/Users/programming/PycharmProjects/Find_Bibliography_NEw/data/azk_library/langmaier-konstantin-m__18.pdf;3;work;Tschudi (Aegidius/Gilg Tschudi, Chronicon Helveticum);chronicon\s+helveticum;vergleichbar mit Johannes Aventin), vgl. im Folgenden: Aegidius TSCHUDI, Chronicon Helveticum, Teil 10 u. 11, bearb. von Bernhard STETTLER (Quellen zur Schweizer Geschichte
/Users/programming/PycharmProjects/Find_Bibliography_NEw/data/azk_library/langmaier-konstantin-m__18.pdf;3;work;Tschudi (Aegidius/Gilg Tschudi, Chronicon Helveticum);chronicon\s+helveticum;Rezeption politischer Lyrik im 15. und 16. Jahrhundert. Die Lieder im Chronicon Helveticum von Aegidius Tschudi (Goppinger Arbeiten zur Germanistik, Nr. 405), Goppingen
/Users/programming/PycharmProjects/Find_Bibliography_NEw/data/azk_library/langmaier-konstantin-m__18.pdf;3;work;Tschudi (Aegidius/Gilg Tschudi, Chronicon Helveticum);chronicon\s+helveticum;"60), Basel 1976, S. 658 ff. (betrifft Schmahungen); Aegidius TSCHUDI, Chronicon Helveticum, Hilfsmittel, 1. Teil, Verzeichnis der Dokumente, Verzeichnis der Lieder"
/Users/programming/PycharmProjects/Find_Bibliography_NEw/data/azk_library/langmaier-konstantin-m__18.pdf;3;work;Brennwald (Heinrich/Johannes Brennwald, Schweizerchronik);heinrich\s+brennwald;"vor den Augen der eidgenossischen Gesandten in den Wellenberg gefuhrt); Heinrich Brennwalds Schweizerchronik, Bd. 2, hg. von Rudolf LUGINBUHL (Quellen zur Schweizer"
/Users/programming/PycharmProjects/Find_Bibliography_NEw/data/azk_library/langmaier-konstantin-m__18.pdf;3;work;Bullinger (Heinrich Bullinger, historiographische Werke);heinrich\s+bullinger;die, der henid159 in gefangnussii, hat er [...]iii160 [spaterer Vermerk Heinrich Bullingers161:] ze Ostern 1444 [fol. 1r] [Haupthand:] Item man sol nachgan und richten
/Users/programming/PycharmProjects/Find_Bibliography_NEw/data/azk_library/langmaier-konstantin-m__18.pdf;3;work;Bullinger (Heinrich Bullinger, historiographische Werke);heinrich\s+bullinger;diese mit den zeitublichen Mitteln „erfragt“ wurde. Vgl. Anm. 312. 161 Heinrich Bullinger (1504 –1575), Schweizer Reformator. 162 Uneinigkeit, vgl. Schweizerisches
/Users/programming/PycharmProjects/Find_Bibliography_NEw/data/azk_library/langmaier-konstantin-m__18.pdf;3;work;Bullinger (Heinrich Bullinger, historiographische Werke);\bbullinger\b;diese mit den zeitublichen Mitteln „erfragt“ wurde. Vgl. Anm. 312. 161 Heinrich Bullinger (1504 –1575), Schweizer Reformator. 162 Uneinigkeit, vgl. Schweizerisches Idiotikon
/Users/programming/PycharmProjects/Find_Bibliography_NEw/data/azk_library/langmaier-konstantin-m__18.pdf;3;work;Klingenberger/Rapperswiler Chronik (Eberhard Wüest, ed.);klingenberger\s+chronik;"Friedens 1443 beteiligt (gemeinsam mit dem Konstanzer Bischof); vgl. Die sog. Klingenberger Chronik des Eberhard Wust, Stadtschreiber von Rapperswil, bearb. von Bernhard"
/Users/programming/PycharmProjects/Find_Bibliography_NEw/data/azk_library/langmaier-konstantin-m__18.pdf;3;work;Berner Chronik (allgemein);\bberner\s+chronik\b;ussern woeltind ze rich und mechtig werden144. 138 Vgl. Benedicht TSCHACHTLAN, Berner Chronik bis zum Jahr 1470/71, bearb. von Pascal LADNER, in: Tschachtlans Bilderchronik
/Users/programming/PycharmProjects/Find_Bibliography_NEw/data/azk_library/langmaier-konstantin-m__18.pdf;3;work;Zürcher Stadtchronik (allgemein);chronik\s+der\s+stadt\s+z[üu]rich;auch die Angaben bei FREY (wie Anm. 87) S. 98, Anm. 16. Vgl. auch: Chronik der Stadt Zurich: mit Fortsetzungen, hg. von Johannes DIERAUER (Quellen zur Schweizer
/Users/programming/PycharmProjects/Find_Bibliography_NEw/data/azk_library/langmaier-konstantin-m__18.pdf;3;work;Hottinger (Johann Jakob Hottinger, Helvetische Kirchengeschichte);johann\s+jakob\s+hottinger;Geschichts- und Rechtsquellen, Bd. 40), Ostfildern 2008, S. 600 f. 115 Johann Jakob HOTTINGER, Zurichs inneres Leben wahrend der Dauer des alten Zurichkrieges, in
/Users/programming/PycharmProjects/Find_Bibliography_NEw/data/azk_library/langmaier-konstantin-m__18.pdf;3;work;Hottinger (Johann Jakob Hottinger, Helvetische Kirchengeschichte);\bhottinger\b;Geschichts- und Rechtsquellen, Bd. 40), Ostfildern 2008, S. 600 f. 115 Johann Jakob HOTTINGER, Zurichs inneres Leben wahrend der Dauer des alten Zurichkrieges, in: Schweizerisches
/Users/programming/PycharmProjects/Find_Bibliography_NEw/data/azk_library/langmaier-konstantin-m__18.pdf;4;work;Fründ (Hans Fründ);hans\s+fr[üu]nd;146 Gerold Edlibach’s Chronik (wie Anm. 46) S. 44. Vgl. auch: Die Chronik des Hans Frund, Landschreiber zu Schwytz, hg. von Christian Immanuel KIND, Chur 1875, S. 178
/Users/programming/PycharmProjects/Find_Bibliography_NEw/data/azk_library/langmaier-konstantin-m__18.pdf;4;work;Fründ (Hans Fründ);hans\s+fr[üu]nd;der Alte Zurichkrieg (1436 –1450) im Spiegel der Biographie von Landschreiber Hans Frund, in: Mitteilungen des historischen Vereins des Kantons Schwyz 98 (2006) S.
/Users/programming/PycharmProjects/Find_Bibliography_NEw/data/azk_library/langmaier-konstantin-m__18.pdf;4;work;Fründ (Hans Fründ);hans\s+fr[üu]nd;"zu Baden im Marz 1444). Vgl. Gerold Edlibach’s Chronik (wie Anm. 46) S. 44; Hans Frund Chronik (wie Anm. 146) S. 171ff.; TSCHUDI (wie Anm. 3) Teil 11, S. 223 ff."
/Users/programming/PycharmProjects/Find_Bibliography_NEw/data/azk_library/langmaier-konstantin-m__18.pdf;4;work;Fründ (Hans Fründ);hans\s+fr[üu]nd;"hg. von Claudia OPITZ u. a. (Clio Lucernensis, Bd. 2), Zurich 1993, S. 309; Hans Frund, Chronik (wie Anm. 146) S. 163 ff. 212 Vgl. Anm. 178. 213 Obst, vgl. Schweizerisches"
/Users/programming/PycharmProjects/Find_Bibliography_NEw/data/azk_library/langmaier-konstantin-m__18.pdf;4;work;Fründ (Hans Fründ);hans\s+fr[üu]nd;"Geschichte 1 (1873) S. 346 f. 222 Die Parole der prohabsburgischen Partei, vgl. Hans Frund, Chronik (wie Anm. 146) S. 93 f.; Joseph SEEMULLER, Friedrichs III. Aachener"
/Users/programming/PycharmProjects/Find_Bibliography_NEw/data/azk_library/langmaier-konstantin-m__18.pdf;4;work;Fründ (Hans Fründ);\bfr[üu]nds?\s+chronik;"Baden im Marz 1444). Vgl. Gerold Edlibach’s Chronik (wie Anm. 46) S. 44; Hans Frund Chronik (wie Anm. 146) S. 171ff.; TSCHUDI (wie Anm. 3) Teil 11, S. 223 ff.; NIEDERSTATTER"
/Users/programming/PycharmProjects/Find_Bibliography_NEw/data/azk_library/langmaier-konstantin-m__18.pdf;4;work;Fründ (Hans Fründ);\bfr[üu]nd\b;Gerold Edlibach’s Chronik (wie Anm. 46) S. 44. Vgl. auch: Die Chronik des Hans Frund, Landschreiber zu Schwytz, hg. von Christian Immanuel KIND, Chur 1875, S. 178
/Users/programming/PycharmProjects/Find_Bibliography_NEw/data/azk_library/langmaier-konstantin-m__18.pdf;4;work;Fründ (Hans Fründ);\bfr[üu]nd\b;Alte Zurichkrieg (1436 –1450) im Spiegel der Biographie von Landschreiber Hans Frund, in: Mitteilungen des historischen Vereins des Kantons Schwyz 98 (2006) S. 11
/Users/programming/PycharmProjects/Find_Bibliography_NEw/data/azk_library/langmaier-konstantin-m__18.pdf;4;work;Fründ (Hans Fründ);\bfr[üu]nd\b;"Baden im Marz 1444). Vgl. Gerold Edlibach’s Chronik (wie Anm. 46) S. 44; Hans Frund Chronik (wie Anm. 146) S. 171ff.; TSCHUDI (wie Anm. 3) Teil 11, S. 223 ff.; NIEDERSTATTER"
/Users/programming/PycharmProjects/Find_Bibliography_NEw/data/azk_library/langmaier-konstantin-m__18.pdf;4;work;Fründ (Hans Fründ);\bfr[üu]nd\b;"von Claudia OPITZ u. a. (Clio Lucernensis, Bd. 2), Zurich 1993, S. 309; Hans Frund, Chronik (wie Anm. 146) S. 163 ff. 212 Vgl. Anm. 178. 213 Obst, vgl. Schweizerisches"
/Users/programming/PycharmProjects/Find_Bibliography_NEw/data/azk_library/langmaier-konstantin-m__18.pdf;4;work;Fründ (Hans Fründ);\bfr[üu]nd\b;"Geschichte 1 (1873) S. 346 f. 222 Die Parole der prohabsburgischen Partei, vgl. Hans Frund, Chronik (wie Anm. 146) S. 93 f.; Joseph SEEMULLER, Friedrichs III. Aachener"
/Users/programming/PycharmProjects/Find_Bibliography_NEw/data/azk_library/langmaier-konstantin-m__18.pdf;4;work;Fründ (Hans Fründ);chronik\s+des\s+hans\s+fr[üu]nd;40] 146 Gerold Edlibach’s Chronik (wie Anm. 46) S. 44. Vgl. auch: Die Chronik des Hans Frund, Landschreiber zu Schwytz, hg. von Christian Immanuel KIND, Chur 1875
/Users/programming/PycharmProjects/Find_Bibliography_NEw/data/azk_library/langmaier-konstantin-m__18.pdf;4;work;Dacher (Gebhard/Gebhart Dacher, Konstanzer Chronik);(?:gebhard|gebhart)\s+dacher;und offentlichkeitswirksam kritisieren. 114 Vgl. Die „Konstanzer Chronik“ Gebhart Dachers: By des Byschoffs zyten volgiengen disz nachgeschriben ding vnd sachen
/Users/programming/PycharmProjects/Find_Bibliography_NEw/data/azk_library/langmaier-konstantin-m__18.pdf;4;work;Dacher (Gebhard/Gebhart Dacher, Konstanzer Chronik);\bkonstanzer\s+chronik\b;Partei unverhohlen und offentlichkeitswirksam kritisieren. 114 Vgl. Die „Konstanzer Chronik“ Gebhart Dachers: By des Byschoffs zyten volgiengen disz nachgeschriben
/Users/programming/PycharmProjects/Find_Bibliography_NEw/data/azk_library/langmaier-konstantin-m__18.pdf;4;work;Hemmerlin (Felix Hemmerlin/Malleolus);de\s+nobilitate\s+et\s+rusticitate;LANGMAIER, Felix Hemmerli und der Dialog uber den Adel und den Bauern (De nobilitate et rusticitate dialogus): Seine Bedeutung fur die Erforschung der Mentalitat des
/Users/programming/PycharmProjects/Find_Bibliography_NEw/data/azk_library/langmaier-konstantin-m__18.pdf;4;work;Hemmerlin (Felix Hemmerlin/Malleolus);de\s+nobilitate\s+et\s+rusticitate;in der Nahe wohnte Felix Hemmerli (L i n d e n 114), der in seinem De nobilitate et rusticitate dialogus (33. Kapitel) auf diese, den Ortskundigen sicherlich bekannten
/Users/programming/PycharmProjects/Find_Bibliography_NEw/data/azk_library/langmaier-konstantin-m__18.pdf;4;work;Tschachtlan (Benedikt Tschachtlan);\btschachtlan\b;befurchte, die ussern woeltind ze rich und mechtig werden144. 138 Vgl. Benedicht TSCHACHTLAN, Berner Chronik bis zum Jahr 1470/71, bearb. von Pascal LADNER, in: Tschachtlans
/Users/programming/PycharmProjects/Find_Bibliography_NEw/data/azk_library/langmaier-konstantin-m__18.pdf;4;work;Justinger (Konrad Justinger, Berner Chronik);(?:kon|con)rad\s+justinger;"70*, 72. 256 Zunftmeister der Zurcher Schiffsleute; vgl. Kathrin JOST, Konrad Justinger (ca. 1365 –1438): Chronist und Finanzmann in Berns grosser Zeit (VuF, Sonderbande"
/Users/programming/PycharmProjects/Find_Bibliography_NEw/data/azk_library/langmaier-konstantin-m__18.pdf;4;work;Justinger (Konrad Justinger, Berner Chronik);\bjustinger\b;"70*, 72. 256 Zunftmeister der Zurcher Schiffsleute; vgl. Kathrin JOST, Konrad Justinger (ca. 1365 –1438): Chronist und Finanzmann in Berns grosser Zeit (VuF, Sonderbande"
/Users/programming/PycharmProjects/Find_Bibliography_NEw/data/azk_library/langmaier-konstantin-m__18.pdf;4;work;Edlibach (Gerold Edlibach, Zürcher Chronik);gerold\s+edlibach;in: Krieg im Mittelalter, hg. von DEMS., Berlin 2001, S. 18 ff. 46 Vgl. Gerold Edlibach’s Chronik, hg. von Johann Martin USTERI (Mitteilungen der antiquarischen
/Users/programming/PycharmProjects/Find_Bibliography_NEw/data/azk_library/langmaier-konstantin-m__18.pdf;4;work;Edlibach (Gerold Edlibach, Zürcher Chronik);gerold\s+edlibach;wie Anm. 132] S. 348). 137 Ahnlich auch die spater entstandene Chronik des Gerold Edlibach (vgl. Gerold Edlibach’s Chronik [wie Anm. 46] S. 44: Item uff den balmabint
/Users/programming/PycharmProjects/Find_Bibliography_NEw/data/azk_library/langmaier-konstantin-m__18.pdf;4;work;Edlibach (Gerold Edlibach, Zürcher Chronik);gerold\s+edlibach;137 Ahnlich auch die spater entstandene Chronik des Gerold Edlibach (vgl. Gerold Edlibach’s Chronik [wie Anm. 46] S. 44: Item uff den balmabint wass meiss und zornlich
/Users/programming/PycharmProjects/Find_Bibliography_NEw/data/azk_library/langmaier-konstantin-m__18.pdf;4;work;Edlibach (Gerold Edlibach, Zürcher Chronik);gerold\s+edlibach;durfe gebrochen werden (gemeinsam mit den ubrigen vier Angeklagten) [40] 146 Gerold Edlibach’s Chronik (wie Anm. 46) S. 44. Vgl. auch: Die Chronik des Hans Frund, Landschreiber
/Users/programming/PycharmProjects/Find_Bibliography_NEw/data/azk_library/langmaier-konstantin-m__18.pdf;4;work;Edlibach (Gerold Edlibach, Zürcher Chronik);gerold\s+edlibach;Bd. 2), Basel 1910, S. 103 f. (keine zeitgenossische Chronik). 147 Vgl. Gerold Edlibach’s Chronik(wie Anm. 46) S. 44. 148 Vgl. Zentralbibliothek Zurich, Ms. A 75
/Users/programming/PycharmProjects/Find_Bibliography_NEw/data/azk_library/langmaier-konstantin-m__18.pdf;4;work;Edlibach (Gerold Edlibach, Zürcher Chronik);gerold\s+edlibach;"mit dem Feind vorwarf (u. a. auch auf dem Tag zu Baden im Marz 1444). Vgl. Gerold Edlibach’s Chronik (wie Anm. 46) S. 44; Hans Frund Chronik (wie Anm. 146) S. 171ff"
/Users/programming/PycharmProjects/Find_Bibliography_NEw/data/azk_library/langmaier-konstantin-m__18.pdf;4;work;Edlibach (Gerold Edlibach, Zürcher Chronik);\bedlibach\b;Krieg im Mittelalter, hg. von DEMS., Berlin 2001, S. 18 ff. 46 Vgl. Gerold Edlibach’s Chronik, hg. von Johann Martin USTERI (Mitteilungen der antiquarischen Gesellschaft
/Users/programming/PycharmProjects/Find_Bibliography_NEw/data/azk_library/langmaier-konstantin-m__18.pdf;4;work;Edlibach (Gerold Edlibach, Zürcher Chronik);\bedlibach\b;Anm. 132] S. 348). 137 Ahnlich auch die spater entstandene Chronik des Gerold Edlibach (vgl. Gerold Edlibach’s Chronik [wie Anm. 46] S. 44: Item uff den balmabint
/Users/programming/PycharmProjects/Find_Bibliography_NEw/data/azk_library/langmaier-konstantin-m__18.pdf;4;work;Edlibach (Gerold Edlibach, Zürcher Chronik);\bedlibach\b;Ahnlich auch die spater entstandene Chronik des Gerold Edlibach (vgl. Gerold Edlibach’s Chronik [wie Anm. 46] S. 44: Item uff den balmabint wass meiss und zornlich
/Users/programming/PycharmProjects/Find_Bibliography_NEw/data/azk_library/langmaier-konstantin-m__18.pdf;4;work;Edlibach (Gerold Edlibach, Zürcher Chronik);\bedlibach\b;der gemain147, geschont. Die Hinrichtung im April 1444 ist in der Chronik des Edlibach bildlich festgehalten148. Gegen Hans Brunner den Alteren sind 14 Aussagen verzeichnet
/Users/programming/PycharmProjects/Find_Bibliography_NEw/data/azk_library/langmaier-konstantin-m__18.pdf;4;work;Edlibach (Gerold Edlibach, Zürcher Chronik);\bedlibach\b;gebrochen werden (gemeinsam mit den ubrigen vier Angeklagten) [40] 146 Gerold Edlibach’s Chronik (wie Anm. 46) S. 44. Vgl. auch: Die Chronik des Hans Frund, Landschreiber
/Users/programming/PycharmProjects/Find_Bibliography_NEw/data/azk_library/langmaier-konstantin-m__18.pdf;4;work;Edlibach (Gerold Edlibach, Zürcher Chronik);\bedlibach\b;2), Basel 1910, S. 103 f. (keine zeitgenossische Chronik). 147 Vgl. Gerold Edlibach’s Chronik(wie Anm. 46) S. 44. 148 Vgl. Zentralbibliothek Zurich, Ms. A 75, fol
/Users/programming/PycharmProjects/Find_Bibliography_NEw/data/azk_library/langmaier-konstantin-m__18.pdf;4;work;Edlibach (Gerold Edlibach, Zürcher Chronik);\bedlibach\b;"dem Feind vorwarf (u. a. auch auf dem Tag zu Baden im Marz 1444). Vgl. Gerold Edlibach’s Chronik (wie Anm. 46) S. 44; Hans Frund Chronik (wie Anm. 146) S. 171ff.;"
/Users/programming/PycharmProjects/Find_Bibliography_NEw/data/azk_library/langmaier-konstantin-m__18.pdf;4;work;Edlibach (Gerold Edlibach, Zürcher Chronik);\bedlibach\b;581 Vgl. StAZ, B VI 215 f. 39r. Die bildliche Darstellung in der Chronik des Edlibach ist daher richtig. Dort werden nur Trinkler und Meisen hingerichtet, vgl. Zentralbibliothek
/Users/programming/PycharmProjects/Find_Bibliography_NEw/data/azk_library/langmaier-konstantin-m__18.pdf;4;work;Stumpf (Johannes Stumpf, Schweizerchronik);johannes\s+stumpf;descriptio, Balci descriptio Helvetiae, Fratris Felicis Fabri descriptio Sueviae, Johannes Stumpf, Reisebericht von 1544, hg. von Hermann ESCHER u. a. (Quellen zur Schweizer
/Users/programming/PycharmProjects/Find_Bibliography_NEw/data/azk_library/langmaier-konstantin-m__18.pdf;4;work;Tschudi (Aegidius/Gilg Tschudi, Chronicon Helveticum);aegidi(?:us)?\s+tschudi;"anders, weil das von Stettler grundlich kommentierte Monumentalwerk des Aegidius Tschudi ediert zur Verfugung steht (gest. 1572; vergleichbar mit Johannes Aventin"
/Users/programming/PycharmProjects/Find_Bibliography_NEw/data/azk_library/langmaier-konstantin-m__18.pdf;4;work;Tschudi (Aegidius/Gilg Tschudi, Chronicon Helveticum);aegidi(?:us)?\s+tschudi;"steht (gest. 1572; vergleichbar mit Johannes Aventin), vgl. im Folgenden: Aegidius TSCHUDI, Chronicon Helveticum, Teil 10 u. 11, bearb. von Bernhard STETTLER (Quellen"
/Users/programming/PycharmProjects/Find_Bibliography_NEw/data/azk_library/langmaier-konstantin-m__18.pdf;4;work;Tschudi (Aegidius/Gilg Tschudi, Chronicon Helveticum);aegidi(?:us)?\s+tschudi;des Konflikts und seinen tieferen Ursachen unterschieden werden muss, vgl. Aegidius TSCHUDI (wie Anm. 3) Teil 10, S. 10. 48 Zu dem inflationar benutzten Begriff vgl
/Users/programming/PycharmProjects/Find_Bibliography_NEw/data/azk_library/langmaier-konstantin-m__18.pdf;4;work;Tschudi (Aegidius/Gilg Tschudi, Chronicon Helveticum);aegidi(?:us)?\s+tschudi;Lyrik im 15. und 16. Jahrhundert. Die Lieder im Chronicon Helveticum von Aegidius Tschudi (Goppinger Arbeiten zur Germanistik, Nr. 405), Goppingen 1986, S. 40 f.
/Users/programming/PycharmProjects/Find_Bibliography_NEw/data/azk_library/langmaier-konstantin-m__18.pdf;4;work;Tschudi (Aegidius/Gilg Tschudi, Chronicon Helveticum);aegidi(?:us)?\s+tschudi;"fur Volkskunde, Bd. 60), Basel 1976, S. 658 ff. (betrifft Schmahungen); Aegidius TSCHUDI, Chronicon Helveticum, Hilfsmittel, 1. Teil, Verzeichnis der Dokumente,"
/Users/programming/PycharmProjects/Find_Bibliography_NEw/data/azk_library/langmaier-konstantin-m__18.pdf;4;work;Tschudi (Aegidius/Gilg Tschudi, Chronicon Helveticum);\btschudi\b;"anders, weil das von Stettler grundlich kommentierte Monumentalwerk des Aegidius Tschudi ediert zur Verfugung steht (gest. 1572; vergleichbar mit Johannes Aventin),"
/Users/programming/PycharmProjects/Find_Bibliography_NEw/data/azk_library/langmaier-konstantin-m__18.pdf;4;work;Tschudi (Aegidius/Gilg Tschudi, Chronicon Helveticum);\btschudi\b;"(gest. 1572; vergleichbar mit Johannes Aventin), vgl. im Folgenden: Aegidius TSCHUDI, Chronicon Helveticum, Teil 10 u. 11, bearb. von Bernhard STETTLER (Quellen"
/Users/programming/PycharmProjects/Find_Bibliography_NEw/data/azk_library/langmaier-konstantin-m__18.pdf;4;work;Tschudi (Aegidius/Gilg Tschudi, Chronicon Helveticum);\btschudi\b;unterschiedlichen rechtlichen Standpunkt der Parteien vgl. die differenzierte Analyse bei: TSCHUDI (wie Anm. 3) Teil 10, S. 10* ff. 17 Wichtig: Otto SIGG, Spatmittelalterliche
/Users/programming/PycharmProjects/Find_Bibliography_NEw/data/azk_library/langmaier-konstantin-m__18.pdf;4;work;Tschudi (Aegidius/Gilg Tschudi, Chronicon Helveticum);\btschudi\b;Konflikts und seinen tieferen Ursachen unterschieden werden muss, vgl. Aegidius TSCHUDI (wie Anm. 3) Teil 10, S. 10. 48 Zu dem inflationar benutzten Begriff vgl. u
/Users/programming/PycharmProjects/Find_Bibliography_NEw/data/azk_library/langmaier-konstantin-m__18.pdf;4;work;Tschudi (Aegidius/Gilg Tschudi, Chronicon Helveticum);\btschudi\b;"ein gewisser Huphan, aus Glarus stammte. Vgl. StA Zurich, B VI 215, fol. 38rv; TSCHUDI (wie Anm. 3) Teil 11, S. 236. 59 GILOMEN (wie Anm. 22) S. 339. 60 Ebd., S. 340"
/Users/programming/PycharmProjects/Find_Bibliography_NEw/data/azk_library/langmaier-konstantin-m__18.pdf;4;work;Tschudi (Aegidius/Gilg Tschudi, Chronicon Helveticum);\btschudi\b;"13), Bern u. a. 1998, S. 34 ff.; NIEDER- STATTER (wie Anm. 17) S. 103 f. 80 TSCHUDI (wie Anm. 3) Teil 11, S. 174 ff.; Beate RATTAY, Entstehung und Rezeption politischer"
/Users/programming/PycharmProjects/Find_Bibliography_NEw/data/azk_library/langmaier-konstantin-m__18.pdf;4;work;Tschudi (Aegidius/Gilg Tschudi, Chronicon Helveticum);\btschudi\b;"Lyrik im 15. und 16. Jahrhundert. Die Lieder im Chronicon Helveticum von Aegidius Tschudi (Goppinger Arbeiten zur Germanistik, Nr. 405), Goppingen 1986, S. 40 f.; Leo"
/Users/programming/PycharmProjects/Find_Bibliography_NEw/data/azk_library/langmaier-konstantin-m__18.pdf;4;work;Tschudi (Aegidius/Gilg Tschudi, Chronicon Helveticum);\btschudi\b;"Volkskunde, Bd. 60), Basel 1976, S. 658 ff. (betrifft Schmahungen); Aegidius TSCHUDI, Chronicon Helveticum, Hilfsmittel, 1. Teil, Verzeichnis der Dokumente, Verzeichnis"
/Users/programming/PycharmProjects/Find_Bibliography_NEw/data/azk_library/langmaier-konstantin-m__18.pdf;4;work;Tschudi (Aegidius/Gilg Tschudi, Chronicon Helveticum);\btschudi\b;"(Neujahrsblatt der Stadtbibliothek Zurich, Nr. 257), Zurich 1901, S. 19 ff.; TSCHUDI (wie Anm. 3) Teil 11, S. 31* f.; SCHLUER (wie Anm. 19) S. 128; Die Vertreter"
/Users/programming/PycharmProjects/Find_Bibliography_NEw/data/azk_library/langmaier-konstantin-m__18.pdf;4;work;Tschudi (Aegidius/Gilg Tschudi, Chronicon Helveticum);\btschudi\b;das Verzeichnis bei: FREY, Fromme feste Junker (wie Anm. 28) S. 45. 92 Vgl. TSCHUDI (wie Anm. 3) Teil 11, S. 27*– 30*. 93 Hans SCHULTHESS, Die Zunft zur Saffran
/Users/programming/PycharmProjects/Find_Bibliography_NEw/data/azk_library/langmaier-konstantin-m__18.pdf;4;work;Tschudi (Aegidius/Gilg Tschudi, Chronicon Helveticum);\btschudi\b;"Struktur 1336 –1866, in: Zurcher Taschenbuch, N.F., 57 [auf das Jahr] 1937, S. 12; TSCHUDI (wie Anm. 3) Teil 11, Terror in der Stadt? 85 zweite Reihe“ zuruckdrangte94"
/Users/programming/PycharmProjects/Find_Bibliography_NEw/data/azk_library/langmaier-konstantin-m__18.pdf;4;work;Tschudi (Aegidius/Gilg Tschudi, Chronicon Helveticum);\btschudi\b;"r Geschichte 18 (1968) S. 432 ff. 95 Vgl. NIEDERSTATTER (wie Anm. 17) S. 144; TSCHUDI (wie Anm. 3) Teil 11, S. 31*. Heinrich Schwend war fur zwei Jahre als habsburgischer"
/Users/programming/PycharmProjects/Find_Bibliography_NEw/data/azk_library/langmaier-konstantin-m__18.pdf;4;work;Tschudi (Aegidius/Gilg Tschudi, Chronicon Helveticum);\btschudi\b;Schwend war fur zwei Jahre als habsburgischer Vogt von Kyburg eingesetzt worden. 96 TSCHUDI (wie Anm. 3) Teil 11, S. 53*. U. a. Gotz Escher und Paul Goldli ruckten fur
/Users/programming/PycharmProjects/Find_Bibliography_NEw/data/azk_library/langmaier-konstantin-m__18.pdf;4;work;Tschudi (Aegidius/Gilg Tschudi, Chronicon Helveticum);\btschudi\b;"100) S. 414. Vgl. in diesem Zusammenhang auch die Anmerkungen von Stettler; TSCHUDI (wie Anm. 3) Teil 11, S. 54*. 86 Konstantin Moritz Langmaier ist102. In hohem"
/Users/programming/PycharmProjects/Find_Bibliography_NEw/data/azk_library/langmaier-konstantin-m__18.pdf;4;work;Tschudi (Aegidius/Gilg Tschudi, Chronicon Helveticum);\btschudi\b;historische Wissenschaften 2 (1838) S. 124 –154 u. 351– 370, hier S. 133 ff. 116 TSCHUDI (wie Anm. 3) Teil 10, S. 339, Anm. 134 (ohne Quellenangabe). 117 StA Zurich
/Users/programming/PycharmProjects/Find_Bibliography_NEw/data/azk_library/langmaier-konstantin-m__18.pdf;4;work;Tschudi (Aegidius/Gilg Tschudi, Chronicon Helveticum);\btschudi\b;Der Schweizerische Geschichtsforscher 6 (1827) S. 349. 133 Vgl. Anm. 413. 134 TSCHUDI (wie Anm. 3) Teil 11, S. 237, Anm. 107. 135 Wichtig: LOHNER (wie Anm. 132) S
/Users/programming/PycharmProjects/Find_Bibliography_NEw/data/azk_library/langmaier-konstantin-m__18.pdf;4;work;Tschudi (Aegidius/Gilg Tschudi, Chronicon Helveticum);\btschudi\b;2, Straßburg 1843, S. 155. Der Funfte war wohl nicht der Stadtschreiber (vgl. TSCHUDI [wie Anm. 3] Teil 11, S. 235, Anm. 107). Allerdings ist aus einer anderen Quelle
/Users/programming/PycharmProjects/Find_Bibliography_NEw/data/azk_library/langmaier-konstantin-m__18.pdf;4;work;Tschudi (Aegidius/Gilg Tschudi, Chronicon Helveticum);\btschudi\b;"prokonglichen Lager; Teilnehmer verschiedener Kronungsfahrten. Vgl. die Anmerkungen in: TSCHUDI (wie Anm. 3) Teil 10, S. 331 f. (dort weiterfuhrende Angaben). Vgl. auch: Christian"
/Users/programming/PycharmProjects/Find_Bibliography_NEw/data/azk_library/langmaier-konstantin-m__18.pdf;4;work;Tschudi (Aegidius/Gilg Tschudi, Chronicon Helveticum);\btschudi\b;"Edlibach’s Chronik (wie Anm. 46) S. 44; Hans Frund Chronik (wie Anm. 146) S. 171ff.; TSCHUDI (wie Anm. 3) Teil 11, S. 223 ff.; NIEDERSTATTER (wie Anm. 17) S. 251 ff. 205"
/Users/programming/PycharmProjects/Find_Bibliography_NEw/data/azk_library/langmaier-konstantin-m__18.pdf;4;work;Tschudi (Aegidius/Gilg Tschudi, Chronicon Helveticum);\btschudi\b;"h. Schweigers Vater (vgl. URZ, Bd. 6, Nr. 9015 bzw. Anm. 248). 252 Vgl. u. a. TSCHUDI (wie Anm. 3) Teil 10, S. 57; Teil 11, S. 224; URZ, Bd. 6, Nr. 7785, 7819, 8061"
/Users/programming/PycharmProjects/Find_Bibliography_NEw/data/azk_library/langmaier-konstantin-m__18.pdf;4;work;Tschudi (Aegidius/Gilg Tschudi, Chronicon Helveticum);\btschudi\b;"553, 686; URZ, Bd. 7, Nr. 9235, 9754, 10039, 10174, 10203, 10358 (identisch?); TSCHUDI (wie Anm. 3) Teil 11, S. 54*. 294 =Aufwiegler, hier wohl im Sinne von „Kriegsschreier"
/Users/programming/PycharmProjects/Find_Bibliography_NEw/data/azk_library/langmaier-konstantin-m__18.pdf;4;work;Tschudi (Aegidius/Gilg Tschudi, Chronicon Helveticum);\btschudi\b;Schweizerisches Idiotikon, Bd. 2 (1885) Sp. 1281. Zum Tag von Baden vgl. Anm. 413 bzw. TSCHUDI (wie Anm. 3) Teil 11, S. 226. 327 =geschehe, vgl. Schweizerisches Idiotikon
/Users/programming/PycharmProjects/Find_Bibliography_NEw/data/azk_library/langmaier-konstantin-m__18.pdf;4;work;Tschudi (Aegidius/Gilg Tschudi, Chronicon Helveticum);\btschudi\b;gegen die Eidgenossen. 352 Namlich im Hollenfeuer, vgl. die Interpretation bei: TSCHUDI (wie Anm. 3) Teil 10, S. 332. 353 Vgl. Anm. 275. 354 =in der Quere, vgl. GRIMM
/Users/programming/PycharmProjects/Find_Bibliography_NEw/data/azk_library/langmaier-konstantin-m__18.pdf;4;work;Tschudi (Aegidius/Gilg Tschudi, Chronicon Helveticum);\btschudi\b;Anspielung auf Warnungen des Feindes durch Brunner und seine Mitverschworer: TSCHUDI (wie Anm. 3) Teil 11, S. 109 f. 372 =anzuhoren, verhoren, vgl. Schweizerisches
/Users/programming/PycharmProjects/Find_Bibliography_NEw/data/azk_library/langmaier-konstantin-m__18.pdf;4;work;Tschudi (Aegidius/Gilg Tschudi, Chronicon Helveticum);\btschudi\b;"verbessern; vgl. GRIMM, Bd. 2, Sp. 256. e 385 =U lman Trinkler; ein Beiname; vgl. TSCHUDI (wie Anm. 3) Teil 11, S. 233. (Trinklers Erben befanden sich 1444 mit 4.200"
/Users/programming/PycharmProjects/Find_Bibliography_NEw/data/azk_library/langmaier-konstantin-m__18.pdf;4;work;Tschudi (Aegidius/Gilg Tschudi, Chronicon Helveticum);\btschudi\b;"auf dem Tag zu Baden prasent gewesen. Vgl. NIEDERSTATTER (wie Anm. 17) S. 252; TSCHUDI (wie Anm. 3) Teil 11, S. 227 f. (mit weiterfuhrenden Hinweisen); vgl. am Rande"
/Users/programming/PycharmProjects/Find_Bibliography_NEw/data/azk_library/langmaier-konstantin-m__18.pdf;4;work;Tschudi (Aegidius/Gilg Tschudi, Chronicon Helveticum);\btschudi\b;Bd. 4 (1901) Sp. 1604. 458 Vgl. Anm. 206. 459 =Hans Iberg, Vogt zu Baden, vgl. TSCHUDI (wie Anm. 3) Teil 11, S. 140 f. u. 236. 460 =Ehrenwort, vgl. Schweizerisches
/Users/programming/PycharmProjects/Find_Bibliography_NEw/data/azk_library/langmaier-konstantin-m__18.pdf;4;work;Tschudi (Aegidius/Gilg Tschudi, Chronicon Helveticum);\btschudi\b;"unklar, ob damit der Vater des Effinger gemeint ist oder der des Boten, vgl. TSCHUDI (wie Anm. 3) Teil 11, S. 236; moglicherweise ein Sohn des oben genannten Hans"
/Users/programming/PycharmProjects/Find_Bibliography_NEw/data/azk_library/langmaier-konstantin-m__18.pdf;4;work;Tschudi (Aegidius/Gilg Tschudi, Chronicon Helveticum);\btschudi\b;"STARK (wie Anm. 118) S. 7–52; CURSCHELLAS (wie Anm. 118) S. 1–144. 535 Vgl. TSCHUDI (wie Anm. 3) Teil 11, S. 226 f. 536 =es ware zu befurchten, vgl. Schweizerisches"
/Users/programming/PycharmProjects/Find_Bibliography_NEw/data/azk_library/langmaier-konstantin-m__18.pdf;4;work;Tschudi (Aegidius/Gilg Tschudi, Chronicon Helveticum);chronicon\s+helveticum;vergleichbar mit Johannes Aventin), vgl. im Folgenden: Aegidius TSCHUDI, Chronicon Helveticum, Teil 10 u. 11, bearb. von Bernhard STETTLER (Quellen zur Schweizer Geschichte
/Users/programming/PycharmProjects/Find_Bibliography_NEw/data/azk_library/langmaier-konstantin-m__18.pdf;4;work;Tschudi (Aegidius/Gilg Tschudi, Chronicon Helveticum);chronicon\s+helveticum;Rezeption politischer Lyrik im 15. und 16. Jahrhundert. Die Lieder im Chronicon Helveticum von Aegidius Tschudi (Goppinger Arbeiten zur Germanistik, Nr. 405), Goppingen
/Users/programming/PycharmProjects/Find_Bibliography_NEw/data/azk_library/langmaier-konstantin-m__18.pdf;4;work;Tschudi (Aegidius/Gilg Tschudi, Chronicon Helveticum);chronicon\s+helveticum;"60), Basel 1976, S. 658 ff. (betrifft Schmahungen); Aegidius TSCHUDI, Chronicon Helveticum, Hilfsmittel, 1. Teil, Verzeichnis der Dokumente, Verzeichnis der Lieder"
/Users/programming/PycharmProjects/Find_Bibliography_NEw/data/azk_library/langmaier-konstantin-m__18.pdf;4;work;Brennwald (Heinrich/Johannes Brennwald, Schweizerchronik);heinrich\s+brennwald;"vor den Augen der eidgenossischen Gesandten in den Wellenberg gefuhrt); Heinrich Brennwalds Schweizerchronik, Bd. 2, hg. von Rudolf LUGINBUHL (Quellen zur Schweizer"
/Users/programming/PycharmProjects/Find_Bibliography_NEw/data/azk_library/langmaier-konstantin-m__18.pdf;4;work;Bullinger (Heinrich Bullinger, historiographische Werke);heinrich\s+bullinger;die, der henid159 in gefangnussii, hat er [...]iii160 [spaterer Vermerk Heinrich Bullingers161:] ze Ostern 1444 [fol. 1r] [Haupthand:] Item man sol nachgan und richten
/Users/programming/PycharmProjects/Find_Bibliography_NEw/data/azk_library/langmaier-konstantin-m__18.pdf;4;work;Bullinger (Heinrich Bullinger, historiographische Werke);heinrich\s+bullinger;diese mit den zeitublichen Mitteln „erfragt“ wurde. Vgl. Anm. 312. 161 Heinrich Bullinger (1504 –1575), Schweizer Reformator. 162 Uneinigkeit, vgl. Schweizerisches
/Users/programming/PycharmProjects/Find_Bibliography_NEw/data/azk_library/langmaier-konstantin-m__18.pdf;4;work;Bullinger (Heinrich Bullinger, historiographische Werke);\bbullinger\b;diese mit den zeitublichen Mitteln „erfragt“ wurde. Vgl. Anm. 312. 161 Heinrich Bullinger (1504 –1575), Schweizer Reformator. 162 Uneinigkeit, vgl. Schweizerisches Idiotikon
/Users/programming/PycharmProjects/Find_Bibliography_NEw/data/azk_library/langmaier-konstantin-m__18.pdf;4;work;Klingenberger/Rapperswiler Chronik (Eberhard Wüest, ed.);klingenberger\s+chronik;"Friedens 1443 beteiligt (gemeinsam mit dem Konstanzer Bischof); vgl. Die sog. Klingenberger Chronik des Eberhard Wust, Stadtschreiber von Rapperswil, bearb. von Bernhard"
/Users/programming/PycharmProjects/Find_Bibliography_NEw/data/azk_library/langmaier-konstantin-m__18.pdf;4;work;Berner Chronik (allgemein);\bberner\s+chronik\b;ussern woeltind ze rich und mechtig werden144. 138 Vgl. Benedicht TSCHACHTLAN, Berner Chronik bis zum Jahr 1470/71, bearb. von Pascal LADNER, in: Tschachtlans Bilderchronik
/Users/programming/PycharmProjects/Find_Bibliography_NEw/data/azk_library/langmaier-konstantin-m__18.pdf;4;work;Zürcher Stadtchronik (allgemein);chronik\s+der\s+stadt\s+z[üu]rich;auch die Angaben bei FREY (wie Anm. 87) S. 98, Anm. 16. Vgl. auch: Chronik der Stadt Zurich: mit Fortsetzungen, hg. von Johannes DIERAUER (Quellen zur Schweizer
/Users/programming/PycharmProjects/Find_Bibliography_NEw/data/azk_library/langmaier-konstantin-m__18.pdf;4;work;Hottinger (Johann Jakob Hottinger, Helvetische Kirchengeschichte);johann\s+jakob\s+hottinger;Geschichts- und Rechtsquellen, Bd. 40), Ostfildern 2008, S. 600 f. 115 Johann Jakob HOTTINGER, Zurichs inneres Leben wahrend der Dauer des alten Zurichkrieges, in
/Users/programming/PycharmProjects/Find_Bibliography_NEw/data/azk_library/langmaier-konstantin-m__18.pdf;4;work;Hottinger (Johann Jakob Hottinger, Helvetische Kirchengeschichte);\bhottinger\b;Geschichts- und Rechtsquellen, Bd. 40), Ostfildern 2008, S. 600 f. 115 Johann Jakob HOTTINGER, Zurichs inneres Leben wahrend der Dauer des alten Zurichkrieges, in: Schweizerisches
/Users/programming/PycharmProjects/Find_Bibliography_NEw/data/azk_library/langmaier-konstantin-m__18.pdf;5;work;Fründ (Hans Fründ);hans\s+fr[üu]nd;146 Gerold Edlibach’s Chronik (wie Anm. 46) S. 44. Vgl. auch: Die Chronik des Hans Frund, Landschreiber zu Schwytz, hg. von Christian Immanuel KIND, Chur 1875, S. 178
/Users/programming/PycharmProjects/Find_Bibliography_NEw/data/azk_library/langmaier-konstantin-m__18.pdf;5;work;Fründ (Hans Fründ);hans\s+fr[üu]nd;der Alte Zurichkrieg (1436 –1450) im Spiegel der Biographie von Landschreiber Hans Frund, in: Mitteilungen des historischen Vereins des Kantons Schwyz 98 (2006) S.
/Users/programming/PycharmProjects/Find_Bibliography_NEw/data/azk_library/langmaier-konstantin-m__18.pdf;5;work;Fründ (Hans Fründ);hans\s+fr[üu]nd;"zu Baden im Marz 1444). Vgl. Gerold Edlibach’s Chronik (wie Anm. 46) S. 44; Hans Frund Chronik (wie Anm. 146) S. 171ff.; TSCHUDI (wie Anm. 3) Teil 11, S. 223 ff."
/Users/programming/PycharmProjects/Find_Bibliography_NEw/data/azk_library/langmaier-konstantin-m__18.pdf;5;work;Fründ (Hans Fründ);hans\s+fr[üu]nd;"hg. von Claudia OPITZ u. a. (Clio Lucernensis, Bd. 2), Zurich 1993, S. 309; Hans Frund, Chronik (wie Anm. 146) S. 163 ff. 212 Vgl. Anm. 178. 213 Obst, vgl. Schweizerisches"
/Users/programming/PycharmProjects/Find_Bibliography_NEw/data/azk_library/langmaier-konstantin-m__18.pdf;5;work;Fründ (Hans Fründ);hans\s+fr[üu]nd;"Geschichte 1 (1873) S. 346 f. 222 Die Parole der prohabsburgischen Partei, vgl. Hans Frund, Chronik (wie Anm. 146) S. 93 f.; Joseph SEEMULLER, Friedrichs III. Aachener"
/Users/programming/PycharmProjects/Find_Bibliography_NEw/data/azk_library/langmaier-konstantin-m__18.pdf;5;work;Fründ (Hans Fründ);\bfr[üu]nds?\s+chronik;"Baden im Marz 1444). Vgl. Gerold Edlibach’s Chronik (wie Anm. 46) S. 44; Hans Frund Chronik (wie Anm. 146) S. 171ff.; TSCHUDI (wie Anm. 3) Teil 11, S. 223 ff.; NIEDERSTATTER"
/Users/programming/PycharmProjects/Find_Bibliography_NEw/data/azk_library/langmaier-konstantin-m__18.pdf;5;work;Fründ (Hans Fründ);\bfr[üu]nd\b;Gerold Edlibach’s Chronik (wie Anm. 46) S. 44. Vgl. auch: Die Chronik des Hans Frund, Landschreiber zu Schwytz, hg. von Christian Immanuel KIND, Chur 1875, S. 178
/Users/programming/PycharmProjects/Find_Bibliography_NEw/data/azk_library/langmaier-konstantin-m__18.pdf;5;work;Fründ (Hans Fründ);\bfr[üu]nd\b;Alte Zurichkrieg (1436 –1450) im Spiegel der Biographie von Landschreiber Hans Frund, in: Mitteilungen des historischen Vereins des Kantons Schwyz 98 (2006) S. 11
/Users/programming/PycharmProjects/Find_Bibliography_NEw/data/azk_library/langmaier-konstantin-m__18.pdf;5;work;Fründ (Hans Fründ);\bfr[üu]nd\b;"Baden im Marz 1444). Vgl. Gerold Edlibach’s Chronik (wie Anm. 46) S. 44; Hans Frund Chronik (wie Anm. 146) S. 171ff.; TSCHUDI (wie Anm. 3) Teil 11, S. 223 ff.; NIEDERSTATTER"
/Users/programming/PycharmProjects/Find_Bibliography_NEw/data/azk_library/langmaier-konstantin-m__18.pdf;5;work;Fründ (Hans Fründ);\bfr[üu]nd\b;"von Claudia OPITZ u. a. (Clio Lucernensis, Bd. 2), Zurich 1993, S. 309; Hans Frund, Chronik (wie Anm. 146) S. 163 ff. 212 Vgl. Anm. 178. 213 Obst, vgl. Schweizerisches"
/Users/programming/PycharmProjects/Find_Bibliography_NEw/data/azk_library/langmaier-konstantin-m__18.pdf;5;work;Fründ (Hans Fründ);\bfr[üu]nd\b;"Geschichte 1 (1873) S. 346 f. 222 Die Parole der prohabsburgischen Partei, vgl. Hans Frund, Chronik (wie Anm. 146) S. 93 f.; Joseph SEEMULLER, Friedrichs III. Aachener"
/Users/programming/PycharmProjects/Find_Bibliography_NEw/data/azk_library/langmaier-konstantin-m__18.pdf;5;work;Fründ (Hans Fründ);chronik\s+des\s+hans\s+fr[üu]nd;40] 146 Gerold Edlibach’s Chronik (wie Anm. 46) S. 44. Vgl. auch: Die Chronik des Hans Frund, Landschreiber zu Schwytz, hg. von Christian Immanuel KIND, Chur 1875
/Users/programming/PycharmProjects/Find_Bibliography_NEw/data/azk_library/langmaier-konstantin-m__18.pdf;5;work;Dacher (Gebhard/Gebhart Dacher, Konstanzer Chronik);(?:gebhard|gebhart)\s+dacher;und offentlichkeitswirksam kritisieren. 114 Vgl. Die „Konstanzer Chronik“ Gebhart Dachers: By des Byschoffs zyten volgiengen disz nachgeschriben ding vnd sachen
/Users/programming/PycharmProjects/Find_Bibliography_NEw/data/azk_library/langmaier-konstantin-m__18.pdf;5;work;Dacher (Gebhard/Gebhart Dacher, Konstanzer Chronik);\bkonstanzer\s+chronik\b;Partei unverhohlen und offentlichkeitswirksam kritisieren. 114 Vgl. Die „Konstanzer Chronik“ Gebhart Dachers: By des Byschoffs zyten volgiengen disz nachgeschriben
/Users/programming/PycharmProjects/Find_Bibliography_NEw/data/azk_library/langmaier-konstantin-m__18.pdf;5;work;Hemmerlin (Felix Hemmerlin/Malleolus);de\s+nobilitate\s+et\s+rusticitate;LANGMAIER, Felix Hemmerli und der Dialog uber den Adel und den Bauern (De nobilitate et rusticitate dialogus): Seine Bedeutung fur die Erforschung der Mentalitat des
/Users/programming/PycharmProjects/Find_Bibliography_NEw/data/azk_library/langmaier-konstantin-m__18.pdf;5;work;Hemmerlin (Felix Hemmerlin/Malleolus);de\s+nobilitate\s+et\s+rusticitate;in der Nahe wohnte Felix Hemmerli (L i n d e n 114), der in seinem De nobilitate et rusticitate dialogus (33. Kapitel) auf diese, den Ortskundigen sicherlich bekannten
/Users/programming/PycharmProjects/Find_Bibliography_NEw/data/azk_library/langmaier-konstantin-m__18.pdf;5;work;Tschachtlan (Benedikt Tschachtlan);\btschachtlan\b;befurchte, die ussern woeltind ze rich und mechtig werden144. 138 Vgl. Benedicht TSCHACHTLAN, Berner Chronik bis zum Jahr 1470/71, bearb. von Pascal LADNER, in: Tschachtlans
/Users/programming/PycharmProjects/Find_Bibliography_NEw/data/azk_library/langmaier-konstantin-m__18.pdf;5;work;Justinger (Konrad Justinger, Berner Chronik);(?:kon|con)rad\s+justinger;"70*, 72. 256 Zunftmeister der Zurcher Schiffsleute; vgl. Kathrin JOST, Konrad Justinger (ca. 1365 –1438): Chronist und Finanzmann in Berns grosser Zeit (VuF, Sonderbande"
/Users/programming/PycharmProjects/Find_Bibliography_NEw/data/azk_library/langmaier-konstantin-m__18.pdf;5;work;Justinger (Konrad Justinger, Berner Chronik);\bjustinger\b;"70*, 72. 256 Zunftmeister der Zurcher Schiffsleute; vgl. Kathrin JOST, Konrad Justinger (ca. 1365 –1438): Chronist und Finanzmann in Berns grosser Zeit (VuF, Sonderbande"
/Users/programming/PycharmProjects/Find_Bibliography_NEw/data/azk_library/langmaier-konstantin-m__18.pdf;5;work;Edlibach (Gerold Edlibach, Zürcher Chronik);gerold\s+edlibach;in: Krieg im Mittelalter, hg. von DEMS., Berlin 2001, S. 18 ff. 46 Vgl. Gerold Edlibach’s Chronik, hg. von Johann Martin USTERI (Mitteilungen der antiquarischen
/Users/programming/PycharmProjects/Find_Bibliography_NEw/data/azk_library/langmaier-konstantin-m__18.pdf;5;work;Edlibach (Gerold Edlibach, Zürcher Chronik);gerold\s+edlibach;wie Anm. 132] S. 348). 137 Ahnlich auch die spater entstandene Chronik des Gerold Edlibach (vgl. Gerold Edlibach’s Chronik [wie Anm. 46] S. 44: Item uff den balmabint
/Users/programming/PycharmProjects/Find_Bibliography_NEw/data/azk_library/langmaier-konstantin-m__18.pdf;5;work;Edlibach (Gerold Edlibach, Zürcher Chronik);gerold\s+edlibach;137 Ahnlich auch die spater entstandene Chronik des Gerold Edlibach (vgl. Gerold Edlibach’s Chronik [wie Anm. 46] S. 44: Item uff den balmabint wass meiss und zornlich
/Users/programming/PycharmProjects/Find_Bibliography_NEw/data/azk_library/langmaier-konstantin-m__18.pdf;5;work;Edlibach (Gerold Edlibach, Zürcher Chronik);gerold\s+edlibach;durfe gebrochen werden (gemeinsam mit den ubrigen vier Angeklagten) [40] 146 Gerold Edlibach’s Chronik (wie Anm. 46) S. 44. Vgl. auch: Die Chronik des Hans Frund, Landschreiber
/Users/programming/PycharmProjects/Find_Bibliography_NEw/data/azk_library/langmaier-konstantin-m__18.pdf;5;work;Edlibach (Gerold Edlibach, Zürcher Chronik);gerold\s+edlibach;Bd. 2), Basel 1910, S. 103 f. (keine zeitgenossische Chronik). 147 Vgl. Gerold Edlibach’s Chronik(wie Anm. 46) S. 44. 148 Vgl. Zentralbibliothek Zurich, Ms. A 75
/Users/programming/PycharmProjects/Find_Bibliography_NEw/data/azk_library/langmaier-konstantin-m__18.pdf;5;work;Edlibach (Gerold Edlibach, Zürcher Chronik);gerold\s+edlibach;"mit dem Feind vorwarf (u. a. auch auf dem Tag zu Baden im Marz 1444). Vgl. Gerold Edlibach’s Chronik (wie Anm. 46) S. 44; Hans Frund Chronik (wie Anm. 146) S. 171ff"
/Users/programming/PycharmProjects/Find_Bibliography_NEw/data/azk_library/langmaier-konstantin-m__18.pdf;5;work;Edlibach (Gerold Edlibach, Zürcher Chronik);\bedlibach\b;Krieg im Mittelalter, hg. von DEMS., Berlin 2001, S. 18 ff. 46 Vgl. Gerold Edlibach’s Chronik, hg. von Johann Martin USTERI (Mitteilungen der antiquarischen Gesellschaft
/Users/programming/PycharmProjects/Find_Bibliography_NEw/data/azk_library/langmaier-konstantin-m__18.pdf;5;work;Edlibach (Gerold Edlibach, Zürcher Chronik);\bedlibach\b;Anm. 132] S. 348). 137 Ahnlich auch die spater entstandene Chronik des Gerold Edlibach (vgl. Gerold Edlibach’s Chronik [wie Anm. 46] S. 44: Item uff den balmabint
/Users/programming/PycharmProjects/Find_Bibliography_NEw/data/azk_library/langmaier-konstantin-m__18.pdf;5;work;Edlibach (Gerold Edlibach, Zürcher Chronik);\bedlibach\b;Ahnlich auch die spater entstandene Chronik des Gerold Edlibach (vgl. Gerold Edlibach’s Chronik [wie Anm. 46] S. 44: Item uff den balmabint wass meiss und zornlich
/Users/programming/PycharmProjects/Find_Bibliography_NEw/data/azk_library/langmaier-konstantin-m__18.pdf;5;work;Edlibach (Gerold Edlibach, Zürcher Chronik);\bedlibach\b;der gemain147, geschont. Die Hinrichtung im April 1444 ist in der Chronik des Edlibach bildlich festgehalten148. Gegen Hans Brunner den Alteren sind 14 Aussagen verzeichnet
/Users/programming/PycharmProjects/Find_Bibliography_NEw/data/azk_library/langmaier-konstantin-m__18.pdf;5;work;Edlibach (Gerold Edlibach, Zürcher Chronik);\bedlibach\b;gebrochen werden (gemeinsam mit den ubrigen vier Angeklagten) [40] 146 Gerold Edlibach’s Chronik (wie Anm. 46) S. 44. Vgl. auch: Die Chronik des Hans Frund, Landschreiber
/Users/programming/PycharmProjects/Find_Bibliography_NEw/data/azk_library/langmaier-konstantin-m__18.pdf;5;work;Edlibach (Gerold Edlibach, Zürcher Chronik);\bedlibach\b;2), Basel 1910, S. 103 f. (keine zeitgenossische Chronik). 147 Vgl. Gerold Edlibach’s Chronik(wie Anm. 46) S. 44. 148 Vgl. Zentralbibliothek Zurich, Ms. A 75, fol
/Users/programming/PycharmProjects/Find_Bibliography_NEw/data/azk_library/langmaier-konstantin-m__18.pdf;5;work;Edlibach (Gerold Edlibach, Zürcher Chronik);\bedlibach\b;"dem Feind vorwarf (u. a. auch auf dem Tag zu Baden im Marz 1444). Vgl. Gerold Edlibach’s Chronik (wie Anm. 46) S. 44; Hans Frund Chronik (wie Anm. 146) S. 171ff.;"
/Users/programming/PycharmProjects/Find_Bibliography_NEw/data/azk_library/langmaier-konstantin-m__18.pdf;5;work;Edlibach (Gerold Edlibach, Zürcher Chronik);\bedlibach\b;581 Vgl. StAZ, B VI 215 f. 39r. Die bildliche Darstellung in der Chronik des Edlibach ist daher richtig. Dort werden nur Trinkler und Meisen hingerichtet, vgl. Zentralbibliothek
/Users/programming/PycharmProjects/Find_Bibliography_NEw/data/azk_library/langmaier-konstantin-m__18.pdf;5;work;Stumpf (Johannes Stumpf, Schweizerchronik);johannes\s+stumpf;descriptio, Balci descriptio Helvetiae, Fratris Felicis Fabri descriptio Sueviae, Johannes Stumpf, Reisebericht von 1544, hg. von Hermann ESCHER u. a. (Quellen zur Schweizer
/Users/programming/PycharmProjects/Find_Bibliography_NEw/data/azk_library/langmaier-konstantin-m__18.pdf;5;work;Tschudi (Aegidius/Gilg Tschudi, Chronicon Helveticum);aegidi(?:us)?\s+tschudi;"anders, weil das von Stettler grundlich kommentierte Monumentalwerk des Aegidius Tschudi ediert zur Verfugung steht (gest. 1572; vergleichbar mit Johannes Aventin"
/Users/programming/PycharmProjects/Find_Bibliography_NEw/data/azk_library/langmaier-konstantin-m__18.pdf;5;work;Tschudi (Aegidius/Gilg Tschudi, Chronicon Helveticum);aegidi(?:us)?\s+tschudi;"steht (gest. 1572; vergleichbar mit Johannes Aventin), vgl. im Folgenden: Aegidius TSCHUDI, Chronicon Helveticum, Teil 10 u. 11, bearb. von Bernhard STETTLER (Quellen"
/Users/programming/PycharmProjects/Find_Bibliography_NEw/data/azk_library/langmaier-konstantin-m__18.pdf;5;work;Tschudi (Aegidius/Gilg Tschudi, Chronicon Helveticum);aegidi(?:us)?\s+tschudi;des Konflikts und seinen tieferen Ursachen unterschieden werden muss, vgl. Aegidius TSCHUDI (wie Anm. 3) Teil 10, S. 10. 48 Zu dem inflationar benutzten Begriff vgl
/Users/programming/PycharmProjects/Find_Bibliography_NEw/data/azk_library/langmaier-konstantin-m__18.pdf;5;work;Tschudi (Aegidius/Gilg Tschudi, Chronicon Helveticum);aegidi(?:us)?\s+tschudi;Lyrik im 15. und 16. Jahrhundert. Die Lieder im Chronicon Helveticum von Aegidius Tschudi (Goppinger Arbeiten zur Germanistik, Nr. 405), Goppingen 1986, S. 40 f.
/Users/programming/PycharmProjects/Find_Bibliography_NEw/data/azk_library/langmaier-konstantin-m__18.pdf;5;work;Tschudi (Aegidius/Gilg Tschudi, Chronicon Helveticum);aegidi(?:us)?\s+tschudi;"fur Volkskunde, Bd. 60), Basel 1976, S. 658 ff. (betrifft Schmahungen); Aegidius TSCHUDI, Chronicon Helveticum, Hilfsmittel, 1. Teil, Verzeichnis der Dokumente,"
/Users/programming/PycharmProjects/Find_Bibliography_NEw/data/azk_library/langmaier-konstantin-m__18.pdf;5;work;Tschudi (Aegidius/Gilg Tschudi, Chronicon Helveticum);\btschudi\b;"anders, weil das von Stettler grundlich kommentierte Monumentalwerk des Aegidius Tschudi ediert zur Verfugung steht (gest. 1572; vergleichbar mit Johannes Aventin),"
/Users/programming/PycharmProjects/Find_Bibliography_NEw/data/azk_library/langmaier-konstantin-m__18.pdf;5;work;Tschudi (Aegidius/Gilg Tschudi, Chronicon Helveticum);\btschudi\b;"(gest. 1572; vergleichbar mit Johannes Aventin), vgl. im Folgenden: Aegidius TSCHUDI, Chronicon Helveticum, Teil 10 u. 11, bearb. von Bernhard STETTLER (Quellen"
/Users/programming/PycharmProjects/Find_Bibliography_NEw/data/azk_library/langmaier-konstantin-m__18.pdf;5;work;Tschudi (Aegidius/Gilg Tschudi, Chronicon Helveticum);\btschudi\b;unterschiedlichen rechtlichen Standpunkt der Parteien vgl. die differenzierte Analyse bei: TSCHUDI (wie Anm. 3) Teil 10, S. 10* ff. 17 Wichtig: Otto SIGG, Spatmittelalterliche
/Users/programming/PycharmProjects/Find_Bibliography_NEw/data/azk_library/langmaier-konstantin-m__18.pdf;5;work;Tschudi (Aegidius/Gilg Tschudi, Chronicon Helveticum);\btschudi\b;Konflikts und seinen tieferen Ursachen unterschieden werden muss, vgl. Aegidius TSCHUDI (wie Anm. 3) Teil 10, S. 10. 48 Zu dem inflationar benutzten Begriff vgl. u
/Users/programming/PycharmProjects/Find_Bibliography_NEw/data/azk_library/langmaier-konstantin-m__18.pdf;5;work;Tschudi (Aegidius/Gilg Tschudi, Chronicon Helveticum);\btschudi\b;"ein gewisser Huphan, aus Glarus stammte. Vgl. StA Zurich, B VI 215, fol. 38rv; TSCHUDI (wie Anm. 3) Teil 11, S. 236. 59 GILOMEN (wie Anm. 22) S. 339. 60 Ebd., S. 340"
/Users/programming/PycharmProjects/Find_Bibliography_NEw/data/azk_library/langmaier-konstantin-m__18.pdf;5;work;Tschudi (Aegidius/Gilg Tschudi, Chronicon Helveticum);\btschudi\b;"13), Bern u. a. 1998, S. 34 ff.; NIEDER- STATTER (wie Anm. 17) S. 103 f. 80 TSCHUDI (wie Anm. 3) Teil 11, S. 174 ff.; Beate RATTAY, Entstehung und Rezeption politischer"
/Users/programming/PycharmProjects/Find_Bibliography_NEw/data/azk_library/langmaier-konstantin-m__18.pdf;5;work;Tschudi (Aegidius/Gilg Tschudi, Chronicon Helveticum);\btschudi\b;"Lyrik im 15. und 16. Jahrhundert. Die Lieder im Chronicon Helveticum von Aegidius Tschudi (Goppinger Arbeiten zur Germanistik, Nr. 405), Goppingen 1986, S. 40 f.; Leo"
/Users/programming/PycharmProjects/Find_Bibliography_NEw/data/azk_library/langmaier-konstantin-m__18.pdf;5;work;Tschudi (Aegidius/Gilg Tschudi, Chronicon Helveticum);\btschudi\b;"Volkskunde, Bd. 60), Basel 1976, S. 658 ff. (betrifft Schmahungen); Aegidius TSCHUDI, Chronicon Helveticum, Hilfsmittel, 1. Teil, Verzeichnis der Dokumente, Verzeichnis"
/Users/programming/PycharmProjects/Find_Bibliography_NEw/data/azk_library/langmaier-konstantin-m__18.pdf;5;work;Tschudi (Aegidius/Gilg Tschudi, Chronicon Helveticum);\btschudi\b;"(Neujahrsblatt der Stadtbibliothek Zurich, Nr. 257), Zurich 1901, S. 19 ff.; TSCHUDI (wie Anm. 3) Teil 11, S. 31* f.; SCHLUER (wie Anm. 19) S. 128; Die Vertreter"
/Users/programming/PycharmProjects/Find_Bibliography_NEw/data/azk_library/langmaier-konstantin-m__18.pdf;5;work;Tschudi (Aegidius/Gilg Tschudi, Chronicon Helveticum);\btschudi\b;das Verzeichnis bei: FREY, Fromme feste Junker (wie Anm. 28) S. 45. 92 Vgl. TSCHUDI (wie Anm. 3) Teil 11, S. 27*– 30*. 93 Hans SCHULTHESS, Die Zunft zur Saffran
/Users/programming/PycharmProjects/Find_Bibliography_NEw/data/azk_library/langmaier-konstantin-m__18.pdf;5;work;Tschudi (Aegidius/Gilg Tschudi, Chronicon Helveticum);\btschudi\b;"Struktur 1336 –1866, in: Zurcher Taschenbuch, N.F., 57 [auf das Jahr] 1937, S. 12; TSCHUDI (wie Anm. 3) Teil 11, Terror in der Stadt? 85 zweite Reihe“ zuruckdrangte94"
/Users/programming/PycharmProjects/Find_Bibliography_NEw/data/azk_library/langmaier-konstantin-m__18.pdf;5;work;Tschudi (Aegidius/Gilg Tschudi, Chronicon Helveticum);\btschudi\b;"r Geschichte 18 (1968) S. 432 ff. 95 Vgl. NIEDERSTATTER (wie Anm. 17) S. 144; TSCHUDI (wie Anm. 3) Teil 11, S. 31*. Heinrich Schwend war fur zwei Jahre als habsburgischer"
/Users/programming/PycharmProjects/Find_Bibliography_NEw/data/azk_library/langmaier-konstantin-m__18.pdf;5;work;Tschudi (Aegidius/Gilg Tschudi, Chronicon Helveticum);\btschudi\b;Schwend war fur zwei Jahre als habsburgischer Vogt von Kyburg eingesetzt worden. 96 TSCHUDI (wie Anm. 3) Teil 11, S. 53*. U. a. Gotz Escher und Paul Goldli ruckten fur
/Users/programming/PycharmProjects/Find_Bibliography_NEw/data/azk_library/langmaier-konstantin-m__18.pdf;5;work;Tschudi (Aegidius/Gilg Tschudi, Chronicon Helveticum);\btschudi\b;"100) S. 414. Vgl. in diesem Zusammenhang auch die Anmerkungen von Stettler; TSCHUDI (wie Anm. 3) Teil 11, S. 54*. 86 Konstantin Moritz Langmaier ist102. In hohem"
/Users/programming/PycharmProjects/Find_Bibliography_NEw/data/azk_library/langmaier-konstantin-m__18.pdf;5;work;Tschudi (Aegidius/Gilg Tschudi, Chronicon Helveticum);\btschudi\b;historische Wissenschaften 2 (1838) S. 124 –154 u. 351– 370, hier S. 133 ff. 116 TSCHUDI (wie Anm. 3) Teil 10, S. 339, Anm. 134 (ohne Quellenangabe). 117 StA Zurich
/Users/programming/PycharmProjects/Find_Bibliography_NEw/data/azk_library/langmaier-konstantin-m__18.pdf;5;work;Tschudi (Aegidius/Gilg Tschudi, Chronicon Helveticum);\btschudi\b;Der Schweizerische Geschichtsforscher 6 (1827) S. 349. 133 Vgl. Anm. 413. 134 TSCHUDI (wie Anm. 3) Teil 11, S. 237, Anm. 107. 135 Wichtig: LOHNER (wie Anm. 132) S
/Users/programming/PycharmProjects/Find_Bibliography_NEw/data/azk_library/langmaier-konstantin-m__18.pdf;5;work;Tschudi (Aegidius/Gilg Tschudi, Chronicon Helveticum);\btschudi\b;2, Straßburg 1843, S. 155. Der Funfte war wohl nicht der Stadtschreiber (vgl. TSCHUDI [wie Anm. 3] Teil 11, S. 235, Anm. 107). Allerdings ist aus einer anderen Quelle
/Users/programming/PycharmProjects/Find_Bibliography_NEw/data/azk_library/langmaier-konstantin-m__18.pdf;5;work;Tschudi (Aegidius/Gilg Tschudi, Chronicon Helveticum);\btschudi\b;"prokonglichen Lager; Teilnehmer verschiedener Kronungsfahrten. Vgl. die Anmerkungen in: TSCHUDI (wie Anm. 3) Teil 10, S. 331 f. (dort weiterfuhrende Angaben). Vgl. auch: Christian"
/Users/programming/PycharmProjects/Find_Bibliography_NEw/data/azk_library/langmaier-konstantin-m__18.pdf;5;work;Tschudi (Aegidius/Gilg Tschudi, Chronicon Helveticum);\btschudi\b;"Edlibach’s Chronik (wie Anm. 46) S. 44; Hans Frund Chronik (wie Anm. 146) S. 171ff.; TSCHUDI (wie Anm. 3) Teil 11, S. 223 ff.; NIEDERSTATTER (wie Anm. 17) S. 251 ff. 205"
/Users/programming/PycharmProjects/Find_Bibliography_NEw/data/azk_library/langmaier-konstantin-m__18.pdf;5;work;Tschudi (Aegidius/Gilg Tschudi, Chronicon Helveticum);\btschudi\b;"h. Schweigers Vater (vgl. URZ, Bd. 6, Nr. 9015 bzw. Anm. 248). 252 Vgl. u. a. TSCHUDI (wie Anm. 3) Teil 10, S. 57; Teil 11, S. 224; URZ, Bd. 6, Nr. 7785, 7819, 8061"
/Users/programming/PycharmProjects/Find_Bibliography_NEw/data/azk_library/langmaier-konstantin-m__18.pdf;5;work;Tschudi (Aegidius/Gilg Tschudi, Chronicon Helveticum);\btschudi\b;"553, 686; URZ, Bd. 7, Nr. 9235, 9754, 10039, 10174, 10203, 10358 (identisch?); TSCHUDI (wie Anm. 3) Teil 11, S. 54*. 294 =Aufwiegler, hier wohl im Sinne von „Kriegsschreier"
/Users/programming/PycharmProjects/Find_Bibliography_NEw/data/azk_library/langmaier-konstantin-m__18.pdf;5;work;Tschudi (Aegidius/Gilg Tschudi, Chronicon Helveticum);\btschudi\b;Schweizerisches Idiotikon, Bd. 2 (1885) Sp. 1281. Zum Tag von Baden vgl. Anm. 413 bzw. TSCHUDI (wie Anm. 3) Teil 11, S. 226. 327 =geschehe, vgl. Schweizerisches Idiotikon
/Users/programming/PycharmProjects/Find_Bibliography_NEw/data/azk_library/langmaier-konstantin-m__18.pdf;5;work;Tschudi (Aegidius/Gilg Tschudi, Chronicon Helveticum);\btschudi\b;gegen die Eidgenossen. 352 Namlich im Hollenfeuer, vgl. die Interpretation bei: TSCHUDI (wie Anm. 3) Teil 10, S. 332. 353 Vgl. Anm. 275. 354 =in der Quere, vgl. GRIMM
/Users/programming/PycharmProjects/Find_Bibliography_NEw/data/azk_library/langmaier-konstantin-m__18.pdf;5;work;Tschudi (Aegidius/Gilg Tschudi, Chronicon Helveticum);\btschudi\b;Anspielung auf Warnungen des Feindes durch Brunner und seine Mitverschworer: TSCHUDI (wie Anm. 3) Teil 11, S. 109 f. 372 =anzuhoren, verhoren, vgl. Schweizerisches
/Users/programming/PycharmProjects/Find_Bibliography_NEw/data/azk_library/langmaier-konstantin-m__18.pdf;5;work;Tschudi (Aegidius/Gilg Tschudi, Chronicon Helveticum);\btschudi\b;"verbessern; vgl. GRIMM, Bd. 2, Sp. 256. e 385 =U lman Trinkler; ein Beiname; vgl. TSCHUDI (wie Anm. 3) Teil 11, S. 233. (Trinklers Erben befanden sich 1444 mit 4.200"
/Users/programming/PycharmProjects/Find_Bibliography_NEw/data/azk_library/langmaier-konstantin-m__18.pdf;5;work;Tschudi (Aegidius/Gilg Tschudi, Chronicon Helveticum);\btschudi\b;"auf dem Tag zu Baden prasent gewesen. Vgl. NIEDERSTATTER (wie Anm. 17) S. 252; TSCHUDI (wie Anm. 3) Teil 11, S. 227 f. (mit weiterfuhrenden Hinweisen); vgl. am Rande"
/Users/programming/PycharmProjects/Find_Bibliography_NEw/data/azk_library/langmaier-konstantin-m__18.pdf;5;work;Tschudi (Aegidius/Gilg Tschudi, Chronicon Helveticum);\btschudi\b;Bd. 4 (1901) Sp. 1604. 458 Vgl. Anm. 206. 459 =Hans Iberg, Vogt zu Baden, vgl. TSCHUDI (wie Anm. 3) Teil 11, S. 140 f. u. 236. 460 =Ehrenwort, vgl. Schweizerisches
/Users/programming/PycharmProjects/Find_Bibliography_NEw/data/azk_library/langmaier-konstantin-m__18.pdf;5;work;Tschudi (Aegidius/Gilg Tschudi, Chronicon Helveticum);\btschudi\b;"unklar, ob damit der Vater des Effinger gemeint ist oder der des Boten, vgl. TSCHUDI (wie Anm. 3) Teil 11, S. 236; moglicherweise ein Sohn des oben genannten Hans"
/Users/programming/PycharmProjects/Find_Bibliography_NEw/data/azk_library/langmaier-konstantin-m__18.pdf;5;work;Tschudi (Aegidius/Gilg Tschudi, Chronicon Helveticum);\btschudi\b;"STARK (wie Anm. 118) S. 7–52; CURSCHELLAS (wie Anm. 118) S. 1–144. 535 Vgl. TSCHUDI (wie Anm. 3) Teil 11, S. 226 f. 536 =es ware zu befurchten, vgl. Schweizerisches"
/Users/programming/PycharmProjects/Find_Bibliography_NEw/data/azk_library/langmaier-konstantin-m__18.pdf;5;work;Tschudi (Aegidius/Gilg Tschudi, Chronicon Helveticum);chronicon\s+helveticum;vergleichbar mit Johannes Aventin), vgl. im Folgenden: Aegidius TSCHUDI, Chronicon Helveticum, Teil 10 u. 11, bearb. von Bernhard STETTLER (Quellen zur Schweizer Geschichte
/Users/programming/PycharmProjects/Find_Bibliography_NEw/data/azk_library/langmaier-konstantin-m__18.pdf;5;work;Tschudi (Aegidius/Gilg Tschudi, Chronicon Helveticum);chronicon\s+helveticum;Rezeption politischer Lyrik im 15. und 16. Jahrhundert. Die Lieder im Chronicon Helveticum von Aegidius Tschudi (Goppinger Arbeiten zur Germanistik, Nr. 405), Goppingen
/Users/programming/PycharmProjects/Find_Bibliography_NEw/data/azk_library/langmaier-konstantin-m__18.pdf;5;work;Tschudi (Aegidius/Gilg Tschudi, Chronicon Helveticum);chronicon\s+helveticum;"60), Basel 1976, S. 658 ff. (betrifft Schmahungen); Aegidius TSCHUDI, Chronicon Helveticum, Hilfsmittel, 1. Teil, Verzeichnis der Dokumente, Verzeichnis der Lieder"
/Users/programming/PycharmProjects/Find_Bibliography_NEw/data/azk_library/langmaier-konstantin-m__18.pdf;5;work;Brennwald (Heinrich/Johannes Brennwald, Schweizerchronik);heinrich\s+brennwald;"vor den Augen der eidgenossischen Gesandten in den Wellenberg gefuhrt); Heinrich Brennwalds Schweizerchronik, Bd. 2, hg. von Rudolf LUGINBUHL (Quellen zur Schweizer"
/Users/programming/PycharmProjects/Find_Bibliography_NEw/data/azk_library/langmaier-konstantin-m__18.pdf;5;work;Bullinger (Heinrich Bullinger, historiographische Werke);heinrich\s+bullinger;die, der henid159 in gefangnussii, hat er [...]iii160 [spaterer Vermerk Heinrich Bullingers161:] ze Ostern 1444 [fol. 1r] [Haupthand:] Item man sol nachgan und richten
/Users/programming/PycharmProjects/Find_Bibliography_NEw/data/azk_library/langmaier-konstantin-m__18.pdf;5;work;Bullinger (Heinrich Bullinger, historiographische Werke);heinrich\s+bullinger;diese mit den zeitublichen Mitteln „erfragt“ wurde. Vgl. Anm. 312. 161 Heinrich Bullinger (1504 –1575), Schweizer Reformator. 162 Uneinigkeit, vgl. Schweizerisches
/Users/programming/PycharmProjects/Find_Bibliography_NEw/data/azk_library/langmaier-konstantin-m__18.pdf;5;work;Bullinger (Heinrich Bullinger, historiographische Werke);\bbullinger\b;diese mit den zeitublichen Mitteln „erfragt“ wurde. Vgl. Anm. 312. 161 Heinrich Bullinger (1504 –1575), Schweizer Reformator. 162 Uneinigkeit, vgl. Schweizerisches Idiotikon
/Users/programming/PycharmProjects/Find_Bibliography_NEw/data/azk_library/langmaier-konstantin-m__18.pdf;5;work;Klingenberger/Rapperswiler Chronik (Eberhard Wüest, ed.);klingenberger\s+chronik;"Friedens 1443 beteiligt (gemeinsam mit dem Konstanzer Bischof); vgl. Die sog. Klingenberger Chronik des Eberhard Wust, Stadtschreiber von Rapperswil, bearb. von Bernhard"
/Users/programming/PycharmProjects/Find_Bibliography_NEw/data/azk_library/langmaier-konstantin-m__18.pdf;5;work;Berner Chronik (allgemein);\bberner\s+chronik\b;ussern woeltind ze rich und mechtig werden144. 138 Vgl. Benedicht TSCHACHTLAN, Berner Chronik bis zum Jahr 1470/71, bearb. von Pascal LADNER, in: Tschachtlans Bilderchronik
/Users/programming/PycharmProjects/Find_Bibliography_NEw/data/azk_library/langmaier-konstantin-m__18.pdf;5;work;Zürcher Stadtchronik (allgemein);chronik\s+der\s+stadt\s+z[üu]rich;auch die Angaben bei FREY (wie Anm. 87) S. 98, Anm. 16. Vgl. auch: Chronik der Stadt Zurich: mit Fortsetzungen, hg. von Johannes DIERAUER (Quellen zur Schweizer
/Users/programming/PycharmProjects/Find_Bibliography_NEw/data/azk_library/langmaier-konstantin-m__18.pdf;5;work;Hottinger (Johann Jakob Hottinger, Helvetische Kirchengeschichte);johann\s+jakob\s+hottinger;Geschichts- und Rechtsquellen, Bd. 40), Ostfildern 2008, S. 600 f. 115 Johann Jakob HOTTINGER, Zurichs inneres Leben wahrend der Dauer des alten Zurichkrieges, in
/Users/programming/PycharmProjects/Find_Bibliography_NEw/data/azk_library/langmaier-konstantin-m__18.pdf;5;work;Hottinger (Johann Jakob Hottinger, Helvetische Kirchengeschichte);\bhottinger\b;Geschichts- und Rechtsquellen, Bd. 40), Ostfildern 2008, S. 600 f. 115 Johann Jakob HOTTINGER, Zurichs inneres Leben wahrend der Dauer des alten Zurichkrieges, in: Schweizerisches
/Users/programming/PycharmProjects/Find_Bibliography_NEw/data/azk_library/langmaier-konstantin-m__18.pdf;7;work;Tschudi (Aegidius/Gilg Tschudi, Chronicon Helveticum);aegidi(?:us)?\s+tschudi;"anders, weil das von Stettler grundlich kommentierte Monumentalwerk des Aegidius Tschudi ediert zur Verfugung steht (gest. 1572; vergleichbar mit Johannes Aventin"
/Users/programming/PycharmProjects/Find_Bibliography_NEw/data/azk_library/langmaier-konstantin-m__18.pdf;7;work;Tschudi (Aegidius/Gilg Tschudi, Chronicon Helveticum);aegidi(?:us)?\s+tschudi;"steht (gest. 1572; vergleichbar mit Johannes Aventin), vgl. im Folgenden: Aegidius TSCHUDI, Chronicon Helveticum, Teil 10 u. 11, bearb. von Bernhard STETTLER (Quellen"
/Users/programming/PycharmProjects/Find_Bibliography_NEw/data/azk_library/langmaier-konstantin-m__18.pdf;7;work;Tschudi (Aegidius/Gilg Tschudi, Chronicon Helveticum);\btschudi\b;"anders, weil das von Stettler grundlich kommentierte Monumentalwerk des Aegidius Tschudi ediert zur Verfugung steht (gest. 1572; vergleichbar mit Johannes Aventin),"
/Users/programming/PycharmProjects/Find_Bibliography_NEw/data/azk_library/langmaier-konstantin-m__18.pdf;7;work;Tschudi (Aegidius/Gilg Tschudi, Chronicon Helveticum);\btschudi\b;"(gest. 1572; vergleichbar mit Johannes Aventin), vgl. im Folgenden: Aegidius TSCHUDI, Chronicon Helveticum, Teil 10 u. 11, bearb. von Bernhard STETTLER (Quellen"
/Users/programming/PycharmProjects/Find_Bibliography_NEw/data/azk_library/langmaier-konstantin-m__18.pdf;7;work;Tschudi (Aegidius/Gilg Tschudi, Chronicon Helveticum);chronicon\s+helveticum;vergleichbar mit Johannes Aventin), vgl. im Folgenden: Aegidius TSCHUDI, Chronicon Helveticum, Teil 10 u. 11, bearb. von Bernhard STETTLER (Quellen zur Schweizer Geschichte
/Users/programming/PycharmProjects/Find_Bibliography_NEw/data/azk_library/langmaier-konstantin-m__18.pdf;9;work;Hemmerlin (Felix Hemmerlin/Malleolus);de\s+nobilitate\s+et\s+rusticitate;LANGMAIER, Felix Hemmerli und der Dialog uber den Adel und den Bauern (De nobilitate et rusticitate dialogus): Seine Bedeutung fur die Erforschung der Mentalitat des
/Users/programming/PycharmProjects/Find_Bibliography_NEw/data/azk_library/langmaier-konstantin-m__18.pdf;10;work;Tschudi (Aegidius/Gilg Tschudi, Chronicon Helveticum);\btschudi\b;unterschiedlichen rechtlichen Standpunkt der Parteien vgl. die differenzierte Analyse bei: TSCHUDI (wie Anm. 3) Teil 10, S. 10* ff. 17 Wichtig: Otto SIGG, Spatmittelalterliche
/Users/programming/PycharmProjects/Find_Bibliography_NEw/data/azk_library/langmaier-konstantin-m__18.pdf;11;work;Stumpf (Johannes Stumpf, Schweizerchronik);johannes\s+stumpf;descriptio, Balci descriptio Helvetiae, Fratris Felicis Fabri descriptio Sueviae, Johannes Stumpf, Reisebericht von 1544, hg. von Hermann ESCHER u. a. (Quellen zur Schweizer
/Users/programming/PycharmProjects/Find_Bibliography_NEw/data/azk_library/langmaier-konstantin-m__18.pdf;14;work;Edlibach (Gerold Edlibach, Zürcher Chronik);gerold\s+edlibach;in: Krieg im Mittelalter, hg. von DEMS., Berlin 2001, S. 18 ff. 46 Vgl. Gerold Edlibach’s Chronik, hg. von Johann Martin USTERI (Mitteilungen der antiquarischen
/Users/programming/PycharmProjects/Find_Bibliography_NEw/data/azk_library/langmaier-konstantin-m__18.pdf;14;work;Edlibach (Gerold Edlibach, Zürcher Chronik);\bedlibach\b;Krieg im Mittelalter, hg. von DEMS., Berlin 2001, S. 18 ff. 46 Vgl. Gerold Edlibach’s Chronik, hg. von Johann Martin USTERI (Mitteilungen der antiquarischen Gesellschaft
/Users/programming/PycharmProjects/Find_Bibliography_NEw/data/azk_library/langmaier-konstantin-m__18.pdf;15;work;Tschudi (Aegidius/Gilg Tschudi, Chronicon Helveticum);aegidi(?:us)?\s+tschudi;des Konflikts und seinen tieferen Ursachen unterschieden werden muss, vgl. Aegidius TSCHUDI (wie Anm. 3) Teil 10, S. 10. 48 Zu dem inflationar benutzten Begriff vgl
/Users/programming/PycharmProjects/Find_Bibliography_NEw/data/azk_library/langmaier-konstantin-m__18.pdf;15;work;Tschudi (Aegidius/Gilg Tschudi, Chronicon Helveticum);\btschudi\b;Konflikts und seinen tieferen Ursachen unterschieden werden muss, vgl. Aegidius TSCHUDI (wie Anm. 3) Teil 10, S. 10. 48 Zu dem inflationar benutzten Begriff vgl. u
/Users/programming/PycharmProjects/Find_Bibliography_NEw/data/azk_library/langmaier-konstantin-m__18.pdf;17;work;Tschudi (Aegidius/Gilg Tschudi, Chronicon Helveticum);\btschudi\b;"ein gewisser Huphan, aus Glarus stammte. Vgl. StA Zurich, B VI 215, fol. 38rv; TSCHUDI (wie Anm. 3) Teil 11, S. 236. 59 GILOMEN (wie Anm. 22) S. 339. 60 Ebd., S. 340"
/Users/programming/PycharmProjects/Find_Bibliography_NEw/data/azk_library/langmaier-konstantin-m__18.pdf;20;work;Tschudi (Aegidius/Gilg Tschudi, Chronicon Helveticum);aegidi(?:us)?\s+tschudi;Lyrik im 15. und 16. Jahrhundert. Die Lieder im Chronicon Helveticum von Aegidius Tschudi (Goppinger Arbeiten zur Germanistik, Nr. 405), Goppingen 1986, S. 40 f.
/Users/programming/PycharmProjects/Find_Bibliography_NEw/data/azk_library/langmaier-konstantin-m__18.pdf;20;work;Tschudi (Aegidius/Gilg Tschudi, Chronicon Helveticum);aegidi(?:us)?\s+tschudi;"fur Volkskunde, Bd. 60), Basel 1976, S. 658 ff. (betrifft Schmahungen); Aegidius TSCHUDI, Chronicon Helveticum, Hilfsmittel, 1. Teil, Verzeichnis der Dokumente,"
/Users/programming/PycharmProjects/Find_Bibliography_NEw/data/azk_library/langmaier-konstantin-m__18.pdf;20;work;Tschudi (Aegidius/Gilg Tschudi, Chronicon Helveticum);\btschudi\b;"13), Bern u. a. 1998, S. 34 ff.; NIEDER- STATTER (wie Anm. 17) S. 103 f. 80 TSCHUDI (wie Anm. 3) Teil 11, S. 174 ff.; Beate RATTAY, Entstehung und Rezeption politischer"
/Users/programming/PycharmProjects/Find_Bibliography_NEw/data/azk_library/langmaier-konstantin-m__18.pdf;20;work;Tschudi (Aegidius/Gilg Tschudi, Chronicon Helveticum);\btschudi\b;"Lyrik im 15. und 16. Jahrhundert. Die Lieder im Chronicon Helveticum von Aegidius Tschudi (Goppinger Arbeiten zur Germanistik, Nr. 405), Goppingen 1986, S. 40 f.; Leo"
/Users/programming/PycharmProjects/Find_Bibliography_NEw/data/azk_library/langmaier-konstantin-m__18.pdf;20;work;Tschudi (Aegidius/Gilg Tschudi, Chronicon Helveticum);\btschudi\b;"Volkskunde, Bd. 60), Basel 1976, S. 658 ff. (betrifft Schmahungen); Aegidius TSCHUDI, Chronicon Helveticum, Hilfsmittel, 1. Teil, Verzeichnis der Dokumente, Verzeichnis"
/Users/programming/PycharmProjects/Find_Bibliography_NEw/data/azk_library/langmaier-konstantin-m__18.pdf;20;work;Tschudi (Aegidius/Gilg Tschudi, Chronicon Helveticum);chronicon\s+helveticum;Rezeption politischer Lyrik im 15. und 16. Jahrhundert. Die Lieder im Chronicon Helveticum von Aegidius Tschudi (Goppinger Arbeiten zur Germanistik, Nr. 405), Goppingen
/Users/programming/PycharmProjects/Find_Bibliography_NEw/data/azk_library/langmaier-konstantin-m__18.pdf;20;work;Tschudi (Aegidius/Gilg Tschudi, Chronicon Helveticum);chronicon\s+helveticum;"60), Basel 1976, S. 658 ff. (betrifft Schmahungen); Aegidius TSCHUDI, Chronicon Helveticum, Hilfsmittel, 1. Teil, Verzeichnis der Dokumente, Verzeichnis der Lieder"
/Users/programming/PycharmProjects/Find_Bibliography_NEw/data/azk_library/langmaier-konstantin-m__18.pdf;23;work;Tschudi (Aegidius/Gilg Tschudi, Chronicon Helveticum);\btschudi\b;"(Neujahrsblatt der Stadtbibliothek Zurich, Nr. 257), Zurich 1901, S. 19 ff.; TSCHUDI (wie Anm. 3) Teil 11, S. 31* f.; SCHLUER (wie Anm. 19) S. 128; Die Vertreter"
/Users/programming/PycharmProjects/Find_Bibliography_NEw/data/azk_library/langmaier-konstantin-m__18.pdf;23;work;Tschudi (Aegidius/Gilg Tschudi, Chronicon Helveticum);\btschudi\b;das Verzeichnis bei: FREY, Fromme feste Junker (wie Anm. 28) S. 45. 92 Vgl. TSCHUDI (wie Anm. 3) Teil 11, S. 27*–30*. 93 Hans SCHULTHESS, Die Zunft zur Saffran
/Users/programming/PycharmProjects/Find_Bibliography_NEw/data/azk_library/langmaier-konstantin-m__18.pdf;23;work;Tschudi (Aegidius/Gilg Tschudi, Chronicon Helveticum);\btschudi\b;"Struktur 1336–1866, in: Zurcher Taschenbuch, N.F., 57 [auf das Jahr] 1937, S. 12; TSCHUDI (wie Anm. 3) Teil 11, 84 Konstantin Moritz Langmaier"
/Users/programming/PycharmProjects/Find_Bibliography_NEw/data/azk_library/langmaier-konstantin-m__18.pdf;23;work;Zürcher Stadtchronik (allgemein);chronik\s+der\s+stadt\s+z[üu]rich;auch die Angaben bei FREY (wie Anm. 87) S. 98, Anm. 16. Vgl. auch: Chronik der Stadt Zurich: mit Fortsetzungen, hg. von Johannes DIERAUER (Quellen zur Schweizer
/Users/programming/PycharmProjects/Find_Bibliography_NEw/data/azk_library/langmaier-konstantin-m__18.pdf;24;work;Tschudi (Aegidius/Gilg Tschudi, Chronicon Helveticum);\btschudi\b;"fur Geschichte 18 (1968) S. 432 ff. 95 Vgl. NIEDERSTATTER (wie Anm. 17) S. 144; TSCHUDI (wie Anm. 3) Teil 11, S. 31*. Heinrich Schwend war fur zwei Jahre als habsburgischer"
/Users/programming/PycharmProjects/Find_Bibliography_NEw/data/azk_library/langmaier-konstantin-m__18.pdf;24;work;Tschudi (Aegidius/Gilg Tschudi, Chronicon Helveticum);\btschudi\b;Schwend war fur zwei Jahre als habsburgischer Vogt von Kyburg eingesetzt worden. 96 TSCHUDI (wie Anm. 3) Teil 11, S. 53*. U. a. Gotz Escher und Paul Goldli ruckten fur
/Users/programming/PycharmProjects/Find_Bibliography_NEw/data/azk_library/langmaier-konstantin-m__18.pdf;24;work;Tschudi (Aegidius/Gilg Tschudi, Chronicon Helveticum);\btschudi\b;"100) S. 414. Vgl. in diesem Zusammenhang auch die Anmerkungen von Stettler; TSCHUDI (wie Anm. 3) Teil 11, S. 54*. 85 Terror in der Stadt?"
/Users/programming/PycharmProjects/Find_Bibliography_NEw/data/azk_library/langmaier-konstantin-m__18.pdf;27;work;Dacher (Gebhard/Gebhart Dacher, Konstanzer Chronik);(?:gebhard|gebhart)\s+dacher;und offentlichkeitswirksam kritisieren. 114 Vgl. Die „Konstanzer Chronik“ Gebhart Dachers: By des Byschoffs zyten volgiengen disz nachgeschriben ding vnd sachen
/Users/programming/PycharmProjects/Find_Bibliography_NEw/data/azk_library/langmaier-konstantin-m__18.pdf;27;work;Dacher (Gebhard/Gebhart Dacher, Konstanzer Chronik);\bkonstanzer\s+chronik\b;Partei unverhohlen und offentlichkeitswirksam kritisieren. 114 Vgl. Die „Konstanzer Chronik“ Gebhart Dachers: By des Byschoffs zyten volgiengen disz nachgeschriben
/Users/programming/PycharmProjects/Find_Bibliography_NEw/data/azk_library/langmaier-konstantin-m__18.pdf;27;work;Tschudi (Aegidius/Gilg Tschudi, Chronicon Helveticum);\btschudi\b;historische Wissenschaften 2 (1838) S. 124–154 u. 351–370, hier S. 133 ff. 116 TSCHUDI (wie Anm. 3) Teil 10, S. 339, Anm. 134 (ohne Quellenangabe). 117 StA Zurich
/Users/programming/PycharmProjects/Find_Bibliography_NEw/data/azk_library/langmaier-konstantin-m__18.pdf;27;work;Hottinger (Johann Jakob Hottinger, Helvetische Kirchengeschichte);johann\s+jakob\s+hottinger;Geschichts- und Rechtsquellen, Bd. 40), Ostfildern 2008, S. 600 f. 115 Johann Jakob HOTTINGER, Zurichs inneres Leben wahrend der Dauer des alten Zurichkrieges, in
/Users/programming/PycharmProjects/Find_Bibliography_NEw/data/azk_library/langmaier-konstantin-m__18.pdf;27;work;Hottinger (Johann Jakob Hottinger, Helvetische Kirchengeschichte);\bhottinger\b;Geschichts- und Rechtsquellen, Bd. 40), Ostfildern 2008, S. 600 f. 115 Johann Jakob HOTTINGER, Zurichs inneres Leben wahrend der Dauer des alten Zurichkrieges, in: Schweizerisches
/Users/programming/PycharmProjects/Find_Bibliography_NEw/data/azk_library/langmaier-konstantin-m__18.pdf;31;work;Edlibach (Gerold Edlibach, Zürcher Chronik);gerold\s+edlibach;wie Anm. 132] S. 348). 137 Ahnlich auch die spater entstandene Chronik des Gerold Edlibach (vgl. Gerold Edlibach’s Chronik [wie Anm. 46] S. 44: Item uff den balmabint
/Users/programming/PycharmProjects/Find_Bibliography_NEw/data/azk_library/langmaier-konstantin-m__18.pdf;31;work;Edlibach (Gerold Edlibach, Zürcher Chronik);gerold\s+edlibach;137 Ahnlich auch die spater entstandene Chronik des Gerold Edlibach (vgl. Gerold Edlibach’s Chronik [wie Anm. 46] S. 44: Item uff den balmabint wass meiss und zornlich
/Users/programming/PycharmProjects/Find_Bibliography_NEw/data/azk_library/langmaier-konstantin-m__18.pdf;31;work;Edlibach (Gerold Edlibach, Zürcher Chronik);\bedlibach\b;Anm. 132] S. 348). 137 Ahnlich auch die spater entstandene Chronik des Gerold Edlibach (vgl. Gerold Edlibach’s Chronik [wie Anm. 46] S. 44: Item uff den balmabint
/Users/programming/PycharmProjects/Find_Bibliography_NEw/data/azk_library/langmaier-konstantin-m__18.pdf;31;work;Edlibach (Gerold Edlibach, Zürcher Chronik);\bedlibach\b;Ahnlich auch die spater entstandene Chronik des Gerold Edlibach (vgl. Gerold Edlibach’s Chronik [wie Anm. 46] S. 44: Item uff den balmabint wass meiss und zornlich
/Users/programming/PycharmProjects/Find_Bibliography_NEw/data/azk_library/langmaier-konstantin-m__18.pdf;31;work;Tschudi (Aegidius/Gilg Tschudi, Chronicon Helveticum);\btschudi\b;Der Schweizerische Geschichtsforscher 6 (1827) S. 349. 133 Vgl. Anm. 413. 134 TSCHUDI (wie Anm. 3) Teil 11, S. 237, Anm. 107. 135 Wichtig: LOHNER (wie Anm. 132) S
/Users/programming/PycharmProjects/Find_Bibliography_NEw/data/azk_library/langmaier-konstantin-m__18.pdf;31;work;Tschudi (Aegidius/Gilg Tschudi, Chronicon Helveticum);\btschudi\b;2, Straßburg 1843, S. 155. Der Funfte war wohl nicht der Stadtschreiber (vgl. TSCHUDI [wie Anm. 3] Teil 11, S. 235, Anm. 107). Allerdings ist aus einer anderen Quelle
/Users/programming/PycharmProjects/Find_Bibliography_NEw/data/azk_library/langmaier-konstantin-m__18.pdf;32;work;Tschachtlan (Benedikt Tschachtlan);\btschachtlan\b;befurchte, die ussern woeltind ze rich und mechtig werden144. 138 Vgl. Benedicht TSCHACHTLAN, Berner Chronik bis zum Jahr 1470/71, bearb. von Pascal LADNER, in: Tschachtlans
/Users/programming/PycharmProjects/Find_Bibliography_NEw/data/azk_library/langmaier-konstantin-m__18.pdf;32;work;Berner Chronik (allgemein);\bberner\s+chronik\b;ussern woeltind ze rich und mechtig werden144. 138 Vgl. Benedicht TSCHACHTLAN, Berner Chronik bis zum Jahr 1470/71, bearb. von Pascal LADNER, in: Tschachtlans Bilderchronik
/Users/programming/PycharmProjects/Find_Bibliography_NEw/data/azk_library/langmaier-konstantin-m__18.pdf;34;work;Fründ (Hans Fründ);hans\s+fr[üu]nd;146 Gerold Edlibach’s Chronik (wie Anm. 46) S. 44. Vgl. auch: Die Chronik des Hans Frund, Landschreiber zu Schwytz, hg. von Christian Immanuel KIND, Chur 1875, S. 178
/Users/programming/PycharmProjects/Find_Bibliography_NEw/data/azk_library/langmaier-konstantin-m__18.pdf;34;work;Fründ (Hans Fründ);\bfr[üu]nd\b;Gerold Edlibach’s Chronik (wie Anm. 46) S. 44. Vgl. auch: Die Chronik des Hans Frund, Landschreiber zu Schwytz, hg. von Christian Immanuel KIND, Chur 1875, S. 178
/Users/programming/PycharmProjects/Find_Bibliography_NEw/data/azk_library/langmaier-konstantin-m__18.pdf;34;work;Fründ (Hans Fründ);chronik\s+des\s+hans\s+fr[üu]nd;40] 146 Gerold Edlibach’s Chronik (wie Anm. 46) S. 44. Vgl. auch: Die Chronik des Hans Frund, Landschreiber zu Schwytz, hg. von Christian Immanuel KIND, Chur 1875
/Users/programming/PycharmProjects/Find_Bibliography_NEw/data/azk_library/langmaier-konstantin-m__18.pdf;34;work;Edlibach (Gerold Edlibach, Zürcher Chronik);gerold\s+edlibach;durfe gebrochen werden (gemeinsam mit den ubrigen vier Angeklagten) [40] 146 Gerold Edlibach’s Chronik (wie Anm. 46) S. 44. Vgl. auch: Die Chronik des Hans Frund, Landschreiber
/Users/programming/PycharmProjects/Find_Bibliography_NEw/data/azk_library/langmaier-konstantin-m__18.pdf;34;work;Edlibach (Gerold Edlibach, Zürcher Chronik);gerold\s+edlibach;Bd. 2), Basel 1910, S. 103 f. (keine zeitgenossische Chronik). 147 Vgl. Gerold Edlibach’s Chronik(wie Anm. 46) S. 44. 148 Vgl. Zentralbibliothek Zurich, Ms. A 75
/Users/programming/PycharmProjects/Find_Bibliography_NEw/data/azk_library/langmaier-konstantin-m__18.pdf;34;work;Edlibach (Gerold Edlibach, Zürcher Chronik);\bedlibach\b;der gemain147, geschont. Die Hinrichtung im April 1444 ist in der Chronik des Edlibach bildlich festgehalten148. Gegen Hans Brunner den Alteren sind 14 Aussagen verzeichnet
/Users/programming/PycharmProjects/Find_Bibliography_NEw/data/azk_library/langmaier-konstantin-m__18.pdf;34;work;Edlibach (Gerold Edlibach, Zürcher Chronik);\bedlibach\b;gebrochen werden (gemeinsam mit den ubrigen vier Angeklagten) [40] 146 Gerold Edlibach’s Chronik (wie Anm. 46) S. 44. Vgl. auch: Die Chronik des Hans Frund, Landschreiber
/Users/programming/PycharmProjects/Find_Bibliography_NEw/data/azk_library/langmaier-konstantin-m__18.pdf;34;work;Edlibach (Gerold Edlibach, Zürcher Chronik);\bedlibach\b;2), Basel 1910, S. 103 f. (keine zeitgenossische Chronik). 147 Vgl. Gerold Edlibach’s Chronik(wie Anm. 46) S. 44. 148 Vgl. Zentralbibliothek Zurich, Ms. A 75, fol
/Users/programming/PycharmProjects/Find_Bibliography_NEw/data/azk_library/langmaier-konstantin-m__18.pdf;34;work;Brennwald (Heinrich/Johannes Brennwald, Schweizerchronik);heinrich\s+brennwald;"vor den Augen der eidgenossischen Gesandten in den Wellenberg gefuhrt); Heinrich Brennwalds Schweizerchronik, Bd. 2, hg. von Rudolf LUGINBUHL (Quellen zur Schweizer"
/Users/programming/PycharmProjects/Find_Bibliography_NEw/data/azk_library/langmaier-konstantin-m__18.pdf;41;work;Bullinger (Heinrich Bullinger, historiographische Werke);heinrich\s+bullinger;die, der henid159 in gefangnussii, hat er [...]iii160 [spaterer Vermerk Heinrich Bullingers161:] ze Ostern 1444 [fol. 1r] [Haupthand:] Item man sol nachgan und richten
/Users/programming/PycharmProjects/Find_Bibliography_NEw/data/azk_library/langmaier-konstantin-m__18.pdf;41;work;Bullinger (Heinrich Bullinger, historiographische Werke);heinrich\s+bullinger;diese mit den zeitublichen Mitteln „erfragt“ wurde. Vgl. Anm. 312. 161 Heinrich Bullinger (1504–1575), Schweizer Reformator. 162 Uneinigkeit, vgl. Schweizerisches
/Users/programming/PycharmProjects/Find_Bibliography_NEw/data/azk_library/langmaier-konstantin-m__18.pdf;41;work;Bullinger (Heinrich Bullinger, historiographische Werke);\bbullinger\b;diese mit den zeitublichen Mitteln „erfragt“ wurde. Vgl. Anm. 312. 161 Heinrich Bullinger (1504–1575), Schweizer Reformator. 162 Uneinigkeit, vgl. Schweizerisches Idiotikon
/Users/programming/PycharmProjects/Find_Bibliography_NEw/data/azk_library/langmaier-konstantin-m__18.pdf;43;work;Tschudi (Aegidius/Gilg Tschudi, Chronicon Helveticum);\btschudi\b;"prokonglichen Lager; Teilnehmer verschiedener Kronungsfahrten. Vgl. die Anmerkungen in: TSCHUDI (wie Anm. 3) Teil 10, S. 331f. (dort weiterfuhrende Angaben). Vgl. auch: Christian"
/Users/programming/PycharmProjects/Find_Bibliography_NEw/data/azk_library/langmaier-konstantin-m__18.pdf;44;work;Fründ (Hans Fründ);hans\s+fr[üu]nd;der Alte Zurichkrieg (1436–1450) im Spiegel der Biographie von Landschreiber Hans Frund, in: Mitteilungen des historischen Vereins des Kantons Schwyz 98 (2006) S.
/Users/programming/PycharmProjects/Find_Bibliography_NEw/data/azk_library/langmaier-konstantin-m__18.pdf;44;work;Fründ (Hans Fründ);\bfr[üu]nd\b;Alte Zurichkrieg (1436–1450) im Spiegel der Biographie von Landschreiber Hans Frund, in: Mitteilungen des historischen Vereins des Kantons Schwyz 98 (2006) S. 11
/Users/programming/PycharmProjects/Find_Bibliography_NEw/data/azk_library/langmaier-konstantin-m__18.pdf;45;work;Fründ (Hans Fründ);hans\s+fr[üu]nd;"zu Baden im Marz 1444). Vgl. Gerold Edlibach’s Chronik (wie Anm. 46) S. 44; Hans Frund Chronik (wie Anm. 146) S. 171ff.; TSCHUDI (wie Anm. 3) Teil 11, S. 223 ff."
/Users/programming/PycharmProjects/Find_Bibliography_NEw/data/azk_library/langmaier-konstantin-m__18.pdf;45;work;Fründ (Hans Fründ);\bfr[üu]nds?\s+chronik;"Baden im Marz 1444). Vgl. Gerold Edlibach’s Chronik (wie Anm. 46) S. 44; Hans Frund Chronik (wie Anm. 146) S. 171ff.; TSCHUDI (wie Anm. 3) Teil 11, S. 223 ff.; NIEDERSTATTER"
/Users/programming/PycharmProjects/Find_Bibliography_NEw/data/azk_library/langmaier-konstantin-m__18.pdf;45;work;Fründ (Hans Fründ);\bfr[üu]nd\b;"Baden im Marz 1444). Vgl. Gerold Edlibach’s Chronik (wie Anm. 46) S. 44; Hans Frund Chronik (wie Anm. 146) S. 171ff.; TSCHUDI (wie Anm. 3) Teil 11, S. 223 ff.; NIEDERSTATTER"
/Users/programming/PycharmProjects/Find_Bibliography_NEw/data/azk_library/langmaier-konstantin-m__18.pdf;45;work;Edlibach (Gerold Edlibach, Zürcher Chronik);gerold\s+edlibach;"mit dem Feind vorwarf (u. a. auch auf dem Tag zu Baden im Marz 1444). Vgl. Gerold Edlibach’s Chronik (wie Anm. 46) S. 44; Hans Frund Chronik (wie Anm. 146) S. 171ff"
/Users/programming/PycharmProjects/Find_Bibliography_NEw/data/azk_library/langmaier-konstantin-m__18.pdf;45;work;Edlibach (Gerold Edlibach, Zürcher Chronik);\bedlibach\b;"dem Feind vorwarf (u. a. auch auf dem Tag zu Baden im Marz 1444). Vgl. Gerold Edlibach’s Chronik (wie Anm. 46) S. 44; Hans Frund Chronik (wie Anm. 146) S. 171ff.;"
/Users/programming/PycharmProjects/Find_Bibliography_NEw/data/azk_library/langmaier-konstantin-m__18.pdf;45;work;Tschudi (Aegidius/Gilg Tschudi, Chronicon Helveticum);\btschudi\b;"Edlibach’s Chronik (wie Anm. 46) S. 44; Hans Frund Chronik (wie Anm. 146) S. 171ff.; TSCHUDI (wie Anm. 3) Teil 11, S. 223 ff.; NIEDERSTATTER (wie Anm. 17) S. 251ff. 205"
/Users/programming/PycharmProjects/Find_Bibliography_NEw/data/azk_library/langmaier-konstantin-m__18.pdf;46;work;Fründ (Hans Fründ);hans\s+fr[üu]nd;"hg. von Claudia OPITZ u. a. (Clio Lucernensis, Bd. 2), Zurich 1993, S. 309; Hans Frund, Chronik (wie Anm. 146) S. 163 ff. 212 Vgl. Anm. 178. 213 Obst, vgl. Schweizerisches"
/Users/programming/PycharmProjects/Find_Bibliography_NEw/data/azk_library/langmaier-konstantin-m__18.pdf;46;work;Fründ (Hans Fründ);\bfr[üu]nd\b;"von Claudia OPITZ u. a. (Clio Lucernensis, Bd. 2), Zurich 1993, S. 309; Hans Frund, Chronik (wie Anm. 146) S. 163 ff. 212 Vgl. Anm. 178. 213 Obst, vgl. Schweizerisches"
/Users/programming/PycharmProjects/Find_Bibliography_NEw/data/azk_library/langmaier-konstantin-m__18.pdf;47;work;Fründ (Hans Fründ);hans\s+fr[üu]nd;"Geschichte 1 (1873) S. 346 f. 222 Die Parole der prohabsburgischen Partei, vgl. Hans Frund, Chronik (wie Anm. 146) S. 93 f.; Joseph SEEMULLER, Friedrichs III. Aachener"
/Users/programming/PycharmProjects/Find_Bibliography_NEw/data/azk_library/langmaier-konstantin-m__18.pdf;47;work;Fründ (Hans Fründ);\bfr[üu]nd\b;"Geschichte 1 (1873) S. 346 f. 222 Die Parole der prohabsburgischen Partei, vgl. Hans Frund, Chronik (wie Anm. 146) S. 93 f.; Joseph SEEMULLER, Friedrichs III. Aachener"
/Users/programming/PycharmProjects/Find_Bibliography_NEw/data/azk_library/langmaier-konstantin-m__18.pdf;47;work;Hemmerlin (Felix Hemmerlin/Malleolus);de\s+nobilitate\s+et\s+rusticitate;Ganz in der Nahe wohnte Felix Hemmerli (Linden 114), der in seinem De nobilitate et rusticitate dialogus (33. Kapitel) auf diese, den Ortskundigen sicherlich bekannten
/Users/programming/PycharmProjects/Find_Bibliography_NEw/data/azk_library/langmaier-konstantin-m__18.pdf;50;work;Justinger (Konrad Justinger, Berner Chronik);(?:kon|con)rad\s+justinger;"70*, 72. 256 Zunftmeister der Zurcher Schiffsleute; vgl. Kathrin JOST, Konrad Justinger (ca. 1365–1438): Chronist und Finanzmann in Berns grosser Zeit (VuF, Sonderbande"
/Users/programming/PycharmProjects/Find_Bibliography_NEw/data/azk_library/langmaier-konstantin-m__18.pdf;50;work;Justinger (Konrad Justinger, Berner Chronik);\bjustinger\b;"70*, 72. 256 Zunftmeister der Zurcher Schiffsleute; vgl. Kathrin JOST, Konrad Justinger (ca. 1365–1438): Chronist und Finanzmann in Berns grosser Zeit (VuF, Sonderbande"
/Users/programming/PycharmProjects/Find_Bibliography_NEw/data/azk_library/langmaier-konstantin-m__18.pdf;50;work;Tschudi (Aegidius/Gilg Tschudi, Chronicon Helveticum);\btschudi\b;"h. Schweigers Vater (vgl. URZ, Bd. 6, Nr. 9015 bzw. Anm. 248). 252 Vgl. u. a. TSCHUDI (wie Anm. 3) Teil 10, S. 57; Teil 11, S. 224; URZ, Bd. 6, Nr. 7785, 7819, 8061"
/Users/programming/PycharmProjects/Find_Bibliography_NEw/data/azk_library/langmaier-konstantin-m__18.pdf;54;work;Tschudi (Aegidius/Gilg Tschudi, Chronicon Helveticum);\btschudi\b;"553, 686; URZ, Bd. 7, Nr. 9235, 9754, 10039, 10174, 10203, 10358 (identisch?); TSCHUDI (wie Anm. 3) Teil 11, S. 54*. 294 =Aufwiegler, hier wohl im Sinne von „Kriegsschreier"
/Users/programming/PycharmProjects/Find_Bibliography_NEw/data/azk_library/langmaier-konstantin-m__18.pdf;57;work;Tschudi (Aegidius/Gilg Tschudi, Chronicon Helveticum);\btschudi\b;Schweizerisches Idiotikon, Bd. 2 (1885) Sp. 1281. Zum Tag von Baden vgl. Anm. 413 bzw. TSCHUDI (wie Anm. 3) Teil 11, S. 226. 327 =geschehe, vgl. Schweizerisches Idiotikon
/Users/programming/PycharmProjects/Find_Bibliography_NEw/data/azk_library/langmaier-konstantin-m__18.pdf;59;work;Tschudi (Aegidius/Gilg Tschudi, Chronicon Helveticum);\btschudi\b;gegen die Eidgenossen. 352 Namlich im Hollenfeuer, vgl. die Interpretation bei: TSCHUDI (wie Anm. 3) Teil 10, S. 332. 353 Vgl. Anm. 275. 354 =in der Quere, vgl. GRIMM
/Users/programming/PycharmProjects/Find_Bibliography_NEw/data/azk_library/langmaier-konstantin-m__18.pdf;60;work;Tschudi (Aegidius/Gilg Tschudi, Chronicon Helveticum);\btschudi\b;Anspielung auf Warnungen des Feindes durch Brunner und seine Mitverschworer: TSCHUDI (wie Anm. 3) Teil 11, S. 109 f. 372 =anzuhoren, verhoren, vgl. Schweizerisches
/Users/programming/PycharmProjects/Find_Bibliography_NEw/data/azk_library/langmaier-konstantin-m__18.pdf;62;work;Tschudi (Aegidius/Gilg Tschudi, Chronicon Helveticum);\btschudi\b;"verbessern; vgl. GRIMM, Bd. 2, Sp. 256. 385 =U elman Trinkler; ein Beiname; vgl. TSCHUDI (wie Anm. 3) Teil 11, S. 233. (Trinklers Erben befanden sich 1444 mit 4.200"
/Users/programming/PycharmProjects/Find_Bibliography_NEw/data/azk_library/langmaier-konstantin-m__18.pdf;63;work;Klingenberger/Rapperswiler Chronik (Eberhard Wüest, ed.);klingenberger\s+chronik;"Friedens 1443 beteiligt (gemeinsam mit dem Konstanzer Bischof); vgl. Die sog. Klingenberger Chronik des Eberhard Wust, Stadtschreiber von Rapperswil, bearb. von Bernhard"
/Users/programming/PycharmProjects/Find_Bibliography_NEw/data/azk_library/langmaier-konstantin-m__18.pdf;64;work;Tschudi (Aegidius/Gilg Tschudi, Chronicon Helveticum);\btschudi\b;"auf dem Tag zu Baden prasent gewesen. Vgl. NIEDERSTATTER (wie Anm. 17) S. 252; TSCHUDI (wie Anm. 3) Teil 11, S. 227 f. (mit weiterfuhrenden Hinweisen); vgl. am Rande"
/Users/programming/PycharmProjects/Find_Bibliography_NEw/data/azk_library/langmaier-konstantin-m__18.pdf;68;work;Tschudi (Aegidius/Gilg Tschudi, Chronicon Helveticum);\btschudi\b;Bd. 4 (1901) Sp. 1604. 458 Vgl. Anm. 206. 459 =Hans Iberg, Vogt zu Baden, vgl. TSCHUDI (wie Anm. 3) Teil 11, S. 140 f. u. 236. 460 =Ehrenwort, vgl. Schweizerisches
/Users/programming/PycharmProjects/Find_Bibliography_NEw/data/azk_library/langmaier-konstantin-m__18.pdf;71;work;Tschudi (Aegidius/Gilg Tschudi, Chronicon Helveticum);\btschudi\b;"unklar, ob damit der Vater des Effinger gemeint ist oder der des Boten, vgl. TSCHUDI (wie Anm. 3) Teil 11, S. 236; moglicherweise ein Sohn des oben genannten Hans"
/Users/programming/PycharmProjects/Find_Bibliography_NEw/data/azk_library/langmaier-konstantin-m__18.pdf;74;work;Tschudi (Aegidius/Gilg Tschudi, Chronicon Helveticum);\btschudi\b;"STARK (wie Anm. 118) S. 7–52; CURSCHELLAS (wie Anm. 118) S. 1–144. 535 Vgl. TSCHUDI (wie Anm. 3) Teil 11, S. 226 f. 536 =es ware zu befurchten, vgl. Schweizerisches"
/Users/programming/PycharmProjects/Find_Bibliography_NEw/data/azk_library/langmaier-konstantin-m__18.pdf;78;work;Edlibach (Gerold Edlibach, Zürcher Chronik);\bedlibach\b;581 Vgl. StAZ, B VI 215 f. 39r. Die bildliche Darstellung in der Chronik des Edlibach ist daher richtig. Dort werden nur Trinkler und Meisen hingerichtet, vgl. Zentralbibliothek
/Users/programming/PycharmProjects/Find_Bibliography_NEw/data/azk_library/sieber-christian__19.pdf;1;work;Fründ (Hans Fründ);hans\s+fr[üu]nd;der Alte Zurichkrieg (1436-1450) im Spiegel der Biographie von Landschreiber Hans Frund Autor: Sieber, Christian DOI: https://doi.org/10.5169/seals-169187 Nutzungsbedingungen
/Users/programming/PycharmProjects/Find_Bibliography_NEw/data/azk_library/sieber-christian__19.pdf;1;work;Fründ (Hans Fründ);\bfr[üu]nd\b;Alte Zurichkrieg (1436-1450) im Spiegel der Biographie von Landschreiber Hans Frund Autor: Sieber, Christian DOI: https://doi.org/10.5169/seals-169187 Nutzungsbedingungen
/Users/programming/PycharmProjects/Find_Bibliography_NEw/data/azk_library/sieber-christian__19.pdf;2;work;Fründ (Hans Fründ);hans\s+fr[üu]nd;konkreten Tatigkeit zu fassen, ist in der Geschichte des Landes Schwyz erstmals bei Hans Frund moglich, dem Schwyzer Landschreiber zur Zeit des Alten Zurichkriegs. Frunds
/Users/programming/PycharmProjects/Find_Bibliography_NEw/data/azk_library/sieber-christian__19.pdf;2;work;Fründ (Hans Fründ);hans\s+fr[üu]nd;Schwyz, S. 58. 4 Vgl. KDM Schwyz 1/1, S. 228, 231, 242f. von Landschreiber Hans Frund Christian Sieber «Ich han je nach und nach die sachen geschriben, so sy volgiengent
/Users/programming/PycharmProjects/Find_Bibliography_NEw/data/azk_library/sieber-christian__19.pdf;2;work;Fründ (Hans Fründ);hans\s+fr[üu]nd;volgiengent, und die wyl ich die sachen in miner gedenknisse und memorie gehept han.» Hans Frund) 1
/Users/programming/PycharmProjects/Find_Bibliography_NEw/data/azk_library/sieber-christian__19.pdf;2;work;Fründ (Hans Fründ);\bfr[üu]nds?\s+chronik;Stiftsbibliothek St. Gallen, Cod. Sang. 644, S.248f. Frund,Chronik, S. 224. Frunds Chronik wird im Folgenden nach der auch der Edition von 1875 zugrunde gelegten Handschrift
/Users/programming/PycharmProjects/Find_Bibliography_NEw/data/azk_library/sieber-christian__19.pdf;2;work;Fründ (Hans Fründ);\bfr[üu]nd\b;Tatigkeit zu fassen, ist in der Geschichte des Landes Schwyz erstmals bei Hans Frund moglich, dem Schwyzer Landschreiber zur Zeit des Alten Zurichkriegs. Frunds Werdegang
/Users/programming/PycharmProjects/Find_Bibliography_NEw/data/azk_library/sieber-christian__19.pdf;2;work;Fründ (Hans Fründ);\bfr[üu]nd\b;Schriftgut gefuhrt, vor allem aber hatte er in Schwyz dank der Person von Landschreiber Frund eine Modernisierung, genauer noch eine Professionalisierung der Verwaltung zur
/Users/programming/PycharmProjects/Find_Bibliography_NEw/data/azk_library/sieber-christian__19.pdf;2;work;Fründ (Hans Fründ);\bfr[üu]nd\b;Zurich um das Erbe des 1 Stiftsbibliothek St. Gallen, Cod. Sang. 644, S.248f. Frund,Chronik, S. 224. Frunds Chronik wird im Folgenden nach der auch der Edition von
/Users/programming/PycharmProjects/Find_Bibliography_NEw/data/azk_library/sieber-christian__19.pdf;2;work;Fründ (Hans Fründ);\bfr[üu]nd\b;Schwyz, S. 58. 4 Vgl. KDM Schwyz 1/1, S. 228, 231, 242f. von Landschreiber Hans Frund Christian Sieber «Ich han je nach und nach die sachen geschriben, so sy volgiengent
/Users/programming/PycharmProjects/Find_Bibliography_NEw/data/azk_library/sieber-christian__19.pdf;2;work;Fründ (Hans Fründ);\bfr[üu]nd\b;und die wyl ich die sachen in miner gedenknisse und memorie gehept han.» Hans Frund) 1
/Users/programming/PycharmProjects/Find_Bibliography_NEw/data/azk_library/sieber-christian__19.pdf;3;work;Fründ (Hans Fründ);hans\s+fr[üu]nd;mussten sie eine auswartige Fachkraft beiziehen, Abb. 1: Notarszeichen von Hans Frund vom 21. Marz 1439 STASZ,Urk. Nr. 419). namlich Eberhard Wuest, den Stadtschreiber
/Users/programming/PycharmProjects/Find_Bibliography_NEw/data/azk_library/sieber-christian__19.pdf;3;work;Fründ (Hans Fründ);\bfr[üu]nd\b;Erbschaftsstreit die Rechtsschriften fur Zurich verfasste.9 Die Anstellung von Frund 1437 In Schwyz fehlte 1436 eine entsprechend geschulte Person. Auch wenn es Landammann
/Users/programming/PycharmProjects/Find_Bibliography_NEw/data/azk_library/sieber-christian__19.pdf;3;work;Fründ (Hans Fründ);\bfr[üu]nd\b;mussten sie eine auswartige Fachkraft beiziehen, Abb. 1: Notarszeichen von Hans Frund vom 21. Marz 1439 STASZ,Urk. Nr. 419). namlich Eberhard Wuest, den Stadtschreiber
/Users/programming/PycharmProjects/Find_Bibliography_NEw/data/azk_library/sieber-christian__19.pdf;4;work;Fründ (Hans Fründ);hans\s+fr[üu]nd;den Schwyzern im Mai 1437 der grosse Coup, wie sich schon bald zeigen sollte. Hans Frund, Stadtburger von Luzernund dort seit 1427 Unterschreiber bei Stadtschreiber
/Users/programming/PycharmProjects/Find_Bibliography_NEw/data/azk_library/sieber-christian__19.pdf;4;work;Fründ (Hans Fründ);hans\s+fr[üu]nd;gehabt, so dass «der schribervon Raperswyl inen ir sach schribe» bis «inen von Hans Frund geseit wurde, ... des Etterlis zuo Lutzern underschriber» 14 Fortan standen
/Users/programming/PycharmProjects/Find_Bibliography_NEw/data/azk_library/sieber-christian__19.pdf;4;work;Fründ (Hans Fründ);\bfr[üu]nds?\s+chronik;"Baumann,Bilderchroniken, S.14f., 20–22; Bodmer, Chroniken, S. 16–18; Kummerli, Frunds Chronik, S. 97–104; Keller, Geschichtschreibung, S. XVf.; Feller/Bonjour, Geschichtsschreibung"
/Users/programming/PycharmProjects/Find_Bibliography_NEw/data/azk_library/sieber-christian__19.pdf;4;work;Fründ (Hans Fründ);\bfr[üu]nd\b;Schwyzern im Mai 1437 der grosse Coup, wie sich schon bald zeigen sollte. Hans Frund, Stadtburger von Luzernund dort seit 1427 Unterschreiber bei Stadtschreiber Egloff
/Users/programming/PycharmProjects/Find_Bibliography_NEw/data/azk_library/sieber-christian__19.pdf;4;work;Fründ (Hans Fründ);\bfr[üu]nd\b;Stadtschreiber Egloff Etterlin, war bereit, das Landschreiberamt in Schwyz zu ubernehmen.12 Frund war in zweiter Ehe mit Adelheid vonTengen verheiratet, hatte aus erster Ehe mit
/Users/programming/PycharmProjects/Find_Bibliography_NEw/data/azk_library/sieber-christian__19.pdf;4;work;Fründ (Hans Fründ);\bfr[üu]nd\b;gab Ulrich Wagner im Februar 1469 als amtierender Landammann nach dem Tod von Frund offen Auskunft, als er erklarte, die Schwyzer «hettint in dem vergangnen kriege
/Users/programming/PycharmProjects/Find_Bibliography_NEw/data/azk_library/sieber-christian__19.pdf;4;work;Fründ (Hans Fründ);\bfr[üu]nd\b;gehabt, so dass «der schribervon Raperswyl inen ir sach schribe» bis «inen von Hans Frund geseit wurde, ... des Etterlis zuo Lutzern underschriber» 14 Fortan standen sich
/Users/programming/PycharmProjects/Find_Bibliography_NEw/data/azk_library/sieber-christian__19.pdf;4;work;Fründ (Hans Fründ);\bfr[üu]nd\b;Reding und Stussi, gegenuber, sondern auch zwei fachkundige Kanzleivorsteher, Frund und Stebler, die einflussreichen Figuren im Hintergrund, aber in standig engem
/Users/programming/PycharmProjects/Find_Bibliography_NEw/data/azk_library/sieber-christian__19.pdf;4;work;Fründ (Hans Fründ);\bfr[üu]nd\b;es ja auch ihrer Aufgabe entsprach. «Gleichwie Ital Reding das Schwert, so war Frund die Feder der Eidgenossen in der Zeit des Zurichkrieges» hat Hugo Hungerbuhler
/Users/programming/PycharmProjects/Find_Bibliography_NEw/data/azk_library/sieber-christian__19.pdf;4;work;Fründ (Hans Fründ);\bfr[üu]nd\b;nicht gezogen werden kann, so kann auch kein Staat ohne Schreiber bestehen» 16 Frund war Stebler auch insofern ebenburtig, als er die Zulassung als Notar besass und
/Users/programming/PycharmProjects/Find_Bibliography_NEw/data/azk_library/sieber-christian__19.pdf;4;work;Fründ (Hans Fründ);\bfr[üu]nd\b;nun nicht mehr auf den Stadtschreiber von Rapperswil zuruckgreifen, wie ein von Frund im Marz 1439 in der kleinen Stube im Rathaus von Schwyz «in villa an Kilchgassen
/Users/programming/PycharmProjects/Find_Bibliography_NEw/data/azk_library/sieber-christian__19.pdf;4;work;Fründ (Hans Fründ);\bfr[üu]nd\b;"erster Beleg in Schwyz: STASZ, Urk. Nr. 404b 11. Mai). Zur Person und Tatigkeit von Frund vgl. bisher in chronologischer Reihenfolge) Studer, Tschachtlan, S. 636–641;"
/Users/programming/PycharmProjects/Find_Bibliography_NEw/data/azk_library/sieber-christian__19.pdf;4;work;Fründ (Hans Fründ);\bfr[üu]nd\b;"Verfasserlexikon 2, Sp. 992f. Guy P. Marchal); Stettler, Frunds Darstellung, S. 122*–134*; Frund, Rapport, S. 25–29, 53–62 Kathrin Utz Tremp); Wanner, Schreiber, S. 8–12, 17f"
/Users/programming/PycharmProjects/Find_Bibliography_NEw/data/azk_library/sieber-christian__19.pdf;4;work;Fründ (Hans Fründ);\bfr[üu]nd\b;"Geschichtsschreibung, S. 20–24 Oliver Landolt); Sieber, Opfer, S. 66–68, 70–72; HLS 5, Artikel «Frund, Hans» im Druck bzw. www.hls.ch Gregor Egloff 13 Vgl. Wanner, Schreiber, S. 8"
/Users/programming/PycharmProjects/Find_Bibliography_NEw/data/azk_library/sieber-christian__19.pdf;4;work;Fründ (Hans Fründ);\bfr[üu]nd\b;Wanner, Schreiber, S. 4, 9. 18 STASZ, Urk. Nr. 419 ausgestellt von «Johannes Frund de oppido Lu¬ cernensi, laycus Constanciensis dyocesis, publicus imperiali auctoritate
/Users/programming/PycharmProjects/Find_Bibliography_NEw/data/azk_library/sieber-christian__19.pdf;4;work;Hemmerlin (Felix Hemmerlin/Malleolus);\bhemmerlin\b;"Hungerbuhler, Herkommen, S. 56f. 16 Zitiert in deutscher Ubersetzung) nach Reber, Hemmerlin, S. 264. 17 Zumindest konnte ein solches bisher nicht nachgewiesen werden;"
/Users/programming/PycharmProjects/Find_Bibliography_NEw/data/azk_library/sieber-christian__19.pdf;4;work;Etterlin (Petermann Etterlin, Kronika);\betterlin\b;Stadtburger von Luzernund dort seit 1427 Unterschreiber bei Stadtschreiber Egloff Etterlin, war bereit, das Landschreiberamt in Schwyz zu ubernehmen.12 Frund war in zweiter
/Users/programming/PycharmProjects/Find_Bibliography_NEw/data/azk_library/sieber-christian__19.pdf;4;work;Etterlin (Petermann Etterlin, Kronika);\betterlin\b;bevor er nach Zurich kam. Frunds bisheriger Vorgesetzter, Stadtschreiber Egloff Etterlin, stammte aus Brugg. Dank der Anstellung Frunds konnte Schwyz mit Zurich durchaus
/Users/programming/PycharmProjects/Find_Bibliography_NEw/data/azk_library/sieber-christian__19.pdf;4;work;Tschachtlan (Benedikt Tschachtlan);\btschachtlan\b;"und Tatigkeit von Frund vgl. bisher in chronologischer Reihenfolge) Studer, Tschachtlan, S. 636–641; Hungerbuhler, Herkommen, S. 55–59; Kind, Einleitung, S. I–VI"
/Users/programming/PycharmProjects/Find_Bibliography_NEw/data/azk_library/sieber-christian__19.pdf;5;work;Fründ (Hans Fründ);hans\s+fr[üu]nd;auf den ganzen Krieg formulierte Vorrede mit expliziter Selbstnennung «ich Hans Frund, ein burger von Lucern und ze den selben zitten lantschriber ze Swytz» 26 kann
/Users/programming/PycharmProjects/Find_Bibliography_NEw/data/azk_library/sieber-christian__19.pdf;5;work;Fründ (Hans Fründ);hans\s+fr[üu]nd;Frund basierenden Ausfuhrungen bei Weisz, Eidgenossen, S. 255f. «Legenden des Hans Frund» sowie Banziger, Beitrage, S. 111, entbehren jeder Grundlage. 24 Vgl. Cod.
/Users/programming/PycharmProjects/Find_Bibliography_NEw/data/azk_library/sieber-christian__19.pdf;5;work;Fründ (Hans Fründ);\bfr[üu]nds?\s+chronik;Zeugnisse der Schwyzer Geschichtsschreibung uberhaupt gilt. Allerdings darf Frunds Chronik nicht losgelost von seiner amtlichen Tatigkeit als Landschreiber betrachtet
/Users/programming/PycharmProjects/Find_Bibliography_NEw/data/azk_library/sieber-christian__19.pdf;5;work;Fründ (Hans Fründ);\bfr[üu]nd\b;Notar im April 1441 ein zweites Vidimus ausgestellt und beglaubigt.19 Daneben hat Frund, ganz ahnlich wie Stebler in Zurich,20 auch in seinem 14 Wohnhaus in Schwyz gearbeitet
/Users/programming/PycharmProjects/Find_Bibliography_NEw/data/azk_library/sieber-christian__19.pdf;5;work;Fründ (Hans Fründ);\bfr[üu]nd\b;hat «... zuo Schwiz in des landtschribers hus» 22 In einem wichtigen Punkt war Frund seinem Gegenspieler in Zurich sogar voraus. Bereits in Luzern hatte sich Frund
/Users/programming/PycharmProjects/Find_Bibliography_NEw/data/azk_library/sieber-christian__19.pdf;5;work;Fründ (Hans Fründ);\bfr[üu]nd\b;Frund seinem Gegenspieler in Zurich sogar voraus. Bereits in Luzern hatte sich Frund neben seiner amtlichen Tatigkeit in der Kanzlei auch als Chronist betatigt und
/Users/programming/PycharmProjects/Find_Bibliography_NEw/data/azk_library/sieber-christian__19.pdf;5;work;Fründ (Hans Fründ);\bfr[üu]nd\b;Bericht uber die Hexenverfolgungen im Wallis von 1428 verfasst.23 In Schwyz setzte Frund diese Nebentatigkeit fort – soweit erkennbar ohneformellen Auftrag,24indem ereine
/Users/programming/PycharmProjects/Find_Bibliography_NEw/data/azk_library/sieber-christian__19.pdf;5;work;Fründ (Hans Fründ);\bfr[üu]nd\b;Zurichfuhrte,an der er nun als Landschreiber hautnah beteiligt war. Mehrfach spricht Frund in diesen Aufzeichnungen von sich selber in der Ich-Form, von seiner amtlichen
/Users/programming/PycharmProjects/Find_Bibliography_NEw/data/azk_library/sieber-christian__19.pdf;5;work;Fründ (Hans Fründ);\bfr[üu]nd\b;auf den ganzen Krieg formulierte Vorrede mit expliziter Selbstnennung «ich Hans Frund, ein burger von Lucern und ze den selben zitten lantschriber ze Swytz» 26 kann
/Users/programming/PycharmProjects/Find_Bibliography_NEw/data/azk_library/sieber-christian__19.pdf;5;work;Fründ (Hans Fründ);\bfr[üu]nd\b;die jedoch bei weitem nicht derart ausfuhrlich und kompetent berichteten, wie es Frund in und fur Schwyz tat.28 Der «unfreundliche» Briefwechsel 1439 Die juristische
/Users/programming/PycharmProjects/Find_Bibliography_NEw/data/azk_library/sieber-christian__19.pdf;5;work;Fründ (Hans Fründ);\bfr[üu]nd\b;"StAZH, C I Nr. 2823; URStAZ 6, Nr. 8674 die Formulierung lautet hier: «Johannes Frund de opido Lutzernensis, laycus Constantiensis dyocesis, publicus imperiali auctoritate"
/Users/programming/PycharmProjects/Find_Bibliography_NEw/data/azk_library/sieber-christian__19.pdf;5;work;Fründ (Hans Fründ);\bfr[üu]nd\b;"hus» mit Kosten von 400 Pfund). 22 Fassbind, Frauenkloster, S. 140f., Nr. 7. 23 Frund, Rapport, S. 23–98; Wanner, Schreiber, S. 11f.; Weisz, Handschrift,S. 247–254"
/Users/programming/PycharmProjects/Find_Bibliography_NEw/data/azk_library/sieber-christian__19.pdf;5;work;Fründ (Hans Fründ);\bfr[üu]nd\b;"Hochschulbibliothek Luzern, KB Pp.175 fol.;28Einzelblatter)lasst sich dagegennicht Frund zuschreiben,wie lange angenommen wurde Brandstetter, Pilatus, S. 120; Dubi, Legenden"
/Users/programming/PycharmProjects/Find_Bibliography_NEw/data/azk_library/sieber-christian__19.pdf;5;work;Fründ (Hans Fründ);\bfr[üu]nd\b;Luzernische Qualitatsarbeit, S. 9–11 mit Abbildungen). Die auf der Zuschreibung an Frund basierenden Ausfuhrungen bei Weisz, Eidgenossen, S. 255f. «Legenden des Hans
/Users/programming/PycharmProjects/Find_Bibliography_NEw/data/azk_library/sieber-christian__19.pdf;5;work;Fründ (Hans Fründ);\bfr[üu]nd\b;Frund basierenden Ausfuhrungen bei Weisz, Eidgenossen, S. 255f. «Legenden des Hans Frund» sowie Banziger, Beitrage, S. 111, entbehren jeder Grundlage. 24 Vgl. Cod. Sang
/Users/programming/PycharmProjects/Find_Bibliography_NEw/data/azk_library/sieber-christian__19.pdf;5;work;Fründ (Hans Fründ);\bfr[üu]nd\b;Banziger, Beitrage, S. 111, entbehren jeder Grundlage. 24 Vgl. Cod. Sang. 644, S. 249 Frund, Chronik, S. 224 «mir ist ouch harum weder gold noch silber verheissen» 25 Die
/Users/programming/PycharmProjects/Find_Bibliography_NEw/data/azk_library/sieber-christian__19.pdf;5;work;Fründ (Hans Fründ);\bfr[üu]nd\b;bei Stettler, Frunds Darstellung, S. 128*, Anm. 327*. 26 Cod. Sang. 644, S. 3 Frund, Chronik, S. 1. 27 Vgl. Huldi, Konjunktionen, S. XXIIIf. 28 Vgl. Sieber, Stussi
/Users/programming/PycharmProjects/Find_Bibliography_NEw/data/azk_library/sieber-christian__19.pdf;6;work;Fründ (Hans Fründ);hans\s+fr[üu]nd;15 Abb. 2: Ruckvermerk von Hans Frund auf dem Schreiben der Zurcher vom3.Mai 1439 STASZ,Urk. Nr. 423). 4. Mai 1439 in einem aufschlussreichen Briefwechsel zwischen
/Users/programming/PycharmProjects/Find_Bibliography_NEw/data/azk_library/sieber-christian__19.pdf;6;work;Fründ (Hans Fründ);\bfr[üu]nd\b;15 Abb. 2: Ruckvermerk von Hans Frund auf dem Schreiben der Zurcher vom3.Mai 1439 STASZ,Urk. Nr. 423). 4. Mai 1439 in einem aufschlussreichen Briefwechsel zwischen
/Users/programming/PycharmProjects/Find_Bibliography_NEw/data/azk_library/sieber-christian__19.pdf;6;work;Fründ (Hans Fründ);\bfr[üu]nd\b;Schwyz und tragt auf der Ruckseite den eigenhandigen Vermerk von Landschreiber Frund «Der Zurichern erste schrifft, so si uns zuo santtent uff den Etzell, ist unfruntlich
/Users/programming/PycharmProjects/Find_Bibliography_NEw/data/azk_library/sieber-christian__19.pdf;6;work;Fründ (Hans Fründ);\bfr[üu]nd\b;Krieg nur drohten. Interessant ist der Vermerk aber vor allem, weil er zeigt, wie Frund mit dem Schreiben umgegangen ist. Er hat dieses nicht einfach an sich genommen
/Users/programming/PycharmProjects/Find_Bibliography_NEw/data/azk_library/sieber-christian__19.pdf;6;work;Fründ (Hans Fründ);\bfr[üu]nd\b;"weshalb das Schreiben «unfreundlich» gewesen sei: Die 29 URStAZ 6, Nr. 8372. 30 Vgl. Frund, Chronik, S. 24f., sowie aus Zurcher Optik) Klingenber¬ ger Chronik, S. 258;"
/Users/programming/PycharmProjects/Find_Bibliography_NEw/data/azk_library/sieber-christian__19.pdf;6;work;Zürcher Stadtchronik (allgemein);chronik\s+der\s+stadt\s+z[üu]rich;"S. 24f., sowie aus Zurcher Optik) Klingenber¬ ger Chronik, S. 258; Chronik der Stadt Zurich, S. 195. 31 STASZ, Urk. Nr. 423, sowie URStAZ 6, Nr. 8421 Abschrift"
/Users/programming/PycharmProjects/Find_Bibliography_NEw/data/azk_library/sieber-christian__19.pdf;7;work;Fründ (Hans Fründ);\bfr[üu]nd\b;Antwortschreiben der Schwyzer vom Abend des 4. Mai zeigt seinerseits die Schrift von Frund, der mit den Truppen ausgezogen war und seine Kanzlei ins Feld verlegt hatte
/Users/programming/PycharmProjects/Find_Bibliography_NEw/data/azk_library/sieber-christian__19.pdf;7;work;Fründ (Hans Fründ);\bfr[üu]nd\b;drohen ihrerseits in verklausulierter Form mit Krieg. Nur in der Anrede gibt sich Frund ganz korrekt und bezeichnet die Zurcher weiterhin als «Eidgenossen» den ublichen
/Users/programming/PycharmProjects/Find_Bibliography_NEw/data/azk_library/sieber-christian__19.pdf;7;work;Fründ (Hans Fründ);\bfr[üu]nd\b;Adressaten erreicht, es befindet sich heute im Staatsarchiv Zurich. Gleichzeitig hat Frund den Entwurf zu diesem Schreiben aufbewahrt und archiviert, und ausserdem hat
/Users/programming/PycharmProjects/Find_Bibliography_NEw/data/azk_library/sieber-christian__19.pdf;7;work;Fründ (Hans Fründ);\bfr[üu]nd\b;uberarbeiteter Form auch in seine Chronik aufgenommen:33 Alles in allem pflegt Frund einen sehr sorgfaltigen Umgang mit wichtigen Schriftstucken programmatischen
/Users/programming/PycharmProjects/Find_Bibliography_NEw/data/azk_library/sieber-christian__19.pdf;7;work;Fründ (Hans Fründ);\bfr[üu]nd\b;allein vom «namhaften und wisen» Landammann und Hauptmann Ital Reding, wie ihn Frund bezeichnet. Auch spater tragen ahnliche Schreiben aus dem Feld jeweils nur das
/Users/programming/PycharmProjects/Find_Bibliography_NEw/data/azk_library/sieber-christian__19.pdf;7;work;Fründ (Hans Fründ);\bfr[üu]nd\b;das personliche Siegel von Reding, «gepresten halb unsers landz ingesigel» wie Frund regelmassig schreibt «in Ermangelung des Landessiegels» 34 was zum einen heisst
/Users/programming/PycharmProjects/Find_Bibliography_NEw/data/azk_library/sieber-christian__19.pdf;7;work;Fründ (Hans Fründ);\bfr[üu]nd\b;regelmassig schreibt «in Ermangelung des Landessiegels» 34 was zum einen heisst, dass Frund das Landessiegel aus praktischen Uberlegungen in sicherer Verwahrung im Hauptort
/Users/programming/PycharmProjects/Find_Bibliography_NEw/data/azk_library/sieber-christian__19.pdf;7;work;Fründ (Hans Fründ);\bfr[üu]nd\b;im Staatsarchiv Schwyz und tragt erneut einen kommentierenden Ruckvermerk von Frund: «Der Zurichern andre [d. h. zweite] unfruntliche schrifft, so si uns zuo sandtent
/Users/programming/PycharmProjects/Find_Bibliography_NEw/data/azk_library/sieber-christian__19.pdf;7;work;Fründ (Hans Fründ);\bfr[üu]nd\b;Etzell, wiset aber [d.h. erneut] uff ein absagung» Auch in seiner Chronik geht Frund auf das Schreiben ein, allerdings nur kurz, denn inhaltlich brachte es nichts
/Users/programming/PycharmProjects/Find_Bibliography_NEw/data/azk_library/sieber-christian__19.pdf;7;work;Fründ (Hans Fründ);\bfr[üu]nd\b;"einschliesslich March und Gaster, mit Korn, Wein und anderen Lebensmitteln, je 32 Frund, Chronik, S. 25f. 33 URStAZ 6, Nr. 8422; STASZ, Urk. Nr. 425 mit Uberschrift"
/Users/programming/PycharmProjects/Find_Bibliography_NEw/data/azk_library/sieber-christian__19.pdf;7;work;Fründ (Hans Fründ);\bfr[üu]nd\b;"33 URStAZ 6, Nr. 8422; STASZ, Urk. Nr. 425 mit Uberschrift «datum pro copia» ; Frund, Chronik, S. 26–29; Bernhard Stettler, in: Tschudi, Chronicon 10, S. 213f., Anm"
/Users/programming/PycharmProjects/Find_Bibliography_NEw/data/azk_library/sieber-christian__19.pdf;7;work;Fründ (Hans Fründ);\bfr[üu]nd\b;"Anm. 80 Nachweis der stilistischen Uberarbeitung). 34 So Cod. Sang. 644, S. 65 Frund, Chronik, S. 63, sowie Tschudi, Chronicon 10, S. 303 2. November 1440); STASZ"
/Users/programming/PycharmProjects/Find_Bibliography_NEw/data/azk_library/sieber-christian__19.pdf;7;work;Fründ (Hans Fründ);\bfr[üu]nd\b;"11, S. 112f., und URStAZ 6, Nr. 8910–8911 20. Mai 1443); Cod. Sang. 644, S. 159 Frund, Chronik, S. 142 sowie Tschudi, Chronicon 11, S. 139 1. Juni 1443). 35 Konig"
/Users/programming/PycharmProjects/Find_Bibliography_NEw/data/azk_library/sieber-christian__19.pdf;7;work;Fründ (Hans Fründ);\bfr[üu]nd\b;"und Stebler. 36 STASZ, Urk. Nr. 424, sowie URStAZ 6, Nr. 8423 Entwurf im StAZH); Frund, Chronik, S. 30. 37 Frund, Chronik, S. 30–34, sowie aus Zurcher Optik) Klingenberger"
/Users/programming/PycharmProjects/Find_Bibliography_NEw/data/azk_library/sieber-christian__19.pdf;7;work;Fründ (Hans Fründ);\bfr[üu]nd\b;"Nr. 424, sowie URStAZ 6, Nr. 8423 Entwurf im StAZH); Frund, Chronik, S. 30. 37 Frund, Chronik, S. 30–34, sowie aus Zurcher Optik) Klingenberger Chronik, S. 258f."
/Users/programming/PycharmProjects/Find_Bibliography_NEw/data/azk_library/sieber-christian__19.pdf;7;work;Tschudi (Aegidius/Gilg Tschudi, Chronicon Helveticum);\btschudi\b;"Uberschrift «datum pro copia» ; Frund, Chronik, S. 26–29; Bernhard Stettler, in: Tschudi, Chronicon 10, S. 213f., Anm. 80 Nachweis der stilistischen Uberarbeitung)."
/Users/programming/PycharmProjects/Find_Bibliography_NEw/data/azk_library/sieber-christian__19.pdf;7;work;Tschudi (Aegidius/Gilg Tschudi, Chronicon Helveticum);\btschudi\b;"stilistischen Uberarbeitung). 34 So Cod. Sang. 644, S. 65 Frund, Chronik, S. 63, sowie Tschudi, Chronicon 10, S. 303 2. November 1440); STASZ, Urk. Nr. 449 Abschiede 2, Nr"
/Users/programming/PycharmProjects/Find_Bibliography_NEw/data/azk_library/sieber-christian__19.pdf;7;work;Tschudi (Aegidius/Gilg Tschudi, Chronicon Helveticum);\btschudi\b;"3284 Abschiede 2, Nr. 232, Anhang 19. November 1440); STASZ, Urk. Nr. 463, sowie Tschudi, Chronicon 11, S. 112f., und URStAZ 6, Nr. 8910–8911 20. Mai 1443); Cod. Sang"
/Users/programming/PycharmProjects/Find_Bibliography_NEw/data/azk_library/sieber-christian__19.pdf;7;work;Tschudi (Aegidius/Gilg Tschudi, Chronicon Helveticum);\btschudi\b;"8910–8911 20. Mai 1443); Cod. Sang. 644, S. 159 Frund, Chronik, S. 142 sowie Tschudi, Chronicon 11, S. 139 1. Juni 1443). 35 Konig Sigmund hatte Stussi im Mai 1433"
/Users/programming/PycharmProjects/Find_Bibliography_NEw/data/azk_library/sieber-christian__19.pdf;7;work;Klingenberger/Rapperswiler Chronik (Eberhard Wüest, ed.);klingenberger\s+chronik;"Chronik, S. 30. 37 Frund, Chronik, S. 30–34, sowie aus Zurcher Optik) Klingenberger Chronik, S. 258f.; Chronik der Stadt Zurich, S. 195f.; URStAZ 6, Nr. 8428–8429"
/Users/programming/PycharmProjects/Find_Bibliography_NEw/data/azk_library/sieber-christian__19.pdf;7;work;Zürcher Stadtchronik (allgemein);chronik\s+der\s+stadt\s+z[üu]rich;"S. 30–34, sowie aus Zurcher Optik) Klingenberger Chronik, S. 258f.; Chronik der Stadt Zurich, S. 195f.; URStAZ 6, Nr. 8428–8429; StAZH, A 29.1 Mappe 3. 38 STASZ"
/Users/programming/PycharmProjects/Find_Bibliography_NEw/data/azk_library/sieber-christian__19.pdf;8;work;Fründ (Hans Fründ);\bfr[üu]nd\b;oder dann nach vorangehender Auslieferung an den Absender) durch die Schwyzer.40 Frund hat allerdings den Wortlaut der Kriegserklarung in seine Chronik aufgenommen
/Users/programming/PycharmProjects/Find_Bibliography_NEw/data/azk_library/sieber-christian__19.pdf;8;work;Fründ (Hans Fründ);\bfr[üu]nd\b;Helfern und Verbundeten der Schwyzer, die zumindest in einem Fall ebenfalls von Frund geschrieben worden sind.42 In den zwei Kriegswochen, die auf die Kriegserklarung
/Users/programming/PycharmProjects/Find_Bibliography_NEw/data/azk_library/sieber-christian__19.pdf;8;work;Fründ (Hans Fründ);\bfr[üu]nd\b;"nach Kilchberg, rund funf Kilometer vor den Stadtmauern Zurichs. Landschreiber Frund blieb ihr Begleiter; sein Bericht uber den Kriegszug durch die Zurcher Landschaft"
/Users/programming/PycharmProjects/Find_Bibliography_NEw/data/azk_library/sieber-christian__19.pdf;8;work;Fründ (Hans Fründ);\bfr[üu]nd\b;dabei hochst aufschlussreich und typisch fur die ganze Chronik: Ein Stuck weit ist Frund neutraler und ehrlicher Berichterstatter sowie Augenzeuge und schildert beispielsweise
/Users/programming/PycharmProjects/Find_Bibliography_NEw/data/azk_library/sieber-christian__19.pdf;8;work;Fründ (Hans Fründ);\bfr[üu]nd\b;plundern und die Hauser anschliessend in Brand zu stecken. Gleichzeitig ist es Frund aber ein Anliegen zu betonen, wie Ital Reding als Kommandant energisch gegen
/Users/programming/PycharmProjects/Find_Bibliography_NEw/data/azk_library/sieber-christian__19.pdf;8;work;Fründ (Hans Fründ);\bfr[üu]nd\b;zuruckholt – das Dorf Horgen ware sonst «gantz und gar verbrunnen» versichert Frund. Und man gewinnt tatsachlich den Eindruck, Reding habe solche Ubergriffe gelegentlich
/Users/programming/PycharmProjects/Find_Bibliography_NEw/data/azk_library/sieber-christian__19.pdf;8;work;Fründ (Hans Fründ);\bfr[üu]nd\b;Zurcher gezwungen, einzulenken und um Friedensverhandlungen zu bitten. Landschreiber Frund stellte den Zurcher Unterhandlern zu diesem Zweck in Kilchberg einen Geleitbrief
/Users/programming/PycharmProjects/Find_Bibliography_NEw/data/azk_library/sieber-christian__19.pdf;8;work;Fründ (Hans Fründ);\bfr[üu]nd\b;"hand uff Kilchberg»45), den wiederum Ital Reding besiegelte; den Entwurf dazu hat Frund abermals aufbewahrt und archiviert.46 Gultig war das Geleit bis zur Dreikonigskapelle"
/Users/programming/PycharmProjects/Find_Bibliography_NEw/data/azk_library/sieber-christian__19.pdf;8;work;Fründ (Hans Fründ);\bfr[üu]nd\b;Tage lang verhandelt wurde, bis der Entwurf fur einen Friedensvertrag vorlag, den Frund anschliessend am18.November in Kilchberg in seiner Feldkanzlei «mitt schrifft
/Users/programming/PycharmProjects/Find_Bibliography_NEw/data/azk_library/sieber-christian__19.pdf;8;work;Fründ (Hans Fründ);\bfr[üu]nd\b;derAuslieferung der Mahnschreiben URStAZ 6, Nr. 8529–8531). 41 Cod. Sang. 644, S. 64 Frund, Chronik, S. 62f., mit der einleitenden Bemerkung «da schreib ich die absagbriefe
/Users/programming/PycharmProjects/Find_Bibliography_NEw/data/azk_library/sieber-christian__19.pdf;8;work;Fründ (Hans Fründ);\bfr[üu]nd\b;undSTASZ,Urk. Nr.444 Entwurf sowie URStAZ 6, Nr. 8625–8627, 8630–8638. 43 Vgl. Frund, Chronik, S. 69. 44 Cod. Sang. 644, S. 74, 76f. Frund, Chronik, S. 70, 72. 45
/Users/programming/PycharmProjects/Find_Bibliography_NEw/data/azk_library/sieber-christian__19.pdf;8;work;Fründ (Hans Fründ);\bfr[üu]nd\b;8627, 8630–8638. 43 Vgl. Frund, Chronik, S. 69. 44 Cod. Sang. 644, S. 74, 76f. Frund, Chronik, S. 70, 72. 45 Cod. Sang. 644, S. 78 Frund, Chronik, S. 73. 46 STASZ
/Users/programming/PycharmProjects/Find_Bibliography_NEw/data/azk_library/sieber-christian__19.pdf;8;work;Fründ (Hans Fründ);\bfr[üu]nd\b;Cod. Sang. 644, S. 74, 76f. Frund, Chronik, S. 70, 72. 45 Cod. Sang. 644, S. 78 Frund, Chronik, S. 73. 46 STASZ, Urk. Nr. 449 Abschiede 2, Nr. 232 Original im StAZH
/Users/programming/PycharmProjects/Find_Bibliography_NEw/data/azk_library/sieber-christian__19.pdf;8;work;Fründ (Hans Fründ);\bfr[üu]nd\b;Abschiede 2, Nr. 232 Original im StAZH nicht mehr vorhanden). 47 Cod. Sang. 644, S. 81 Frund, Chronik, S. 76.
/Users/programming/PycharmProjects/Find_Bibliography_NEw/data/azk_library/sieber-christian__19.pdf;9;work;Fründ (Hans Fründ);\bfr[üu]nd\b;seine Chronik ubernommen, verbunden mit einem Kommentar, der annehmenlasst, dass Frund den Friedensvertrag inhaltlich massgeblich mitgestaltet hat. im Vertragstext
/Users/programming/PycharmProjects/Find_Bibliography_NEw/data/azk_library/sieber-christian__19.pdf;9;work;Fründ (Hans Fründ);\bfr[üu]nd\b;als Kilchberger Friede in die Geschichtsbucher eingegangen ist, hat dann nicht Frund im Feld ausgefertigt, sondern am 1. Dezember 1440 ein Schreiber in Luzern im
/Users/programming/PycharmProjects/Find_Bibliography_NEw/data/azk_library/sieber-christian__19.pdf;9;work;Fründ (Hans Fründ);\bfr[üu]nd\b;1442 Eine zweite, notariell beglaubigte Kopie des Vertrags hat dann Landschreiber Frund im April 1441 noch selber Irgendwann im Verlauf des Jahres 1442 hat Frund seine
/Users/programming/PycharmProjects/Find_Bibliography_NEw/data/azk_library/sieber-christian__19.pdf;9;work;Fründ (Hans Fründ);\bfr[üu]nd\b;Landschreiber Frund im April 1441 noch selber Irgendwann im Verlauf des Jahres 1442 hat Frund seine an sich abgeschlossene Chronik wieder hervorgeholt, weil ein neuer Konflikt
/Users/programming/PycharmProjects/Find_Bibliography_NEw/data/azk_library/sieber-christian__19.pdf;9;work;Fründ (Hans Fründ);\bfr[üu]nd\b;war vorbei. Dass er zwei Jahre spater von neuem ausbrechen wurde, war auch fur Frund nicht absehbar, wie er spater eingestanden hat.51 Er beendete sein Kriegstagebuchmit
/Users/programming/PycharmProjects/Find_Bibliography_NEw/data/azk_library/sieber-christian__19.pdf;9;work;Fründ (Hans Fründ);\bfr[üu]nd\b;"fromen Eidgnossen in diner huot / Das 48 URStAZ 6, Nr. 8646; Cod. Sang. 644, S. 79 Frund, Chronik, S. 74 «vormals ungehorsam» bzw. «wurdent gehorsam gemachet» 49 URStAZ"
/Users/programming/PycharmProjects/Find_Bibliography_NEw/data/azk_library/sieber-christian__19.pdf;9;work;Fründ (Hans Fründ);\bfr[üu]nd\b;von nieman mug vertryben!»52 50 URStAZ 6, Nr. 8674. 51 Cod. Sang. 644, S. 275 Frund, Chronik, S. 250: «Dann am anfang Aus dem Friedensjahr 1441 ist ausser dem Vidimus
/Users/programming/PycharmProjects/Find_Bibliography_NEw/data/azk_library/sieber-christian__19.pdf;9;work;Fründ (Hans Fründ);\bfr[üu]nd\b;ist ausser dem Vidimus des Kilchberger Friedens kein schriftliches Zeugnis von Frund uberliefert. Die durch die juristischen Auseinandersetzungen, den Kriegsausbruch
/Users/programming/PycharmProjects/Find_Bibliography_NEw/data/azk_library/sieber-christian__19.pdf;9;work;Fründ (Hans Fründ);\bfr[üu]nd\b;h. geschlichtet] wurdent, so sollt es ein end haben.» 52 Cod. Sang. 644, S. 93 Frund, Chronik, S. 86. Eine Anrufung von Gott und Maria sowie der Dreifaltigkeit findet
/Users/programming/PycharmProjects/Find_Bibliography_NEw/data/azk_library/sieber-christian__19.pdf;9;work;Fründ (Hans Fründ);\bfr[üu]nd\b;sich auch am Schluss von Frunds Berichtuber die Hexenverfolgungen im Wallis, vgl. Frund, Rapport, S. 44. Verhaltnisse zuruck. Eine Urkunde aus dem Jahr 1441 hangt aber
/Users/programming/PycharmProjects/Find_Bibliography_NEw/data/azk_library/sieber-christian__19.pdf;10;work;Fründ (Hans Fründ);\bfr[üu]nd\b;"206, 219, 251. Einziger Beleg fur die Teilnahme Redings: URStAZ 6, Nr. 8800; Frund erwahnt Reding in seinem Bericht uber die Verhandlungen in Frankfurt nicht namentlich"
/Users/programming/PycharmProjects/Find_Bibliography_NEw/data/azk_library/sieber-christian__19.pdf;10;work;Fründ (Hans Fründ);\bfr[üu]nd\b;Reding in seinem Bericht uber die Verhandlungen in Frankfurt nicht namentlich, vgl. Frund, Chronik, S. 91–93, 110.Die 70-tagige Reise des Solothurner Schultheissen Hemmannvon
/Users/programming/PycharmProjects/Find_Bibliography_NEw/data/azk_library/sieber-christian__19.pdf;10;work;Hemmerlin (Felix Hemmerlin/Malleolus);\bhemmerlin\b;"URStAZ 6, Nr. 7577–7585. 58 Vgl. URStAZ 6, Nr. 8786, 8793, 8809, 8812. 59 Fiala, Hemmerlin, S. 696 Seckelmeisterrechnung); Solothurnisches Wochenblatt 1814, S.438–440"
/Users/programming/PycharmProjects/Find_Bibliography_NEw/data/azk_library/sieber-christian__19.pdf;10;work;Tschudi (Aegidius/Gilg Tschudi, Chronicon Helveticum);\btschudi\b;"Gulden fur die Privilegienbestatigung. 60 Stettler, Zurichs Ausscheren, S. 41*f.; Tschudi, Chronicon 11, S. 47f. Nach KriegsausbruchhatFriedrichIII. die Privilegienbestatigungen"
/Users/programming/PycharmProjects/Find_Bibliography_NEw/data/azk_library/sieber-christian__19.pdf;11;work;Fründ (Hans Fründ);\bfr[üu]nd\b;ubrigen Orten hingegen – obwohl in den Worten von Frund «getruwe gehorsame undertanen deß heilgen romischen richs» – verweigerte sie der Konig in Freiburg ein zweites
/Users/programming/PycharmProjects/Find_Bibliography_NEw/data/azk_library/sieber-christian__19.pdf;11;work;Fründ (Hans Fründ);\bfr[üu]nd\b;auf ein reichsgerichtliches Verfahren) sogar ein drittes Mal, wie Landschreiber Frund in seiner Chronik entrustet festhalt.61 Die von Frund archivierte Geleitzusage
/Users/programming/PycharmProjects/Find_Bibliography_NEw/data/azk_library/sieber-christian__19.pdf;11;work;Fründ (Hans Fründ);\bfr[üu]nd\b;drittes Mal, wie Landschreiber Frund in seiner Chronik entrustet festhalt.61 Die von Frund archivierte Geleitzusage des Konigs fur die letzte Verhandlungsrunde in Konstanz
/Users/programming/PycharmProjects/Find_Bibliography_NEw/data/azk_library/sieber-christian__19.pdf;11;work;Fründ (Hans Fründ);\bfr[üu]nd\b;sind gute Beispiele fur ein wichtiges Geschehen des Alten Zurichkriegs, uber das Frund fur einmal nicht als Augenzeuge berichten kann,64 sondern bei dem er auf Informationen
/Users/programming/PycharmProjects/Find_Bibliography_NEw/data/azk_library/sieber-christian__19.pdf;11;work;Fründ (Hans Fründ);\bfr[üu]nd\b;"berichten kann,64 sondern bei dem er auf Informationen Dritter angewiesen ist. Auch Frund konnte selbstverstandlich nicht uberall personlich dabei sein; die folgenden"
/Users/programming/PycharmProjects/Find_Bibliography_NEw/data/azk_library/sieber-christian__19.pdf;11;work;Fründ (Hans Fründ);\bfr[üu]nd\b;St. Jakob an der Birs 1444 und von Ragaz 1446 sind weitere Beispiele hierfur. Frund ist aber einmal mehr ehrlich und exakt genug, seine Distanz zum Geschehen zu
/Users/programming/PycharmProjects/Find_Bibliography_NEw/data/azk_library/sieber-christian__19.pdf;11;work;Fründ (Hans Fründ);\bfr[üu]nd\b;"herauszugeben und diesen stattdessen anlasslich einer Tagsatzung nur zu verlesen.66 Auch Frund blieb so der Zugang zum genauen Wortlaut verwehrt; erst funf Jahre spater, nach"
/Users/programming/PycharmProjects/Find_Bibliography_NEw/data/azk_library/sieber-christian__19.pdf;11;work;Fründ (Hans Fründ);\bfr[üu]nd\b;in Form eines offiziellen MahnschreibensderSchwyzer, verfasst von Landschreiber Frund, und als Reaktion darauf einer ablehnenden Antwort der Zurcher, verfasst von
/Users/programming/PycharmProjects/Find_Bibliography_NEw/data/azk_library/sieber-christian__19.pdf;11;work;Fründ (Hans Fründ);\bfr[üu]nd\b;eroffneten, am 20. Mai 1443 um 3 Uhr nachmittags mit je einer von Landschreiber Frund verfassten Kriegserklarung an Zurich und an die Herrschaft Osterreich – wobei
/Users/programming/PycharmProjects/Find_Bibliography_NEw/data/azk_library/sieber-christian__19.pdf;11;work;Fründ (Hans Fründ);\bfr[üu]nd\b;verfassten Kriegserklarung an Zurich und an die Herrschaft Osterreich – wobei Frund als ehrlicher Insider festhalt, dass dies «ane [d.h. ohne]rat der andren ira
/Users/programming/PycharmProjects/Find_Bibliography_NEw/data/azk_library/sieber-christian__19.pdf;11;work;Fründ (Hans Fründ);\bfr[üu]nd\b;Den Wortlaut der beiden Schwyzer Kriegserklarungen verdanken wir erneut allein Frund, der 61 Frund, Chronik, S. 94, 109f. Zitat: Cod. Sang. 644, S. 121), 121f. Nach
/Users/programming/PycharmProjects/Find_Bibliography_NEw/data/azk_library/sieber-christian__19.pdf;11;work;Fründ (Hans Fründ);\bfr[üu]nd\b;der beiden Schwyzer Kriegserklarungen verdanken wir erneut allein Frund, der 61 Frund, Chronik, S. 94, 109f. Zitat: Cod. Sang. 644, S. 121), 121f. Nach der Klingenberger
/Users/programming/PycharmProjects/Find_Bibliography_NEw/data/azk_library/sieber-christian__19.pdf;11;work;Fründ (Hans Fründ);\bfr[üu]nd\b;Reichstagsakten 17, S. 5, Anm. 3. 63 STASZ, Urk. Nr. 857a. 64 Vgl. Cod. Sang. 644, S. 96 Frund, Chronik, S. 90, uber den Inhalt der Verhandlungen der Zurcher: «das habich weder
/Users/programming/PycharmProjects/Find_Bibliography_NEw/data/azk_library/sieber-christian__19.pdf;11;work;Fründ (Hans Fründ);\bfr[üu]nd\b;Inhalt der Verhandlungen der Zurcher: «das habich weder gesehen noch gehort» 65 Frund, Chronik, S. 1f. Zitat: Cod. Sang. 644, S. 3) und 224 Zitat: Cod. Sang. 644,
/Users/programming/PycharmProjects/Find_Bibliography_NEw/data/azk_library/sieber-christian__19.pdf;11;work;Fründ (Hans Fründ);\bfr[üu]nd\b;"287. 67 Vgl. Stettler, Frunds Darstellung, S. 124*f.; Cod. Sang. 644, S. 104 Frund, Chronik, S. 97. 68 STASZ, Urk. Nr. 460 Abbildung: Sieber, Einsiedeln, S. 48"
/Users/programming/PycharmProjects/Find_Bibliography_NEw/data/azk_library/sieber-christian__19.pdf;11;work;Klingenberger/Rapperswiler Chronik (Eberhard Wüest, ed.);klingenberger\s+chronik;Chronik, S. 94, 109f. Zitat: Cod. Sang. 644, S. 121), 121f. Nach der Klingenberger Chronik, S. 291–293, war in Konstanz der Berner Ulrich von Erlach Sprecher der
/Users/programming/PycharmProjects/Find_Bibliography_NEw/data/azk_library/sieber-christian__19.pdf;11;work;Klingenberger/Rapperswiler Chronik (Eberhard Wüest, ed.);klingenberger\s+chronik;"sant Jacoben an der Birß, der sy half begraben und bestattnen» 66 Vgl. Klingenberger Chronik, S. 287. 67 Vgl. Stettler, Frunds Darstellung, S. 124*f.; Cod. Sang."
/Users/programming/PycharmProjects/Find_Bibliography_NEw/data/azk_library/sieber-christian__19.pdf;12;work;Fründ (Hans Fründ);\bfr[üu]nd\b;der Empfanger ist bis heute zwar kein Original dieses Schreibens aufgetaucht, Frund uberliefert es aber, adressiert an die Reichsstadt Ulm, in seiner Chronik.71
/Users/programming/PycharmProjects/Find_Bibliography_NEw/data/azk_library/sieber-christian__19.pdf;12;work;Fründ (Hans Fründ);\bfr[üu]nd\b;unmittelbare Vorgeschichte des Konflikts, sondern gehen weit in die Vergangenheit zuruck. Frund erklart, wie die Schwyzer seit jeher reichstreu gewesen seien und dafur stets
/Users/programming/PycharmProjects/Find_Bibliography_NEw/data/azk_library/sieber-christian__19.pdf;12;work;Fründ (Hans Fründ);\bfr[üu]nd\b;worden.72 Am Anfang solcher Argumentation aber steht kein anderer als Landschreiber Frund mit seiner Rechtfertigung des Schwyzer Standpunkts im Alten Zurichkrieg. Frund
/Users/programming/PycharmProjects/Find_Bibliography_NEw/data/azk_library/sieber-christian__19.pdf;12;work;Fründ (Hans Fründ);\bfr[üu]nd\b;Frund mit seiner Rechtfertigung des Schwyzer Standpunkts im Alten Zurichkrieg. Frund hat aus fruheren Auseinandersetzungen mit der Herrschaft Osterreich eine habsburgische
/Users/programming/PycharmProjects/Find_Bibliography_NEw/data/azk_library/sieber-christian__19.pdf;12;work;Fründ (Hans Fründ);\bfr[üu]nd\b;festhielt.73 Von einem Skandal «ungehort sach» sprachen damals die Zurcher.74 Frund zieht auch an anderen Stellen seiner Chronik die Geschichte als Argument heran
/Users/programming/PycharmProjects/Find_Bibliography_NEw/data/azk_library/sieber-christian__19.pdf;12;work;Fründ (Hans Fründ);\bfr[üu]nd\b;geblieben ist. Nur den Bundesbrief von 1291 sucht man in der Argumentation von Frund vergeblich, obwohl die Urkunde ausgerechnet in jenem Archiv lag, das er zu betreuen
/Users/programming/PycharmProjects/Find_Bibliography_NEw/data/azk_library/sieber-christian__19.pdf;12;work;Fründ (Hans Fründ);\bfr[üu]nd\b;hatte. Mit einer konkreten Jahresangabe sind die Anfange der Eidgenossenschaft bei Frund aber ebenso wenig versehen wie knapp dreissig Jahre spater in der Erzahlung im
/Users/programming/PycharmProjects/Find_Bibliography_NEw/data/azk_library/sieber-christian__19.pdf;12;work;Fründ (Hans Fründ);\bfr[üu]nd\b;sogenanntes Dorsualregest von einer Hand des 15. Jahrhunderts, die durchaus jene von Frund sein konnte und auch bei anderen Urkunden anzutreffen ist. Wie weit Frunddas
/Users/programming/PycharmProjects/Find_Bibliography_NEw/data/azk_library/sieber-christian__19.pdf;12;work;Fründ (Hans Fründ);\bfr[üu]nd\b;"starkes Indiz sind77 –, musste 69 STASZ, Urk. Nr. 463 mit Uberschrift «copia» ; Frund, Chronik, S. 126,130 Zitate: Cod. Sang.644, S. 139,143)sowieTschudi, Chronicon"
/Users/programming/PycharmProjects/Find_Bibliography_NEw/data/azk_library/sieber-christian__19.pdf;12;work;Fründ (Hans Fründ);\bfr[üu]nd\b;"Chronicon 11, S. 112f., und URStAZ 6, Nr. 8910–8911. 70 URStAZ 6, Nr. 8913. 71 Frund, Chronik, S. 120–125, sowie Tschudi, Chronicon 11, S. 105–109; vgl. auch Dettling"
/Users/programming/PycharmProjects/Find_Bibliography_NEw/data/azk_library/sieber-christian__19.pdf;12;work;Fründ (Hans Fründ);\bfr[üu]nd\b;IV. vom 29. Juni 1437). 74 URStAZ 6, Nr. 8352 sowie Nr. 8063, 8071, 8085, 8191. Frund schweigt in seiner Chronik hierzu, obwohl er damals bereits Landschreiber war
/Users/programming/PycharmProjects/Find_Bibliography_NEw/data/azk_library/sieber-christian__19.pdf;12;work;Fründ (Hans Fründ);\bfr[üu]nd\b;"schweigt in seiner Chronik hierzu, obwohl er damals bereits Landschreiber war. 75 Frund, Chronik, S. 108. 76 STASZ, Urk. Nr. 27; QW 1/1, Nr. 1681 Foto des Dorsualregests"
/Users/programming/PycharmProjects/Find_Bibliography_NEw/data/azk_library/sieber-christian__19.pdf;12;work;Tschudi (Aegidius/Gilg Tschudi, Chronicon Helveticum);\btschudi\b;"6, Nr. 8910–8911. 70 URStAZ 6, Nr. 8913. 71 Frund, Chronik, S. 120–125, sowie Tschudi, Chronicon 11, S. 105–109; vgl. auch Dettling/Horat/Kessler/Landolt/Michel,"
/Users/programming/PycharmProjects/Find_Bibliography_NEw/data/azk_library/sieber-christian__19.pdf;13;work;Fründ (Hans Fründ);\bfr[üu]nd\b;Landschreiber 22 Franz Anton Frischherz 1724 angelegt hat.78 Nach Kriegsbeginn hat Frund weitere Rechtfertigungsschreiben verfasst – oder war als «schriber gmeiner Eidgenossen
/Users/programming/PycharmProjects/Find_Bibliography_NEw/data/azk_library/sieber-christian__19.pdf;13;work;Fründ (Hans Fründ);\bfr[üu]nd\b;ausserhalb ihres Gebiets eine in diesem Ausmass bisher nicht gekannte Beachtung. Frund hat dabeidas Bild wesentlich mitgepragt, das man sich namentlich in den Reichsstadten
/Users/programming/PycharmProjects/Find_Bibliography_NEw/data/azk_library/sieber-christian__19.pdf;13;work;Fründ (Hans Fründ);\bfr[üu]nd\b;sich die Anerkennung der fuhrenden Rolle von Schwyz im ganzen Konflikt, an der Frund als «Chefideologe» einen nicht geringen Anteil hatte. Frund war es, der den Schwyzer
/Users/programming/PycharmProjects/Find_Bibliography_NEw/data/azk_library/sieber-christian__19.pdf;13;work;Fründ (Hans Fründ);\bfr[üu]nd\b;ganzen Konflikt, an der Frund als «Chefideologe» einen nicht geringen Anteil hatte. Frund war es, der den Schwyzer Rechtsstandpunkt ausformuliert und in einer langfristigen
/Users/programming/PycharmProjects/Find_Bibliography_NEw/data/azk_library/sieber-christian__19.pdf;13;work;Fründ (Hans Fründ);\bfr[üu]nd\b;Wanner) mogen in eine ahnliche Richtung gearbeitet haben. Derart gut fassen wie Frund lasst sich aber keiner von ihnen wahrend des Alten Zurichkriegs.84 Den Zurchern
/Users/programming/PycharmProjects/Find_Bibliography_NEw/data/azk_library/sieber-christian__19.pdf;13;work;Fründ (Hans Fründ);\bfr[üu]nd\b;auf der Gegenseite fehlte eindeutig ein ebenso versierter und begabter Mann, wie Frund es war. Ausserdem hatten sie den Nachteil, dass sie militarisch erneut auf der
/Users/programming/PycharmProjects/Find_Bibliography_NEw/data/azk_library/sieber-christian__19.pdf;13;work;Fründ (Hans Fründ);\bfr[üu]nd\b;Bundesbrief, S. 87, mit weiterfuhrender Lite¬ ratur. 79 Cod. Sang. 644, S. 248 Frund, Chronik, S. 224. 80 Vgl.zu diesen Fragen Sieber, Opfer, S. 73–76,undLandolt
/Users/programming/PycharmProjects/Find_Bibliography_NEw/data/azk_library/sieber-christian__19.pdf;13;work;Fründ (Hans Fründ);\bfr[üu]nd\b;von Berner Truppen anlasslich der Belagerung von Gruningen stattgefunden haben. Frund berichtet nur uber einen anderen Vermittlungsversuch des Konzils von Basel im
/Users/programming/PycharmProjects/Find_Bibliography_NEw/data/azk_library/sieber-christian__19.pdf;13;work;Fründ (Hans Fründ);\bfr[üu]nd\b;Vermittlungsversuch des Konzils von Basel im Juli 1443 im Feldlager bei Hedingen Frund, Chronik, S. 152f.). 83 Vgl. Bernhard Stettler, in: Tschudi, Chronicon 11, S
/Users/programming/PycharmProjects/Find_Bibliography_NEw/data/azk_library/sieber-christian__19.pdf;13;work;Etterlin (Petermann Etterlin, Kronika);\betterlin\b;reduziert hat. Frunds Amtskollegen, die Stadt- und Landschreiber von Luzern Egloff Etterlin sowie Johannes Etterlin), Uri Hans Kempf und dann HansPuntener), Obwalden Hans
/Users/programming/PycharmProjects/Find_Bibliography_NEw/data/azk_library/sieber-christian__19.pdf;13;work;Etterlin (Petermann Etterlin, Kronika);\betterlin\b;Amtskollegen, die Stadt- und Landschreiber von Luzern Egloff Etterlin sowie Johannes Etterlin), Uri Hans Kempf und dann HansPuntener), Obwalden Hans Schriber), Nidwalden
/Users/programming/PycharmProjects/Find_Bibliography_NEw/data/azk_library/sieber-christian__19.pdf;13;work;Etterlin (Petermann Etterlin, Kronika);\betterlin\b;"Chronicon 11, S. 437f.; Sieber, Reichsstadt Zurich, S. 491. 84 Zu den beiden Etterlin in Luzern vgl. Wanner, Schreiber, S.13; SSRQ Luzern1/2, S.XXXIV; zuWannerin"
/Users/programming/PycharmProjects/Find_Bibliography_NEw/data/azk_library/sieber-christian__19.pdf;13;work;Tschudi (Aegidius/Gilg Tschudi, Chronicon Helveticum);\btschudi\b;"Feldlager bei Hedingen Frund, Chronik, S. 152f.). 83 Vgl. Bernhard Stettler, in: Tschudi, Chronicon 11, S. 437f.; Sieber, Reichsstadt Zurich, S. 491. 84 Zu den beiden"
/Users/programming/PycharmProjects/Find_Bibliography_NEw/data/azk_library/sieber-christian__19.pdf;14;work;Fründ (Hans Fründ);\bfr[üu]nd\b;Johannes Abyberg sowie den anderen Eidgenossen auf ihrer Seite. Landschreiber Frund ist einmal mehr hautnah dabei und uberliefert von allen Augenzeugen den ausfuhrlichsten
/Users/programming/PycharmProjects/Find_Bibliography_NEw/data/azk_library/sieber-christian__19.pdf;14;work;Fründ (Hans Fründ);\bfr[üu]nd\b;und Reding, wie er im 19. Jahrhundert bildlich dargestellt worden ist,87 weiss Frund allerdings nichts zu berichten. Dafur listet er einige prominente Gefallene auf
/Users/programming/PycharmProjects/Find_Bibliography_NEw/data/azk_library/sieber-christian__19.pdf;14;work;Fründ (Hans Fründ);\bfr[üu]nd\b;"einige prominente Gefallene auf Zurcher 85 Vgl. Sieber, Stussi und Stebler. 86 Frund, Chronik, S. 153–159 Zitat: Frund, Chronik, S. 158 Cod. Sang. 644, S. 178); Informanten"
/Users/programming/PycharmProjects/Find_Bibliography_NEw/data/azk_library/sieber-christian__19.pdf;14;work;Fründ (Hans Fründ);\bfr[üu]nd\b;"Zurcher 85 Vgl. Sieber, Stussi und Stebler. 86 Frund, Chronik, S. 153–159 Zitat: Frund, Chronik, S. 158 Cod. Sang. 644, S. 178); Informanten aus Zurich auch erwahnt"
/Users/programming/PycharmProjects/Find_Bibliography_NEw/data/azk_library/sieber-christian__19.pdf;14;work;Fründ (Hans Fründ);\bfr[üu]nd\b;"Chronik, S. 158 Cod. Sang. 644, S. 178); Informanten aus Zurich auch erwahnt bei Frund, Chronik, S. 133, 140 und 156. 87 STASZ, Graphische Sammlung, Nr. 1571, sowie"
/Users/programming/PycharmProjects/Find_Bibliography_NEw/data/azk_library/sieber-christian__19.pdf;15;work;Fründ (Hans Fründ);\bfr[üu]nd\b;anbeten wie einst die Romer ihre Gotter.96 Daneben uberliefert Hemmerli auch zu Frund eine symboltrachtige Anekdote, nach der einst bei Friedensverhandlungen im Freien
/Users/programming/PycharmProjects/Find_Bibliography_NEw/data/azk_library/sieber-christian__19.pdf;15;work;Fründ (Hans Fründ);\bfr[üu]nd\b;feindlichen Lagers zum Trotz – in der Realitat haben Landammann Reding und Landschreiber Frund im Unterschied zu ihren Gegenspielern in Zurich den Krieg uberlebt, der erst
/Users/programming/PycharmProjects/Find_Bibliography_NEw/data/azk_library/sieber-christian__19.pdf;15;work;Fründ (Hans Fründ);\bfr[üu]nd\b;letztlich wie 1440 die Schwyzer und ihre eidgenossischen Verbundeten siegreich. Frund hatte sein Tagebuch den ganzen Krieg hindurch fortgefuhrt, jetzt konnte er es
/Users/programming/PycharmProjects/Find_Bibliography_NEw/data/azk_library/sieber-christian__19.pdf;15;work;Fründ (Hans Fründ);\bfr[üu]nd\b;dryvaltikeit» definitiv abschliessen, als am Dreifaltigkeits- 88 Cod. Sang. 644, S. 177 Frund, Chronik, S. 158. 89 URStAZ 6, Nr. 8076. 90 Beide Vorfalle zit. nach Sieber,
/Users/programming/PycharmProjects/Find_Bibliography_NEw/data/azk_library/sieber-christian__19.pdf;15;work;Fründ (Hans Fründ);\bfr[üu]nd\b;S. 60. 97 In deutscher Ubersetzung zitiert bei Reber, Hemmerlin, S. 263f. 98 Frund, Chronik, S. 280–292.
/Users/programming/PycharmProjects/Find_Bibliography_NEw/data/azk_library/sieber-christian__19.pdf;15;work;Hemmerlin (Felix Hemmerlin/Malleolus);\bhemmerlin\b;"95 Vgl. Deuteronomium 28, 64. 96 In deutscher Ubersetzung zitiert bei Reber,Hemmerlin, S. 259; an an¬ derer Stelle bezeichnet Hemmerli Reding als «Halbgott der Schwyzer"
/Users/programming/PycharmProjects/Find_Bibliography_NEw/data/azk_library/sieber-christian__19.pdf;15;work;Hemmerlin (Felix Hemmerlin/Malleolus);\bhemmerlin\b;Landolt, Land Schwyz, S. 60. 97 In deutscher Ubersetzung zitiert bei Reber, Hemmerlin, S. 263f. 98 Frund, Chronik, S. 280–292.
/Users/programming/PycharmProjects/Find_Bibliography_NEw/data/azk_library/sieber-christian__19.pdf;15;work;Tschudi (Aegidius/Gilg Tschudi, Chronicon Helveticum);\btschudi\b;Vorfalle zit. nach Sieber, Stussi und Stebler. 91 Vgl. Bernhard Stettler, in: Tschudi, Chronicon 11, S. 177, Anm. 79 mit zahlreichen Belegen. 92 Sieber-Lehmann/Wilhelmi
/Users/programming/PycharmProjects/Find_Bibliography_NEw/data/azk_library/sieber-christian__19.pdf;15;work;Tschudi (Aegidius/Gilg Tschudi, Chronicon Helveticum);\btschudi\b;"79 mit zahlreichen Belegen. 92 Sieber-Lehmann/Wilhelmi, In Helvetios, S. 35; Tschudi, Chronicon 11, S. 175. 93 Sieber-Lehmann/Wilhelmi, In Helvetios, S. 48; Tschudi"
/Users/programming/PycharmProjects/Find_Bibliography_NEw/data/azk_library/sieber-christian__19.pdf;15;work;Tschudi (Aegidius/Gilg Tschudi, Chronicon Helveticum);\btschudi\b;"Tschudi, Chronicon 11, S. 175. 93 Sieber-Lehmann/Wilhelmi, In Helvetios, S. 48; Tschudi, Chronicon 11, S. 309. 94 URStAZ 6, Nr. 9016. 95 Vgl. Deuteronomium 28, 64."
/Users/programming/PycharmProjects/Find_Bibliography_NEw/data/azk_library/sieber-christian__19.pdf;16;work;Fründ (Hans Fründ);\bfr[üu]nd\b;enden frod und loppt man gott, das der frid komen was» 99 Gleichzeitig vergass Frund bei aller Befriedigung uber den Kriegsausgang nicht, auch der «manig arm wittwen
/Users/programming/PycharmProjects/Find_Bibliography_NEw/data/azk_library/sieber-christian__19.pdf;16;work;Fründ (Hans Fründ);\bfr[üu]nd\b;Krieg verursacht hatte.100Nur zu den Kriegskosten und zur Kriegsfinanzierung macht Frund keine naheren Angaben.101 Ganz am Schluss seiner Chronik kundigt Frund noch eine
/Users/programming/PycharmProjects/Find_Bibliography_NEw/data/azk_library/sieber-christian__19.pdf;16;work;Fründ (Hans Fründ);\bfr[üu]nd\b;Kriegsfinanzierung macht Frund keine naheren Angaben.101 Ganz am Schluss seiner Chronik kundigt Frund noch eine Namensliste der im Krieg gefallenen Schwyzer an.102 Sie fehlt dann
/Users/programming/PycharmProjects/Find_Bibliography_NEw/data/azk_library/sieber-christian__19.pdf;16;work;Fründ (Hans Fründ);\bfr[üu]nd\b;Armagnaken gefallen ist).103 DieseTotenliste hatmit grosserWahrscheinlichkeit Frund angelegt, der neben seinem Kriegstagebuch wohl fortlaufend die Namen der Schwyzer
/Users/programming/PycharmProjects/Find_Bibliography_NEw/data/azk_library/sieber-christian__19.pdf;16;work;Fründ (Hans Fründ);\bfr[üu]nd\b;Gedenken nach dem Krieg, anderseits aber auch aus einem statistischen Interesse. Frund hat namlich auf dem Schlachtfeld jeweils auch die toten Feinde gezahlt oder zahlen
/Users/programming/PycharmProjects/Find_Bibliography_NEw/data/azk_library/sieber-christian__19.pdf;16;work;Fründ (Hans Fründ);\bfr[üu]nd\b;feindlichen Seite – auch Kriegspropaganda betrieben.107 In einem ersten Schritt aber war Frund einfach nur um verlassliches Zahlenmaterial bemuht. So storten ihn divergierende
/Users/programming/PycharmProjects/Find_Bibliography_NEw/data/azk_library/sieber-christian__19.pdf;16;work;Fründ (Hans Fründ);\bfr[üu]nd\b;Schlachtjahrzeit voraus.110 Die Formulierung der beiden Texte lasst erkennen, dass Frund auch hier die Hand mit im Spiel hatte und seine Chronik quasi in die Jahrzeitbucher
/Users/programming/PycharmProjects/Find_Bibliography_NEw/data/azk_library/sieber-christian__19.pdf;16;work;Fründ (Hans Fründ);\bfr[üu]nd\b;seinen Einfluss auf die eidgenossische Politik 99 Vgl. Cod. Sang. 644, S. 306, 323 Frund, Chronik, S. 280, 292, so¬ wie aus Zurcher Optik) ganz ahnlich Chronik der Stadt
/Users/programming/PycharmProjects/Find_Bibliography_NEw/data/azk_library/sieber-christian__19.pdf;16;work;Fründ (Hans Fründ);\bfr[üu]nd\b;"ahnlich Chronik der Stadt Zurich, S. 222; zur Anrufung der Dreifaltigkeit durch Frund vgl. auch oben Anm. 52. 100 Cod. Sang. 644, S. 290 Frund, Chronik, S. 266. 101"
/Users/programming/PycharmProjects/Find_Bibliography_NEw/data/azk_library/sieber-christian__19.pdf;16;work;Fründ (Hans Fründ);\bfr[üu]nd\b;Dreifaltigkeit durch Frund vgl. auch oben Anm. 52. 100 Cod. Sang. 644, S. 290 Frund, Chronik, S. 266. 101 Vgl. zu diesem wichtigen Aspekt des Alten Zurichkriegs
/Users/programming/PycharmProjects/Find_Bibliography_NEw/data/azk_library/sieber-christian__19.pdf;16;work;Fründ (Hans Fründ);\bfr[üu]nd\b;Aspekt des Alten Zurichkriegs jetzt Landolt, Finanzen, S. 76, 78, 79f., 85, 88. 102 Frund, Chronik, S. 293. 103 Jahrzeitbuch Schwyz, S. 125f. Zu den deutlich hoheren Opferzahlen
/Users/programming/PycharmProjects/Find_Bibliography_NEw/data/azk_library/sieber-christian__19.pdf;16;work;Fründ (Hans Fründ);\bfr[üu]nd\b;"1515: 177 Gefallene) und 219f. Zweiter Kappelerkrieg 1531: 16 Gefallene). 104 Vgl.Frund,Chronik, S. 132 mit den Namen der Gefallenen bei Freienbach am 22. Mai 1443;"
/Users/programming/PycharmProjects/Find_Bibliography_NEw/data/azk_library/sieber-christian__19.pdf;16;work;Fründ (Hans Fründ);\bfr[üu]nd\b;"132 mit den Namen der Gefallenen bei Freienbach am 22. Mai 1443; danach bringt Frund in seiner Chronik nur noch Zahlen der gefallenen Schwyzer. 105 Frund, Chronik"
/Users/programming/PycharmProjects/Find_Bibliography_NEw/data/azk_library/sieber-christian__19.pdf;16;work;Fründ (Hans Fründ);\bfr[üu]nd\b;"danach bringt Frund in seiner Chronik nur noch Zahlen der gefallenen Schwyzer. 105 Frund, Chronik, S. 32, 132,138, 158,216, 256; URStAZ6,Nr.8922, 8965, 9121; Sieber,"
/Users/programming/PycharmProjects/Find_Bibliography_NEw/data/azk_library/sieber-christian__19.pdf;16;work;Fründ (Hans Fründ);\bfr[üu]nd\b;"256; URStAZ6,Nr.8922, 8965, 9121; Sieber, Opfer, S. 66–68; weitere Zahlen bei Frund, Chronik, S. 153, 200, 222, 223, 227, 238, 240, 259. 106 Cod. Sang. 644, S. 145"
/Users/programming/PycharmProjects/Find_Bibliography_NEw/data/azk_library/sieber-christian__19.pdf;16;work;Fründ (Hans Fründ);\bfr[üu]nd\b;Chronik, S. 153, 200, 222, 223, 227, 238, 240, 259. 106 Cod. Sang. 644, S. 145 Frund, Chronik, S. 132. 107 Vgl. oben bei Anm. 80 sowie Sieber, Opfer, S. 67. 108 Frund
/Users/programming/PycharmProjects/Find_Bibliography_NEw/data/azk_library/sieber-christian__19.pdf;16;work;Fründ (Hans Fründ);\bfr[üu]nd\b;Frund, Chronik, S. 132. 107 Vgl. oben bei Anm. 80 sowie Sieber, Opfer, S. 67. 108 Frund, Chronik, S. 32, 262 Cod. Sang. 644, S. 287: «gar ungelich» Zahlen). 109 Sieber
/Users/programming/PycharmProjects/Find_Bibliography_NEw/data/azk_library/sieber-christian__19.pdf;16;work;Zürcher Stadtchronik (allgemein);chronik\s+der\s+stadt\s+z[üu]rich;"Frund, Chronik, S. 280, 292, so¬ wie aus Zurcher Optik) ganz ahnlich Chronik der Stadt Zurich, S. 222; zur Anrufung der Dreifaltigkeit durch Frund vgl. auch oben"
/Users/programming/PycharmProjects/Find_Bibliography_NEw/data/azk_library/sieber-christian__19.pdf;17;work;Fründ (Hans Fründ);hans\s+fr[üu]nd;beibehalten hatte.113 Hans Frund demgegenuber begleitete auch noch den langwierigen Schiedsprozess umdie juristische Bewaltigung des Alten Zurichkriegs in Kaiserstuhl
/Users/programming/PycharmProjects/Find_Bibliography_NEw/data/azk_library/sieber-christian__19.pdf;17;work;Fründ (Hans Fründ);\bfr[üu]nd\b;beibehalten hatte.113 Hans Frund demgegenuber begleitete auch noch den langwierigen Schiedsprozess umdie juristische Bewaltigung des Alten Zurichkriegs in Kaiserstuhl
/Users/programming/PycharmProjects/Find_Bibliography_NEw/data/azk_library/sieber-christian__19.pdf;17;work;Fründ (Hans Fründ);\bfr[üu]nd\b;Lohnzahlung114 insbesondere eine umfangreiche Prozessdokumentation 26 ab, die Frund seiner Chronik anfugte. Lebendige Augenzeugenberichte wie zuvor beim Kriegsgeschehen
/Users/programming/PycharmProjects/Find_Bibliography_NEw/data/azk_library/sieber-christian__19.pdf;17;work;Fründ (Hans Fründ);\bfr[üu]nd\b;Eidgnossen ir sachen [ gerichtlich] gewunnen hand.»116 Dennoch ist unverkennbar, dass Frund nach Kriegsende in Schwyz nicht mehr dieselbe wichtige Rolle spieltewie zuvor
/Users/programming/PycharmProjects/Find_Bibliography_NEw/data/azk_library/sieber-christian__19.pdf;17;work;Fründ (Hans Fründ);\bfr[üu]nd\b;Ausgleich und die Aussohnung mit Zurich suchen.117 Auch Johannes Abyberg, den Frund explizit als «min guot frund» bezeichnet, 118war nichtmehr amLeben. Vielleicht
/Users/programming/PycharmProjects/Find_Bibliography_NEw/data/azk_library/sieber-christian__19.pdf;17;work;Fründ (Hans Fründ);\bfr[üu]nd\b;mit Zurich suchen.117 Auch Johannes Abyberg, den Frund explizit als «min guot frund» bezeichnet, 118war nichtmehr amLeben. Vielleicht hatte Frund unter diesen Umstanden
/Users/programming/PycharmProjects/Find_Bibliography_NEw/data/azk_library/sieber-christian__19.pdf;17;work;Fründ (Hans Fründ);\bfr[üu]nd\b;explizit als «min guot frund» bezeichnet, 118war nichtmehr amLeben. Vielleicht hatte Frund unter diesen Umstanden mehr Muhe, auf Friede und Ausgleich umzustellen als andere
/Users/programming/PycharmProjects/Find_Bibliography_NEw/data/azk_library/sieber-christian__19.pdf;17;work;Fründ (Hans Fründ);\bfr[üu]nd\b;es in Schwyz und ebenso in Zurich) weiterhin unversohnliche Stimmen.119Wenn man Frund beim Wort nimmt, dann war er selber eine davon, hatte er doch 1443, auf dem Hohepunkt
/Users/programming/PycharmProjects/Find_Bibliography_NEw/data/azk_library/sieber-christian__19.pdf;17;work;Fründ (Hans Fründ);\bfr[üu]nd\b;Nachkriegszeit ab 1450 DiePartei der Unversohnlichen in Schwyz,und mit ihr vielleicht Frund, sah es nicht gerne, dass 1450, im Jahr der end¬ gultigen Aussohnung, die von
/Users/programming/PycharmProjects/Find_Bibliography_NEw/data/azk_library/sieber-christian__19.pdf;17;work;Fründ (Hans Fründ);\bfr[üu]nd\b;"solche von Schwyz) in der Zeit der Besetzung ausgestellt hatten; eine davonhatte Frund sogar geschrieben.121 Gleichzeitig mussten in der Pfarrkirche von Schwyz wie"
/Users/programming/PycharmProjects/Find_Bibliography_NEw/data/azk_library/sieber-christian__19.pdf;17;work;Fründ (Hans Fründ);\bfr[üu]nd\b;allgemeinen Tagsatzungsbeschlusses entfernt und den Zurchern zuruckgegeben werden.122 Frund erwahnt inseiner Chronik allerdings nur je ein «vennli» Feldzeichen eines einzelnen
/Users/programming/PycharmProjects/Find_Bibliography_NEw/data/azk_library/sieber-christian__19.pdf;17;work;Fründ (Hans Fründ);\bfr[üu]nd\b;Schiedsgerichts in Einsiedeln STASZ, Urk., Nr. 509). 118 Cod. Sang. 644, S. 261 Frund, Chronik, S. 237. 119 Vgl. Stettler, Liquidation, S. 57*f. 120 Cod. Sang. 644
/Users/programming/PycharmProjects/Find_Bibliography_NEw/data/azk_library/sieber-christian__19.pdf;17;work;Fründ (Hans Fründ);\bfr[üu]nd\b;"Chronik, S. 237. 119 Vgl. Stettler, Liquidation, S. 57*f. 120 Cod. Sang. 644, S. 165 Frund, Chronik, S. 148. 121 StAZH, C I Nr. 2455, 3090 geschrieben von Frund); vgl."
/Users/programming/PycharmProjects/Find_Bibliography_NEw/data/azk_library/sieber-christian__19.pdf;17;work;Fründ (Hans Fründ);\bfr[üu]nd\b;"S. 165 Frund, Chronik, S. 148. 121 StAZH, C I Nr. 2455, 3090 geschrieben von Frund); vgl. auch StAZH, C II 3 Nr. 157, C II 12 Nr. 420–421, sowie B I 279,Nr. 159"
/Users/programming/PycharmProjects/Find_Bibliography_NEw/data/azk_library/sieber-christian__19.pdf;17;work;Fründ (Hans Fründ);\bfr[üu]nd\b;"Tschudi, Chronicon12, S. 200; Stettler, Liqui¬ dation, S. 63* und Anm. 141*. 123 Frund, Chronik, S. 132, 239 Cod. Sang. 644, S. 263: «... hanget ze Swytz in der kilchen"
/Users/programming/PycharmProjects/Find_Bibliography_NEw/data/azk_library/sieber-christian__19.pdf;17;work;Tschudi (Aegidius/Gilg Tschudi, Chronicon Helveticum);\btschudi\b;aller eidgenossischen Orte gegen die Herrschaft Osterreich Bernhard Stettler, in:Tschudi, Chronicon12, S. 61, Anm.20) und sein geplanter Einsatz im damit zusammenhangenden
/Users/programming/PycharmProjects/Find_Bibliography_NEw/data/azk_library/sieber-christian__19.pdf;17;work;Tschudi (Aegidius/Gilg Tschudi, Chronicon Helveticum);\btschudi\b;"421, sowie B I 279,Nr. 159; Sieber, Gruningen, S. 54f. 122 Abschiede 2,Nr.378a;Tschudi, Chronicon12, S. 200; Stettler, Liqui¬ dation, S. 63* und Anm. 141*. 123 Frund"
/Users/programming/PycharmProjects/Find_Bibliography_NEw/data/azk_library/sieber-christian__19.pdf;18;work;Fründ (Hans Fründ);\bfr[üu]nds?\s+chronik;Nach einer Angabe des ehemaligen Schwyzer Schulmeisters Melchior Rupp, der Frunds Chronik 1476 in Rorschach abschrieb, sollen nach Frunds Eigenaussage offenbar gesundheitliche
/Users/programming/PycharmProjects/Find_Bibliography_NEw/data/azk_library/sieber-christian__19.pdf;18;work;Fründ (Hans Fründ);\bfr[üu]nd\b;die von Zurich dar inn gehalten und beliben lassen hant».126 Von Landschreiber Frund horen wir in dieser Zeit nur mehr wenig. Den mehrfach unterbrochenenSchiedsprozess
/Users/programming/PycharmProjects/Find_Bibliography_NEw/data/azk_library/sieber-christian__19.pdf;18;work;Fründ (Hans Fründ);\bfr[üu]nd\b;Obmannspruchs, ein umfangreiches Pergamentheft mit dem Siegel von Bubenberg, hat Frund aber selbstverstandlich korrekt archiviert, nachdem er den Umschlag eigenhandig
/Users/programming/PycharmProjects/Find_Bibliography_NEw/data/azk_library/sieber-christian__19.pdf;18;work;Fründ (Hans Fründ);\bfr[üu]nd\b;gewesen sein, dass er seine Chronik nicht noch bis 1450 fortfuhrte. «Er[d. h. Frund] schribt och, hett imm gott sins lebens gunnen und imm der handel furo zuo der
/Users/programming/PycharmProjects/Find_Bibliography_NEw/data/azk_library/sieber-christian__19.pdf;18;work;Fründ (Hans Fründ);\bfr[üu]nd\b;so welt er den furo zu ende geschriben haben.» 130 Allerdings fallt auf, dass Frund ausgerechnet in den Wochen der endgultigen Aussohnung – namlich am 14. Oktober
/Users/programming/PycharmProjects/Find_Bibliography_NEw/data/azk_library/sieber-christian__19.pdf;18;work;Fründ (Hans Fründ);\bfr[üu]nd\b;Schwyz geborenen Sohne Melchior und Balthasar.131 Zwei Jahre spater bewarb sich Frund sogar fur die durch den Rucktritt von Egloff Etterlin frei gewordene Stadtschreiberstelle
/Users/programming/PycharmProjects/Find_Bibliography_NEw/data/azk_library/sieber-christian__19.pdf;18;work;Fründ (Hans Fründ);\bfr[üu]nd\b;allen disen vergangnen loffen als ein getruwer Eydgenoss gehalten» habe.132 War Frund in Schwyz in Ungnade gefallen, oder brauchte man ihn, den Auswartigen, ganz einfach
/Users/programming/PycharmProjects/Find_Bibliography_NEw/data/azk_library/sieber-christian__19.pdf;18;work;Fründ (Hans Fründ);\bfr[üu]nd\b;"123*. 131 Wanner, Schreiber, S. 18, 21, Abb. 9. Auch Mitte Dezember 1450 weilte Frund in Luzern, vgl. StALU, RP 5B, f. 128r. 132 StALU, AKT 12/95; Wanner, Schreiber"
/Users/programming/PycharmProjects/Find_Bibliography_NEw/data/azk_library/sieber-christian__19.pdf;18;work;Etterlin (Petermann Etterlin, Kronika);\betterlin\b;Jahre spater bewarb sich Frund sogar fur die durch den Rucktritt von Egloff Etterlin frei gewordene Stadtschreiberstelle in Luzern, mit Empfehlungsschreiben von
/Users/programming/PycharmProjects/Find_Bibliography_NEw/data/azk_library/sieber-christian__19.pdf;18;work;Kopp (Joseph Eutych Kopp, Geschichte der Eidgenossen);\bkopp\b;...suntag vor sannt Bartlomeus tag» 1450). 129 STASZ, Urk. Nr. 501 Abbildung: Kopp, Westfalischer Friede, S. 8) mit Frunds Vermerk «Desvon Buobenberg gemeinen mansverfolgungder
/Users/programming/PycharmProjects/Find_Bibliography_NEw/data/azk_library/sieber-christian__19.pdf;19;work;Fründ (Hans Fründ);hans\s+fr[üu]nd;98,mitwortlicher Wiedergabeeiner Aussagevon Adelheid vonTengen zu ihrem Mann Hans Frund: «Wer warist du ane [d. h. ohne] were ich, dann du hettest nutz ane were ich
/Users/programming/PycharmProjects/Find_Bibliography_NEw/data/azk_library/sieber-christian__19.pdf;19;work;Fründ (Hans Fründ);\bfr[üu]nd\b;Ulrich Wagner als haufiger Gast im Frundschen Haushalt feststellen konnte.134 Frund scheiterte 1452 mit seiner Bewerbung in Luzern und blieb noch achtJahre lang
/Users/programming/PycharmProjects/Find_Bibliography_NEw/data/azk_library/sieber-christian__19.pdf;19;work;Fründ (Hans Fründ);\bfr[üu]nd\b;Schiffleutebruderschaft von Brunnen.135 Fur Kontinuitat in der Landesverwaltung sorgte Frund insbesondere durch die urkundliche Ausfertigung von wichtigen Landsgemeindebeschlussen
/Users/programming/PycharmProjects/Find_Bibliography_NEw/data/azk_library/sieber-christian__19.pdf;19;work;Fründ (Hans Fründ);\bfr[üu]nd\b;"1. Mai 1460); der erste aus dem Jahr 1438 tragt sogar seine Unterschrift «Jo. Frund, cancellarius Switensis».136 Am 9. Mai 1461 erscheint Frunds Handschrift erstmals"
/Users/programming/PycharmProjects/Find_Bibliography_NEw/data/azk_library/sieber-christian__19.pdf;19;work;Fründ (Hans Fründ);\bfr[üu]nd\b;dem um eine Generation jungeren Melchior Russ aber unterlag. Allerdings erhielt Frund Ende Juli 1461 eine Anstellung als « Gerichtschreiber» – offenbar eine Notlosung
/Users/programming/PycharmProjects/Find_Bibliography_NEw/data/azk_library/sieber-christian__19.pdf;19;work;Fründ (Hans Fründ);\bfr[üu]nd\b;"Jahreswechsel 1468/69 verstarb.137 Ende Februar und Mitte Marz 1469 bezeichnen die Quellen Frund als «kurtzlich» in Luzern verstorben; seine Tochter Elisabeth aus zweiter Ehe"
/Users/programming/PycharmProjects/Find_Bibliography_NEw/data/azk_library/sieber-christian__19.pdf;19;work;Fründ (Hans Fründ);\bfr[üu]nd\b;Schwyz Heinrich Flecklin geheiratet hatte und angeblich stets «das liepst kind» von Frund gewesen war, machte damals Erbanspruche geltend.138 Ihre beidenBruder Melchior
/Users/programming/PycharmProjects/Find_Bibliography_NEw/data/azk_library/sieber-christian__19.pdf;19;work;Fründ (Hans Fründ);\bfr[üu]nd\b;Anwarter) des Chorherrenstifts Beromunster bezeugt.139 Ausserdem hinterliess Frund aus dritter Ehe die Luzernerin Margreth Giessmann als Witwe, die ebenfalls Anspruch
/Users/programming/PycharmProjects/Find_Bibliography_NEw/data/azk_library/sieber-christian__19.pdf;19;work;Fründ (Hans Fründ);\bfr[üu]nd\b;Luzernerin Margreth Giessmann als Witwe, die ebenfalls Anspruch auf das Erbe erhob. Frund hatte sie wohl erst bei seiner Ruckkehr nach Luzern in fortgeschrittenem Alter
/Users/programming/PycharmProjects/Find_Bibliography_NEw/data/azk_library/sieber-christian__19.pdf;19;work;Fründ (Hans Fründ);\bfr[üu]nd\b;Neuausfertigung der Bundesbriefe 1454/55 An einem wichtigen Geschaft der Nachkriegszeit war Frund in Schwyz allerdings noch beteiligt, namlich der Neuausfertigung der drei eidgenossischen
/Users/programming/PycharmProjects/Find_Bibliography_NEw/data/azk_library/sieber-christian__19.pdf;19;work;Fründ (Hans Fründ);\bfr[üu]nd\b;Glarner Chronisten AegidiusTschudiim 16. Jahrhundertins Jahr 1440 datierte und Frund zugeschriebene «Herkommen der Schwyzer und Oberhasler» gilt heute als Werk des
/Users/programming/PycharmProjects/Find_Bibliography_NEw/data/azk_library/sieber-christian__19.pdf;19;work;Fründ (Hans Fründ);\bfr[üu]nd\b;mitwortlicher Wiedergabeeiner Aussagevon Adelheid vonTengen zu ihrem Mann Hans Frund: «Wer warist du ane [d. h. ohne] were ich, dann du hettest nutz ane were ich
/Users/programming/PycharmProjects/Find_Bibliography_NEw/data/azk_library/sieber-christian__19.pdf;20;work;Fründ (Hans Fründ);hans\s+fr[üu]nd;"Mai 1351 in der Neuausfertigung von 1454/55, geschrieben von Landschreiber Hans Frund von Schwyz Ausschnitt; StAZH, C I Nr. 370). von Luzern, Zurich und Zug. Alle"
/Users/programming/PycharmProjects/Find_Bibliography_NEw/data/azk_library/sieber-christian__19.pdf;20;work;Fründ (Hans Fründ);\bfr[üu]nd\b;"Mai 1351 in der Neuausfertigung von 1454/55, geschrieben von Landschreiber Hans Frund von Schwyz Ausschnitt; StAZH, C I Nr. 370). von Luzern, Zurich und Zug. Alle"
/Users/programming/PycharmProjects/Find_Bibliography_NEw/data/azk_library/sieber-christian__19.pdf;20;work;Schilling (ungenau);\bschilling\b;StAZH, B I 277). Geschrieben hat die neuen Texte im «Silbernen Buch» Diebold Schilling, derspatere «Berner Schilling» seit Herbst 1456 Nachfolger von Unterschreiber
/Users/programming/PycharmProjects/Find_Bibliography_NEw/data/azk_library/sieber-christian__19.pdf;20;work;Schilling (ungenau);\bschilling\b;hat die neuen Texte im «Silbernen Buch» Diebold Schilling, derspatere «Berner Schilling» seit Herbst 1456 Nachfolger von Unterschreiber Bussler, vgl. SSRQ Luzern 1
/Users/programming/PycharmProjects/Find_Bibliography_NEw/data/azk_library/sieber-christian__19.pdf;20;work;Schilling (ungenau);diebold\s+schilling;Zurich StAZH, B I 277). Geschrieben hat die neuen Texte im «Silbernen Buch» Diebold Schilling, derspatere «Berner Schilling» seit Herbst 1456 Nachfolger von Unterschreiber
/Users/programming/PycharmProjects/Find_Bibliography_NEw/data/azk_library/sieber-christian__19.pdf;20;work;Tschudi (Aegidius/Gilg Tschudi, Chronicon Helveticum);\btschudi\b;"Liebenau, Bundesfeier, S. 191–193; Abschiede 2, Nr. 411d–e, 417g, 421, Anhang; Tschudi, Chronicon 13, S. 48; StALU, COD 8265, f. 19v. 143 Vgl. QW 1/3/1, Vorbemerkungen"
/Users/programming/PycharmProjects/Find_Bibliography_NEw/data/azk_library/sieber-christian__19.pdf;21;work;Fründ (Hans Fründ);\bfr[üu]nd\b;hier erstmals Verwendung fand, d.h. der Stempel dazu war wohl auf Initiative von Frund neu angefertigt worden.153 Pergamente mit einer Gesamtflache von rund 5 Quadratmetern
/Users/programming/PycharmProjects/Find_Bibliography_NEw/data/azk_library/sieber-christian__19.pdf;21;work;Fründ (Hans Fründ);\bfr[üu]nd\b;Kanzleivorsteher, Chefideologe und Chronist, Statistiker und Archivar – all das war Frund wahrend seiner uber zwanzigjahrigen Tatigkeit in Schwyz, wahgeschehen und hatte
/Users/programming/PycharmProjects/Find_Bibliography_NEw/data/azk_library/sieber-christian__19.pdf;21;work;Fründ (Hans Fründ);\bfr[üu]nd\b;hatten, freigemacht» 148 So Stettler, Eidgenossenschaft, S. 212. werden.148 Wenn Frund auch nicht den eigentlichen Anstoss zur Neuausfertigung der drei Bundesbriefe
/Users/programming/PycharmProjects/Find_Bibliography_NEw/data/azk_library/sieber-christian__19.pdf;21;work;Fründ (Hans Fründ);\bfr[üu]nd\b;immerhin schon 1417 einen entsprechenden Vorstoss unternommen.149 Mit Sicherheit war Frund massgeblich an der eigentlichen Schreibarbeit beteiligt,erhielter doch am20.
/Users/programming/PycharmProjects/Find_Bibliography_NEw/data/azk_library/sieber-christian__19.pdf;21;work;Fründ (Hans Fründ);\bfr[üu]nd\b;"auch nach QW 1/2, Nr. 1638 alle von gleicherHand): StALU, URK 45/965 Schreiber: Frund; Abbildung: Glauser, Luzern, bei S. 88); STASZ, Urk. Nr. 100 Schreiber: Frund"
/Users/programming/PycharmProjects/Find_Bibliography_NEw/data/azk_library/sieber-christian__19.pdf;21;work;Fründ (Hans Fründ);\bfr[üu]nd\b;"Frund; Abbildung: Glauser, Luzern, bei S. 88); STASZ, Urk. Nr. 100 Schreiber: Frund; Abbildung: von Castelmur, Schweizerbund, bei S. 48); StAOW, Urk. 9 9) Schreiber"
/Users/programming/PycharmProjects/Find_Bibliography_NEw/data/azk_library/sieber-christian__19.pdf;21;work;Fründ (Hans Fründ);\bfr[üu]nd\b;"Abbildung: von Castelmur, Schweizerbund, bei S. 48); StAOW, Urk. 9 9) Schreiber: Frund; Abbildung: Durrer, Bundesbriefe, Beilage). Zurcherbund: StAZH, C INr. 370 Schreiber"
/Users/programming/PycharmProjects/Find_Bibliography_NEw/data/azk_library/sieber-christian__19.pdf;21;work;Fründ (Hans Fründ);\bfr[üu]nd\b;"Abbildung: Durrer, Bundesbriefe, Beilage). Zurcherbund: StAZH, C INr. 370 Schreiber: Frund;Abbildungen:Durrer, Bundesbriefe, Beilage und Nabholz, Bundesbrief ); StALU,"
/Users/programming/PycharmProjects/Find_Bibliography_NEw/data/azk_library/sieber-christian__19.pdf;21;work;Fründ (Hans Fründ);\bfr[üu]nd\b;"Bundesbrief ); StALU, URK 55/1080 Schreiber: Dietrich); STASZ, Urk. Nr. 143 Schreiber: Frund; Abbildung: vonCastelmur, Schweizerbund, bei S. 56); StAOW, Urk.23 20) Schreiber"
/Users/programming/PycharmProjects/Find_Bibliography_NEw/data/azk_library/sieber-christian__19.pdf;21;work;Fründ (Hans Fründ);\bfr[üu]nd\b;"Dietrich; Abbildung: Muller, Zuger Bundnis, Umschlag); STASZ, Urk. Nr. 150 Schreiber: Frund; Abbildung: von Castelmur, Schweizerbund, bei S. 64); StAOW, Urk. 25 22) Schreiber"
/Users/programming/PycharmProjects/Find_Bibliography_NEw/data/azk_library/sieber-christian__19.pdf;21;work;Fründ (Hans Fründ);\bfr[üu]nd\b;"Abbildung: von Castelmur, Schweizerbund, bei S. 64); StAOW, Urk. 25 22) Schreiber: Frund). Die drei Bundesbriefe von Schwyz sind permanent im Bundesbriefmuseum ausgestellt"
/Users/programming/PycharmProjects/Find_Bibliography_NEw/data/azk_library/sieber-christian__19.pdf;21;work;Fründ (Hans Fründ);\bfr[üu]nd\b;die Zuweisung des Zurcher- und des Zugerbunds von Obwalden an Dietrich bzw. an Frund geht der Dank an Staatsarchivar Angelo Garovi Bundesbriefen die stolze Summe
/Users/programming/PycharmProjects/Find_Bibliography_NEw/data/azk_library/sieber-christian__19.pdf;21;work;Fründ (Hans Fründ);\bfr[üu]nd\b;Exemplaren vorkommt und sich,ebensowie die eigentlicheUrkundenschrift, eindeutig Frund zuweisen lasst,151 wahrend die andere Zierinitiale bei funf Exemplaren vorkommt
/Users/programming/PycharmProjects/Find_Bibliography_NEw/data/azk_library/sieber-christian__19.pdf;21;work;Fründ (Hans Fründ);\bfr[üu]nd\b;sein durften, auch wenn hier der Schriftbefund nicht derart eindeutig wie bei Frund ist und Dietrich vielleicht einen Schreiber mit der Arbeit beauftragt hat.152
/Users/programming/PycharmProjects/Find_Bibliography_NEw/data/azk_library/sieber-christian__19.pdf;21;work;Fründ (Hans Fründ);\bfr[üu]nd\b;die beiden Gruppen der Bundesbriefe namentlich durch die Schreibung «Swytz» bei Frund und «Switz» bei Dietrich oder seinem Schreiber. Als Sarnen). Diedrei BundesbriefevonUri
/Users/programming/PycharmProjects/Find_Bibliography_NEw/data/azk_library/sieber-christian__19.pdf;21;work;Schilling (ungenau);\bschilling\b;an Staatsarchivar Angelo Garovi Bundesbriefen die stolze Summe von 37 Pfund 6 Schilling 8 Pfennig ausbezahlt, wahrend sein Kollege in Luzern, Stadtschreiber Johannes
/Users/programming/PycharmProjects/Find_Bibliography_NEw/data/azk_library/sieber-christian__19.pdf;21;work;Schilling (ungenau);\bschilling\b;wahrend sein Kollege in Luzern, Stadtschreiber Johannes Dietrich, nur 18 Pfund 2 Schilling 3 Pfennig erhielt.150 Tatsachlich unterscheiden sich die insgesamt zwolf von
/Users/programming/PycharmProjects/Find_Bibliography_NEw/data/azk_library/sieber-christian__19.pdf;21;work;Tschudi (Aegidius/Gilg Tschudi, Chronicon Helveticum);\btschudi\b;"an die habsburgische Vergangenheit von 145 QW 1/2, Nr. 1638, S. 804. 146 Vgl.Tschudi, Chronicon 12, S. 86, 91, ferner S. 89; Abschiede 2, Bei¬ lage Nr. 27, S. 849"
/Users/programming/PycharmProjects/Find_Bibliography_NEw/data/azk_library/sieber-christian__19.pdf;21;work;Zürcher Stadtchronik (allgemein);z[üu]rcher\s+stadtchronik;der angeblichen Erbfeindschaft zum Haus Habsburg zu widerlegen.146 Die Zurcher Stadtchronik spottete wahrend der Verhandlungen, die Zurcher hatten sich 1442 «nit
/Users/programming/PycharmProjects/Find_Bibliography_NEw/data/azk_library/sieber-christian__19.pdf;21;work;Zürcher Stadtchronik (allgemein);chronik\s+der\s+stadt\s+z[üu]rich;ferner S. 851. Luzern und Zug ausgeloscht und derWeg zu einem neuen 147 Chronik der Stadt Zurich, S. 223. eidgenossischen Selbstverstandnis, wie es die Siegermachte
/Users/programming/PycharmProjects/Find_Bibliography_NEw/data/azk_library/sieber-christian__19.pdf;22;work;Fründ (Hans Fründ);hans\s+fr[üu]nd;namentlicher Nennung Frunds, vgl. STASZ, cod. 2595, f. 0v: «... [durchgestrichen: ich] Hans Frund, ein burger von Lucern und zu den selben zitten landtzschriber zu Schwytz»
/Users/programming/PycharmProjects/Find_Bibliography_NEw/data/azk_library/sieber-christian__19.pdf;22;work;Fründ (Hans Fründ);\bfr[üu]nds?\s+chronik;massgeblicherBeteiligung von Frund neu ausgefertigten Bundesbriefe ausgestellt. Nur Frunds Chronik ist nicht in Schwyz geblieben, sondern in einer Abschrift des ehemaligen
/Users/programming/PycharmProjects/Find_Bibliography_NEw/data/azk_library/sieber-christian__19.pdf;22;work;Fründ (Hans Fründ);\bfr[üu]nds?\s+chronik;unddas Bilddes Alten Zurichkriegs bis ins 20. Jahrhundert gepragt.160 So ist Frunds Chronik uber Tschudis 1734/36 erstmals gedruckte Schweizerchronik schliesslich auch
/Users/programming/PycharmProjects/Find_Bibliography_NEw/data/azk_library/sieber-christian__19.pdf;22;work;Fründ (Hans Fründ);\bfr[üu]nds?\s+chronik;voll bewusst war.161 Zwar existiert aus dem Jahr 1600 eine Abschrift von Frunds Chronik von Hauptmann Kaspar Herrig-Reding von Schwyz, und eine andere Abschrift
/Users/programming/PycharmProjects/Find_Bibliography_NEw/data/azk_library/sieber-christian__19.pdf;22;work;Fründ (Hans Fründ);\bfr[üu]nd\b;Schwyz liegen sie in der «Urkundensammlung» die dank der sorgfaltigen Arbeit von Frund eben nicht nur Urkunden, sondern auch archivwurdige Korrespondenz aus dem Alten
/Users/programming/PycharmProjects/Find_Bibliography_NEw/data/azk_library/sieber-christian__19.pdf;22;work;Fründ (Hans Fründ);\bfr[üu]nd\b;liegen die Jahrzeitbucher mit der Gefallenenliste und dem Schlachtenkatalog von Frund, undimBundesbriefmuseum sind die unter massgeblicherBeteiligung von Frund neu
/Users/programming/PycharmProjects/Find_Bibliography_NEw/data/azk_library/sieber-christian__19.pdf;22;work;Fründ (Hans Fründ);\bfr[üu]nd\b;von Frund, undimBundesbriefmuseum sind die unter massgeblicherBeteiligung von Frund neu ausgefertigten Bundesbriefe ausgestellt. Nur Frunds Chronik ist nicht in
/Users/programming/PycharmProjects/Find_Bibliography_NEw/data/azk_library/sieber-christian__19.pdf;22;work;Fründ (Hans Fründ);\bfr[üu]nd\b;derletztlich «von Frunds Grundauffassungen nicht losgekommen ist» Bernhard Stettler) und Frund im ubrigen als Augenzeuge des Zurichkriegs zu wurdigen wusste,159 massgebliche
/Users/programming/PycharmProjects/Find_Bibliography_NEw/data/azk_library/sieber-christian__19.pdf;22;work;Fründ (Hans Fründ);\bfr[üu]nd\b;Tschudi und den von ihm abhangigen Johannes von Muller) und damit letztlich auf Frund, was ihnen aber kaum voll bewusst war.161 Zwar existiert aus dem Jahr 1600 eine
/Users/programming/PycharmProjects/Find_Bibliography_NEw/data/azk_library/sieber-christian__19.pdf;22;work;Fründ (Hans Fründ);\bfr[üu]nd\b;295 bzw. Horat/Inderbitzin, Histori¬ schesK, S. 138–166 namentlich genanntwird Frund vonSchibig nur imArtikel «Landschreiber»zumJahr1428, vgl.Horat/Inderbitzin, His
/Users/programming/PycharmProjects/Find_Bibliography_NEw/data/azk_library/sieber-christian__19.pdf;22;work;Fründ (Hans Fründ);\bfr[üu]nd\b;Nennung Frunds, vgl. STASZ, cod. 2595, f. 0v: «... [durchgestrichen: ich] Hans Frund, ein burger von Lucern und zu den selben zitten landtzschriber zu Schwytz»
/Users/programming/PycharmProjects/Find_Bibliography_NEw/data/azk_library/sieber-christian__19.pdf;22;work;Tschachtlan (Benedikt Tschachtlan);\btschachtlan\b;"uberprufen. 162 STASZ, cod. 2595 vgl. Kind, Einleitung, S. VIII, XVIIf.; Studer, Tschachtlan, S. 638, Anm. 1), und Stiftsbibliothek St. Gallen, Cod. Sang. 644b vgl. Kind"
/Users/programming/PycharmProjects/Find_Bibliography_NEw/data/azk_library/sieber-christian__19.pdf;22;work;Tschachtlan (Benedikt Tschachtlan);\btschachtlan\b;"ausCod. Sang. 644»] 163 Vgl. Stettler, Frunds Darstellung, S. 127*–130*; Ladner, Tschachtlan- Chronik, S. 80–83; Baumann, Bilderchroniken, S. 20–22. 164 Vgl. Stettler"
/Users/programming/PycharmProjects/Find_Bibliography_NEw/data/azk_library/sieber-christian__19.pdf;22;work;Tschachtlan (Benedikt Tschachtlan);\btschachtlan\b;besten Unterscheidungsmerkmal zwischen «offizieller» und Ruppscher Fassung, bei Tschachtlan, Bilderchronik, S. 290f. Der Abschrift von Kaspar Herrig vorgeschaltet ist
/Users/programming/PycharmProjects/Find_Bibliography_NEw/data/azk_library/sieber-christian__19.pdf;22;work;Tschudi (Aegidius/Gilg Tschudi, Chronicon Helveticum);aegidi(?:us)?\s+tschudi;Rupp von 1476 vermutlich bereits in den 1530er-Jahren in den Besitz von Aegidius Tschudi gelangt, der 1532 in Rorschach, Rupps letzter Wirkungsstatte, Obervogt des
/Users/programming/PycharmProjects/Find_Bibliography_NEw/data/azk_library/sieber-christian__19.pdf;22;work;Tschudi (Aegidius/Gilg Tschudi, Chronicon Helveticum);aegidi(?:us)?\s+tschudi;Darstellungaber, und damit auch dieSichtder Schwyzer, hatuber dieSchweizerchronikvon Aegidius Tschudi, derletztlich «von Frunds Grundauffassungen nicht losgekommen ist» Bernhard
/Users/programming/PycharmProjects/Find_Bibliography_NEw/data/azk_library/sieber-christian__19.pdf;22;work;Tschudi (Aegidius/Gilg Tschudi, Chronicon Helveticum);\btschudi\b;Rupp von 1476 vermutlich bereits in den 1530er-Jahren in den Besitz von Aegidius Tschudi gelangt, der 1532 in Rorschach, Rupps letzter Wirkungsstatte, Obervogt des Abts
/Users/programming/PycharmProjects/Find_Bibliography_NEw/data/azk_library/sieber-christian__19.pdf;22;work;Tschudi (Aegidius/Gilg Tschudi, Chronicon Helveticum);\btschudi\b;und damit auch dieSichtder Schwyzer, hatuber dieSchweizerchronikvon Aegidius Tschudi, derletztlich «von Frunds Grundauffassungen nicht losgekommen ist» Bernhard
/Users/programming/PycharmProjects/Find_Bibliography_NEw/data/azk_library/sieber-christian__19.pdf;22;work;Tschudi (Aegidius/Gilg Tschudi, Chronicon Helveticum);\btschudi\b;Fruhmesser Augustin Schibig 1766–1843) fur den Alten Zurichkrieg hauptsachlich auf Tschudi und den von ihm abhangigen Johannes von Muller) und damit letztlich auf Frund
/Users/programming/PycharmProjects/Find_Bibliography_NEw/data/azk_library/sieber-christian__19.pdf;22;work;Tschudi (Aegidius/Gilg Tschudi, Chronicon Helveticum);\btschudi\b;"Vgl. Stettler, Frunds Darstellung,S.122*;Sieber, Verzeichnis, S. 124f.; Sieber, Tschudi und Vadian, S. 112 und Anm. 14. Fur den fruhen Besitz Tschudis sprechen Marginalien"
/Users/programming/PycharmProjects/Find_Bibliography_NEw/data/azk_library/sieber-christian__19.pdf;22;work;Tschudi (Aegidius/Gilg Tschudi, Chronicon Helveticum);\btschudi\b;HBLS 5, S. 758. 158 Vgl. Stettler, Frunds Darstellung, S. 125*, Anm. 314*. 159 Tschudi, Chronicon 12, S. 200 «... in disem krieg selbs gsin und alle ding gesechen
/Users/programming/PycharmProjects/Find_Bibliography_NEw/data/azk_library/sieber-christian__19.pdf;22;work;Tschudi (Aegidius/Gilg Tschudi, Chronicon Helveticum);\btschudi\b;Horat/Inderbitzin, His torisches L–R, S. 51). Fassbind kennt allerdings neben Tschudi) sowohl von «Johann Freund» eine «beschreibung des zurcherkriegs in folio» als
/Users/programming/PycharmProjects/Find_Bibliography_NEw/data/azk_library/sieber-christian__19.pdf;22;work;Vadian (Joachim Vadianus, St. Galler Chronik);\bvadian(us)?\b;"Frunds Darstellung,S.122*;Sieber, Verzeichnis, S. 124f.; Sieber, Tschudi und Vadian, S. 112 und Anm. 14. Fur den fruhen Besitz Tschudis sprechen Marginalien und"
/Users/programming/PycharmProjects/Find_Bibliography_NEw/data/azk_library/sieber-christian__19.pdf;23;work;Fründ (Hans Fründ);hans\s+fr[üu]nd;der Alte Zurichkrieg (1436-1450) im Spiegel der Biographie von Landschreiber Hans Frund Sieber, Christian https://doi.org/10.5169/seals-169187 Nutzungsbedingungen
/Users/programming/PycharmProjects/Find_Bibliography_NEw/data/azk_library/sieber-christian__19.pdf;23;work;Fründ (Hans Fründ);hans\s+fr[üu]nd;Der Alte Zurichkrieg 1436–1450) im Spiegel der Biographie von Landschreiber Hans Frund Christian Sieber «Ich han je nach und nach die sachen geschriben, so sy volgiengent
/Users/programming/PycharmProjects/Find_Bibliography_NEw/data/azk_library/sieber-christian__19.pdf;23;work;Fründ (Hans Fründ);hans\s+fr[üu]nd;volgiengent, und die wyl ich die sachen in miner gedenknisse und memorie gehept han.» Hans Frund)1 Quellen, allen voran schriftliche Zeugnisse der Vergangenheit, sind das Kapital
/Users/programming/PycharmProjects/Find_Bibliography_NEw/data/azk_library/sieber-christian__19.pdf;23;work;Fründ (Hans Fründ);hans\s+fr[üu]nd;konkreten Tatigkeit zu fassen, ist in der Geschichte des Landes Schwyz erstmals bei Hans Frund moglich, dem Schwyzer Landschreiber zur Zeit des Alten Zurichkriegs. Frunds
/Users/programming/PycharmProjects/Find_Bibliography_NEw/data/azk_library/sieber-christian__19.pdf;23;work;Fründ (Hans Fründ);hans\s+fr[üu]nd;mussten sie eine auswartige Fachkraft beiziehen, 12 Abb. 1: Notarszeichen von Hans Frund vom 21. Marz 1439 STASZ, Urk. Nr. 419). namlich Eberhard Wuest, den Stadtschreiber
/Users/programming/PycharmProjects/Find_Bibliography_NEw/data/azk_library/sieber-christian__19.pdf;23;work;Fründ (Hans Fründ);hans\s+fr[üu]nd;den Schwyzern im Mai 1437 der grosse Coup, wie sich schon bald zeigen sollte. Hans Frund, Stadtburger von Luzern und dort seit 1427 Unterschreiber bei Stadtschreiber
/Users/programming/PycharmProjects/Find_Bibliography_NEw/data/azk_library/sieber-christian__19.pdf;23;work;Fründ (Hans Fründ);hans\s+fr[üu]nd;gehabt, so dass «der schriber von Raperswyl inen ir sach schribe» bis «inen von Hans Frund geseit wurde, ... des Etterlis zuo Lutzern underschriber» 14 Fortan standen
/Users/programming/PycharmProjects/Find_Bibliography_NEw/data/azk_library/sieber-christian__19.pdf;23;work;Fründ (Hans Fründ);hans\s+fr[üu]nd;auf den ganzen Krieg formulierte Vorrede mit expliziter Selbstnennung «ich Hans Frund, ein burger von Lucern und ze den selben zitten lantschriber ze Swytz» 26 kann
/Users/programming/PycharmProjects/Find_Bibliography_NEw/data/azk_library/sieber-christian__19.pdf;23;work;Fründ (Hans Fründ);hans\s+fr[üu]nd;Frund basierenden Ausfuhrungen bei Weisz, Eidgenossen, S. 255f. «Legenden des Hans Frund» sowie Banziger, Beitrage, S. 111, entbehren jeder Grundlage. 24 Vgl. Cod.
/Users/programming/PycharmProjects/Find_Bibliography_NEw/data/azk_library/sieber-christian__19.pdf;23;work;Fründ (Hans Fründ);hans\s+fr[üu]nd;"Stussi und Stebler; Stettler, Tschudis Bild, S. 90*f. Abb. 2: Ruckvermerk von Hans Frund auf dem Schreiben der Zurcher vom 3. Mai 1439 STASZ, Urk. Nr. 423). 4. Mai"
/Users/programming/PycharmProjects/Find_Bibliography_NEw/data/azk_library/sieber-christian__19.pdf;23;work;Fründ (Hans Fründ);hans\s+fr[üu]nd;zuletzt seinen Einfluss auf die eidgenossische Politik 25 beibehalten hatte.113 Hans Frund demgegenuber begleitete auch noch den langwierigen Schiedsprozess umdie juristische
/Users/programming/PycharmProjects/Find_Bibliography_NEw/data/azk_library/sieber-christian__19.pdf;23;work;Fründ (Hans Fründ);hans\s+fr[üu]nd;mit wortlicher Wiedergabe einer Aussage von Adelheid von Tengen zu ihrem Mann Hans Frund: «Wer warist du ane [d. h. ohne] were ich, dann du hettest nutz ane were ich
/Users/programming/PycharmProjects/Find_Bibliography_NEw/data/azk_library/sieber-christian__19.pdf;23;work;Fründ (Hans Fründ);hans\s+fr[üu]nd;"Mai 1351 in der Neuausfertigung von 1454/55, geschrieben von Landschreiber Hans Frund von Schwyz Ausschnitt; StAZH, C I Nr. 370). Abb. 5: Zugerbund vom 27. Juni"
/Users/programming/PycharmProjects/Find_Bibliography_NEw/data/azk_library/sieber-christian__19.pdf;23;work;Fründ (Hans Fründ);hans\s+fr[üu]nd;namentlicher Nennung Frunds, vgl. STASZ, cod. 2595, f. 0v: «... [durchgestrichen: ich] Hans Frund, ein burger von Lucern und zu den selben zitten landtzschriber zu Schwytz»
/Users/programming/PycharmProjects/Find_Bibliography_NEw/data/azk_library/sieber-christian__19.pdf;23;work;Fründ (Hans Fründ);hans\s+fr[üu]nd;in: Urkundio. Beitrage zur vaterlandischen Frund, Chronik Die Chronik des Hans Frund, Landschreiber zu Schwytz, hrsg. von Christian Immanuel Kind, Chur 1875. Frund
/Users/programming/PycharmProjects/Find_Bibliography_NEw/data/azk_library/sieber-christian__19.pdf;23;work;Fründ (Hans Fründ);hans\s+fr[üu]nd;Kausal-, Temporal- und Konditionalkonjunktionen bei Christian Kuchimeister, Hans Frund und Niclas von Wyle, Diss. Zurich, Winterthur 1957. Hungerbuhler, Herkommen
/Users/programming/PycharmProjects/Find_Bibliography_NEw/data/azk_library/sieber-christian__19.pdf;23;work;Fründ (Hans Fründ);hans\s+fr[üu]nd;Kothing, Zurich/Frauenfeld 1850. Kummerli, Frunds Chronik Kummerli Friedrich, Hans Frunds Chronik des alten Zurichkrieges als deutsches Sprachdenkmal, in:MHVS 68 1976
/Users/programming/PycharmProjects/Find_Bibliography_NEw/data/azk_library/sieber-christian__19.pdf;23;work;Fründ (Hans Fründ);hans\s+fr[üu]nd;2004. Stettler, Frunds Darstellung Stettler Bernhard, Zur Uberlieferung von Hans Frunds Darstellung des Alten Zurichkriegs, in: Tschudi, Chronicon 12, S. 122*–134
/Users/programming/PycharmProjects/Find_Bibliography_NEw/data/azk_library/sieber-christian__19.pdf;23;work;Fründ (Hans Fründ);\bfr[üu]nds?\s+chronik;Stiftsbibliothek St. Gallen, Cod. Sang. 644, S. 248f. Frund, Chronik, S. 224. Frunds Chronik wird im Folgenden nach der auch der Edition von 1875 zugrunde gelegten Handschrift
/Users/programming/PycharmProjects/Find_Bibliography_NEw/data/azk_library/sieber-christian__19.pdf;23;work;Fründ (Hans Fründ);\bfr[üu]nds?\s+chronik;"Bilderchroniken, S. 14f., 20–22; Bodmer, Chroniken, S. 16–18; Kummerli, Frunds Chronik, S. 97–104; Keller, Geschichtschreibung, S. XVf.; Feller/Bonjour, Geschichtsschreibung"
/Users/programming/PycharmProjects/Find_Bibliography_NEw/data/azk_library/sieber-christian__19.pdf;23;work;Fründ (Hans Fründ);\bfr[üu]nds?\s+chronik;Zeugnisse der Schwyzer Geschichtsschreibung uberhaupt gilt. Allerdings darf Frunds Chronik nicht losgelost von seiner amtlichen Tatigkeit als Landschreiber betrachtet
/Users/programming/PycharmProjects/Find_Bibliography_NEw/data/azk_library/sieber-christian__19.pdf;23;work;Fründ (Hans Fründ);\bfr[üu]nds?\s+chronik;Nach einer Angabe des ehemaligen Schwyzer Schulmeisters Melchior Rupp, der Frunds Chronik 1476 in Rorschach abschrieb, sollen nach Frunds Eigenaussage offenbar gesundheitliche
/Users/programming/PycharmProjects/Find_Bibliography_NEw/data/azk_library/sieber-christian__19.pdf;23;work;Fründ (Hans Fründ);\bfr[üu]nds?\s+chronik;massgeblicher Beteiligung von Frund neu ausgefertigten Bundesbriefe ausgestellt. Nur Frunds Chronik ist nicht in Schwyz geblieben, sondern in einer Abschrift des ehemaligen
/Users/programming/PycharmProjects/Find_Bibliography_NEw/data/azk_library/sieber-christian__19.pdf;23;work;Fründ (Hans Fründ);\bfr[üu]nds?\s+chronik;das Bild des Alten Zurichkriegs bis ins 20. Jahrhundert gepragt.160 So ist Frunds Chronik uber Tschudis 1734/36 erstmals gedruckte Schweizerchronik schliesslich auch
/Users/programming/PycharmProjects/Find_Bibliography_NEw/data/azk_library/sieber-christian__19.pdf;23;work;Fründ (Hans Fründ);\bfr[üu]nds?\s+chronik;voll bewusst war.161 Zwar existiert aus dem Jahr 1600 eine Abschrift von Frunds Chronik von Hauptmann Kaspar Herrig-Reding von Schwyz, und eine andere Abschrift
/Users/programming/PycharmProjects/Find_Bibliography_NEw/data/azk_library/sieber-christian__19.pdf;23;work;Fründ (Hans Fründ);\bfr[üu]nds?\s+chronik;beglaubigtem Text, hrsg. von Martin Kothing, Zurich/Frauenfeld 1850. Kummerli, Frunds Chronik Kummerli Friedrich, Hans Frunds Chronik des alten Zurichkrieges als deutsches
/Users/programming/PycharmProjects/Find_Bibliography_NEw/data/azk_library/sieber-christian__19.pdf;23;work;Fründ (Hans Fründ);\bfr[üu]nds?\s+chronik;Zurich/Frauenfeld 1850. Kummerli, Frunds Chronik Kummerli Friedrich, Hans Frunds Chronik des alten Zurichkrieges als deutsches Sprachdenkmal, in:MHVS 68 1976), S
/Users/programming/PycharmProjects/Find_Bibliography_NEw/data/azk_library/sieber-christian__19.pdf;23;work;Fründ (Hans Fründ);\bfr[üu]nd\b;Alte Zurichkrieg (1436-1450) im Spiegel der Biographie von Landschreiber Hans Frund Sieber, Christian https://doi.org/10.5169/seals-169187 Nutzungsbedingungen Die
/Users/programming/PycharmProjects/Find_Bibliography_NEw/data/azk_library/sieber-christian__19.pdf;23;work;Fründ (Hans Fründ);\bfr[üu]nd\b;Der Alte Zurichkrieg 1436–1450) im Spiegel der Biographie von Landschreiber Hans Frund Christian Sieber «Ich han je nach und nach die sachen geschriben, so sy volgiengent
/Users/programming/PycharmProjects/Find_Bibliography_NEw/data/azk_library/sieber-christian__19.pdf;23;work;Fründ (Hans Fründ);\bfr[üu]nd\b;und die wyl ich die sachen in miner gedenknisse und memorie gehept han.» Hans Frund)1 Quellen, allen voran schriftliche Zeugnisse der Vergangenheit, sind das Kapital
/Users/programming/PycharmProjects/Find_Bibliography_NEw/data/azk_library/sieber-christian__19.pdf;23;work;Fründ (Hans Fründ);\bfr[üu]nd\b;Tatigkeit zu fassen, ist in der Geschichte des Landes Schwyz erstmals bei Hans Frund moglich, dem Schwyzer Landschreiber zur Zeit des Alten Zurichkriegs. Frunds Werdegang
/Users/programming/PycharmProjects/Find_Bibliography_NEw/data/azk_library/sieber-christian__19.pdf;23;work;Fründ (Hans Fründ);\bfr[üu]nd\b;in einer engen Verbin¬ 1 Stiftsbibliothek St. Gallen, Cod. Sang. 644, S. 248f. Frund, Chronik, S. 224. Frunds Chronik wird im Folgenden nach der auch der Edition
/Users/programming/PycharmProjects/Find_Bibliography_NEw/data/azk_library/sieber-christian__19.pdf;23;work;Fründ (Hans Fründ);\bfr[üu]nd\b;Schriftgut gefuhrt, vor allem aber hatte er in Schwyz dank der Person von Landschreiber Frund eine Modernisierung, genauer noch eine Professionalisierung der Verwaltung zur
/Users/programming/PycharmProjects/Find_Bibliography_NEw/data/azk_library/sieber-christian__19.pdf;23;work;Fründ (Hans Fründ);\bfr[üu]nd\b;Erbschaftsstreit die Rechtsschriften fur Zurich verfasste.9 Die Anstellung von Frund 1437 In Schwyz fehlte 1436 eine entsprechend geschulte Person. Auch wenn es Landammann
/Users/programming/PycharmProjects/Find_Bibliography_NEw/data/azk_library/sieber-christian__19.pdf;23;work;Fründ (Hans Fründ);\bfr[üu]nd\b;mussten sie eine auswartige Fachkraft beiziehen, 12 Abb. 1: Notarszeichen von Hans Frund vom 21. Marz 1439 STASZ, Urk. Nr. 419). namlich Eberhard Wuest, den Stadtschreiber
/Users/programming/PycharmProjects/Find_Bibliography_NEw/data/azk_library/sieber-christian__19.pdf;23;work;Fründ (Hans Fründ);\bfr[üu]nd\b;Schwyzern im Mai 1437 der grosse Coup, wie sich schon bald zeigen sollte. Hans Frund, Stadtburger von Luzern und dort seit 1427 Unterschreiber bei Stadtschreiber
/Users/programming/PycharmProjects/Find_Bibliography_NEw/data/azk_library/sieber-christian__19.pdf;23;work;Fründ (Hans Fründ);\bfr[üu]nd\b;Stadtschreiber Egloff Etterlin, war bereit, das Landschreiberamt in Schwyz zu ubernehmen.12 Frund war in zweiter Ehe mit Adelheid vonTengen verheiratet, hatte aus erster Ehe mit
/Users/programming/PycharmProjects/Find_Bibliography_NEw/data/azk_library/sieber-christian__19.pdf;23;work;Fründ (Hans Fründ);\bfr[üu]nd\b;"erster Beleg in Schwyz: STASZ, Urk. Nr. 404b 11. Mai). Zur Person und Tatigkeit von Frund vgl. bisher in chronologischer Reihenfolge) Studer, Tschachtlan, S. 636–641;"
/Users/programming/PycharmProjects/Find_Bibliography_NEw/data/azk_library/sieber-christian__19.pdf;23;work;Fründ (Hans Fründ);\bfr[üu]nd\b;"Verfasserlexikon 2, Sp. 992f. Guy P. Marchal); Stettler, Frunds Darstellung, S. 122*–134*; Frund, Rapport, S. 25–29, 53–62 Kathrin Utz Tremp); Wanner, Schreiber, S. 8–12, 17f"
/Users/programming/PycharmProjects/Find_Bibliography_NEw/data/azk_library/sieber-christian__19.pdf;23;work;Fründ (Hans Fründ);\bfr[üu]nd\b;"Geschichtsschreibung, S. 20–24 Oliver Landolt); Sieber, Opfer, S. 66–68, 70–72; HLS 5, Artikel «Frund, Hans» im Druck bzw. www.hls.ch Gregor Egloff 13 Vgl. Wanner, Schreiber, S. 8"
/Users/programming/PycharmProjects/Find_Bibliography_NEw/data/azk_library/sieber-christian__19.pdf;23;work;Fründ (Hans Fründ);\bfr[üu]nd\b;Wanner, Schreiber, S. 4, 9. 18 STASZ, Urk. Nr. 419 ausgestellt von «Johannes Frund de oppido Lu¬ cernensi, laycus Constanciensis dyocesis, publicus imperiali auctoritate
/Users/programming/PycharmProjects/Find_Bibliography_NEw/data/azk_library/sieber-christian__19.pdf;23;work;Fründ (Hans Fründ);\bfr[üu]nd\b;gab Ulrich Wagner im Februar 1469 als amtierender Landammann nach dem Tod von Frund offen Auskunft, als er erklarte, die Schwyzer «hettint in dem vergangnen kriege
/Users/programming/PycharmProjects/Find_Bibliography_NEw/data/azk_library/sieber-christian__19.pdf;23;work;Fründ (Hans Fründ);\bfr[üu]nd\b;so dass «der schriber von Raperswyl inen ir sach schribe» bis «inen von Hans Frund geseit wurde, ... des Etterlis zuo Lutzern underschriber» 14 Fortan standen sich
/Users/programming/PycharmProjects/Find_Bibliography_NEw/data/azk_library/sieber-christian__19.pdf;23;work;Fründ (Hans Fründ);\bfr[üu]nd\b;Reding und Stussi, gegenuber, sondern auch zwei fachkundige Kanzleivorsteher, Frund und Stebler, die einflussreichen Figuren im Hintergrund, aber in standig engem
/Users/programming/PycharmProjects/Find_Bibliography_NEw/data/azk_library/sieber-christian__19.pdf;23;work;Fründ (Hans Fründ);\bfr[üu]nd\b;es ja auch ihrer Aufgabe entsprach. «Gleichwie Ital Reding das Schwert, so war Frund die Feder der Eidgenossen in der Zeit des Zurichkrieges» hat Hugo Hungerbuhler
/Users/programming/PycharmProjects/Find_Bibliography_NEw/data/azk_library/sieber-christian__19.pdf;23;work;Fründ (Hans Fründ);\bfr[üu]nd\b;kann, so kann auch kein Staat ohne Schreiber bestehen» Chorherr Felix Hemmerli 16 Frund war Stebler auch insofern ebenburtig, als er die Zulassung als Notar besass und
/Users/programming/PycharmProjects/Find_Bibliography_NEw/data/azk_library/sieber-christian__19.pdf;23;work;Fründ (Hans Fründ);\bfr[üu]nd\b;nun nicht mehr auf den Stadtschreiber von Rapperswil zuruckgreifen, wie ein von Frund im Marz 1439 in der kleinen Stube im Rathaus von Schwyz «in villa an Kilchgassen
/Users/programming/PycharmProjects/Find_Bibliography_NEw/data/azk_library/sieber-christian__19.pdf;23;work;Fründ (Hans Fründ);\bfr[üu]nd\b;Notar im April 1441 ein zweites Vidimus ausgestellt und beglaubigt.19 Daneben hat Frund, ganz ahnlich wie Stebler in Zurich,20 auch in Wohnhaus in Schwyz gearbeitet
/Users/programming/PycharmProjects/Find_Bibliography_NEw/data/azk_library/sieber-christian__19.pdf;23;work;Fründ (Hans Fründ);\bfr[üu]nd\b;hat «... zuo Schwiz in des landtschribers hus» 22 In einem wichtigen Punkt war Frund seinem Gegenspieler in Zurich sogar voraus. Bereits in Luzern hatte sich Frund
/Users/programming/PycharmProjects/Find_Bibliography_NEw/data/azk_library/sieber-christian__19.pdf;23;work;Fründ (Hans Fründ);\bfr[üu]nd\b;Frund seinem Gegenspieler in Zurich sogar voraus. Bereits in Luzern hatte sich Frund neben seiner amtlichen Tatigkeit in der Kanzlei auch als Chronist betatigt und
/Users/programming/PycharmProjects/Find_Bibliography_NEw/data/azk_library/sieber-christian__19.pdf;23;work;Fründ (Hans Fründ);\bfr[üu]nd\b;Bericht uber die Hexenverfolgungen im Wallis von 1428 verfasst.23 In Schwyz setzte Frund diese Nebentatigkeit fort – soweit erkennbar ohneformellen Auftrag,24indem er
/Users/programming/PycharmProjects/Find_Bibliography_NEw/data/azk_library/sieber-christian__19.pdf;23;work;Fründ (Hans Fründ);\bfr[üu]nd\b;fuhrte,an der er nun als Landschreiber hautnah beteiligt war. Mehrfach spricht Frund in diesen Aufzeichnungen von sich selber in der Ich-Form, von seiner amtlichen
/Users/programming/PycharmProjects/Find_Bibliography_NEw/data/azk_library/sieber-christian__19.pdf;23;work;Fründ (Hans Fründ);\bfr[üu]nd\b;auf den ganzen Krieg formulierte Vorrede mit expliziter Selbstnennung «ich Hans Frund, ein burger von Lucern und ze den selben zitten lantschriber ze Swytz» 26 kann
/Users/programming/PycharmProjects/Find_Bibliography_NEw/data/azk_library/sieber-christian__19.pdf;23;work;Fründ (Hans Fründ);\bfr[üu]nd\b;die jedoch bei weitem nicht derart ausfuhrlich und kompetent berichteten, wie es Frund in und fur Schwyz tat.28 14 Der «unfreundliche» Briefwechsel 1439 Die juristische
/Users/programming/PycharmProjects/Find_Bibliography_NEw/data/azk_library/sieber-christian__19.pdf;23;work;Fründ (Hans Fründ);\bfr[üu]nd\b;"StAZH, C I Nr. 2823; URStAZ 6, Nr. 8674 die Formulierung lautet hier: «Johannes Frund de opido Lutzernensis, laycus Constantiensis dyocesis, publicus imperiali auctoritate"
/Users/programming/PycharmProjects/Find_Bibliography_NEw/data/azk_library/sieber-christian__19.pdf;23;work;Fründ (Hans Fründ);\bfr[üu]nd\b;"hus» mit Kosten von 400 Pfund). 22 Fassbind, Frauenkloster, S. 140f., Nr. 7. 23 Frund, Rapport, S. 23–98; Wanner, Schreiber, S. 11f.; Weisz, Handschrift, S. 247–254"
/Users/programming/PycharmProjects/Find_Bibliography_NEw/data/azk_library/sieber-christian__19.pdf;23;work;Fründ (Hans Fründ);\bfr[üu]nd\b;"Hochschulbibliothek Luzern, KB Pp. 175 fol.; 28 Einzelblatter) lasst sich dagegen nicht Frund zuschreiben, wie lange angenommen wurde Brandstetter, Pilatus, S. 120; Dubi,"
/Users/programming/PycharmProjects/Find_Bibliography_NEw/data/azk_library/sieber-christian__19.pdf;23;work;Fründ (Hans Fründ);\bfr[üu]nd\b;Luzernische Qualitatsarbeit, S. 9–11 mit Abbildungen). Die auf der Zuschreibung an Frund basierenden Ausfuhrungen bei Weisz, Eidgenossen, S. 255f. «Legenden des Hans
/Users/programming/PycharmProjects/Find_Bibliography_NEw/data/azk_library/sieber-christian__19.pdf;23;work;Fründ (Hans Fründ);\bfr[üu]nd\b;Frund basierenden Ausfuhrungen bei Weisz, Eidgenossen, S. 255f. «Legenden des Hans Frund» sowie Banziger, Beitrage, S. 111, entbehren jeder Grundlage. 24 Vgl. Cod. Sang
/Users/programming/PycharmProjects/Find_Bibliography_NEw/data/azk_library/sieber-christian__19.pdf;23;work;Fründ (Hans Fründ);\bfr[üu]nd\b;Banziger, Beitrage, S. 111, entbehren jeder Grundlage. 24 Vgl. Cod. Sang. 644, S. 249 Frund, Chronik, S. 224 «mir ist ouch harum weder gold noch silber verheissen» 25 Die
/Users/programming/PycharmProjects/Find_Bibliography_NEw/data/azk_library/sieber-christian__19.pdf;23;work;Fründ (Hans Fründ);\bfr[üu]nd\b;bei Stettler, Frunds Darstellung, S. 128*, Anm. 327*. 26 Cod. Sang. 644, S. 3 Frund, Chronik, S. 1. 27 Vgl. Huldi, Konjunktionen, S. XXIIIf. 28 Vgl. Sieber, Stussi
/Users/programming/PycharmProjects/Find_Bibliography_NEw/data/azk_library/sieber-christian__19.pdf;23;work;Fründ (Hans Fründ);\bfr[üu]nd\b;"Stussi und Stebler; Stettler, Tschudis Bild, S. 90*f. Abb. 2: Ruckvermerk von Hans Frund auf dem Schreiben der Zurcher vom 3. Mai 1439 STASZ, Urk. Nr. 423). 4. Mai 1439"
/Users/programming/PycharmProjects/Find_Bibliography_NEw/data/azk_library/sieber-christian__19.pdf;23;work;Fründ (Hans Fründ);\bfr[üu]nd\b;"datiert von der vorangehenden Nacht des 3. Mai 29 URStAZ 6, Nr. 8372. 30 Vgl. Frund, Chronik, S. 24f., sowie aus Zurcher Optik) Klingenber¬ ger Chronik, S. 258;"
/Users/programming/PycharmProjects/Find_Bibliography_NEw/data/azk_library/sieber-christian__19.pdf;23;work;Fründ (Hans Fründ);\bfr[üu]nd\b;Schwyz und tragt auf der Ruckseite den eigenhandigen Vermerk von Landschreiber Frund «Der Zurichern erste schrifft, so si uns zuo santtent uff den Etzell, ist unfruntlich
/Users/programming/PycharmProjects/Find_Bibliography_NEw/data/azk_library/sieber-christian__19.pdf;23;work;Fründ (Hans Fründ);\bfr[üu]nd\b;Krieg nur drohten. Interessant ist der Vermerk aber vor allem, weil er zeigt, wie Frund mit dem Schreiben umgegangen ist. Er hat dieses nicht einfach an sich genommen
/Users/programming/PycharmProjects/Find_Bibliography_NEw/data/azk_library/sieber-christian__19.pdf;23;work;Fründ (Hans Fründ);\bfr[üu]nd\b;Antwortschreiben der Schwyzer vom Abend des 4. Mai zeigt seinerseits die Schrift von Frund, der mit den Truppen ausgezogen war und seine Kanzlei ins Feld verlegt hatte
/Users/programming/PycharmProjects/Find_Bibliography_NEw/data/azk_library/sieber-christian__19.pdf;23;work;Fründ (Hans Fründ);\bfr[üu]nd\b;drohen ihrerseits in verklausulierter Form mit Krieg. Nur in der Anrede gibt sich Frund ganz korrekt und bezeichnet die Zurcher weiterhin als «Eidgenossen» den ublichen
/Users/programming/PycharmProjects/Find_Bibliography_NEw/data/azk_library/sieber-christian__19.pdf;23;work;Fründ (Hans Fründ);\bfr[üu]nd\b;Adressaten erreicht, es befindet sich heute im Staatsarchiv Zurich. Gleichzeitig hat Frund den Entwurf zu diesem Schreiben aufbewahrt und archiviert, und ausserdem hat
/Users/programming/PycharmProjects/Find_Bibliography_NEw/data/azk_library/sieber-christian__19.pdf;23;work;Fründ (Hans Fründ);\bfr[üu]nd\b;uberarbeiteter Form auch in seine Chronik aufgenommen:33 Alles in allem pflegt Frund einen sehr sorgfaltigen Umgang mit wichtigen Schriftstucken programmatischen
/Users/programming/PycharmProjects/Find_Bibliography_NEw/data/azk_library/sieber-christian__19.pdf;23;work;Fründ (Hans Fründ);\bfr[üu]nd\b;allein vom «namhaften und wisen» Landammann und Hauptmann Ital Reding, wie ihn Frund bezeichnet. Auch spater tragen ahnliche Schreiben aus dem Feld jeweils nur das
/Users/programming/PycharmProjects/Find_Bibliography_NEw/data/azk_library/sieber-christian__19.pdf;23;work;Fründ (Hans Fründ);\bfr[üu]nd\b;das personliche Siegel von Reding, «gepresten halb unsers landz ingesigel» wie Frund regelmassig schreibt «in Ermangelung des Landessiegels» 34 was zum einen heisst
/Users/programming/PycharmProjects/Find_Bibliography_NEw/data/azk_library/sieber-christian__19.pdf;23;work;Fründ (Hans Fründ);\bfr[üu]nd\b;regelmassig schreibt «in Ermangelung des Landessiegels» 34 was zum einen heisst, dass Frund das Landessiegel aus praktischen Uberlegungen in sicherer Verwahrung im Hauptort
/Users/programming/PycharmProjects/Find_Bibliography_NEw/data/azk_library/sieber-christian__19.pdf;23;work;Fründ (Hans Fründ);\bfr[üu]nd\b;der seinerseits umgehend mit einem Schreiben reagiert hat, das formal jenem von Frund sehrahnelt. Offensichtlich wollte es Stussi seinem Gegenspieler oben auf dem
/Users/programming/PycharmProjects/Find_Bibliography_NEw/data/azk_library/sieber-christian__19.pdf;23;work;Fründ (Hans Fründ);\bfr[üu]nd\b;Staatsarchiv Schwyz und tragt erneut einen kommentierenden Ruckvermerk von 16 Frund: «Der Zurichern andre [d. h. zweite] unfruntliche schrifft, so si uns zuo sandtent
/Users/programming/PycharmProjects/Find_Bibliography_NEw/data/azk_library/sieber-christian__19.pdf;23;work;Fründ (Hans Fründ);\bfr[üu]nd\b;Etzell, wiset aber [d.h. erneut] uff ein absagung» Auch in seiner Chronik geht Frund auf das Schreiben ein, allerdings nur kurz, denn inhaltlich brachte es nichts
/Users/programming/PycharmProjects/Find_Bibliography_NEw/data/azk_library/sieber-christian__19.pdf;23;work;Fründ (Hans Fründ);\bfr[üu]nd\b;"einschliesslich March und Gaster, mit Korn, Wein und anderen Lebensmitteln, je 32 Frund, Chronik, S. 25f. 33 URStAZ 6, Nr. 8422; STASZ, Urk. Nr. 425 mit Uberschrift"
/Users/programming/PycharmProjects/Find_Bibliography_NEw/data/azk_library/sieber-christian__19.pdf;23;work;Fründ (Hans Fründ);\bfr[üu]nd\b;"33 URStAZ 6, Nr. 8422; STASZ, Urk. Nr. 425 mit Uberschrift «datum pro copia» ; Frund, Chronik, S. 26–29; Bernhard Stettler, in: Tschudi, Chronicon 10, S. 213f., Anm"
/Users/programming/PycharmProjects/Find_Bibliography_NEw/data/azk_library/sieber-christian__19.pdf;23;work;Fründ (Hans Fründ);\bfr[üu]nd\b;"Anm. 80 Nachweis der stilistischen Uberarbeitung). 34 So Cod. Sang. 644, S. 65 Frund, Chronik, S. 63, sowie Tschudi, Chronicon 10, S. 303 2. November 1440); STASZ"
/Users/programming/PycharmProjects/Find_Bibliography_NEw/data/azk_library/sieber-christian__19.pdf;23;work;Fründ (Hans Fründ);\bfr[üu]nd\b;"11, S. 112f., und URStAZ 6, Nr. 8910–8911 20. Mai 1443); Cod. Sang. 644, S. 159 Frund, Chronik, S. 142 sowie Tschudi, Chronicon 11, S. 139 1. Juni 1443). 35 Konig"
/Users/programming/PycharmProjects/Find_Bibliography_NEw/data/azk_library/sieber-christian__19.pdf;23;work;Fründ (Hans Fründ);\bfr[üu]nd\b;"und Stebler. 36 STASZ, Urk. Nr. 424, sowie URStAZ 6, Nr. 8423 Entwurf im StAZH); Frund, Chronik, S. 30. 37 Frund, Chronik, S. 30–34, sowie aus Zurcher Optik) Klingenberger"
/Users/programming/PycharmProjects/Find_Bibliography_NEw/data/azk_library/sieber-christian__19.pdf;23;work;Fründ (Hans Fründ);\bfr[üu]nd\b;"Nr. 424, sowie URStAZ 6, Nr. 8423 Entwurf im StAZH); Frund, Chronik, S. 30. 37 Frund, Chronik, S. 30–34, sowie aus Zurcher Optik) Klingenberger Chronik, S. 258f."
/Users/programming/PycharmProjects/Find_Bibliography_NEw/data/azk_library/sieber-christian__19.pdf;23;work;Fründ (Hans Fründ);\bfr[üu]nd\b;oder dann nach vorangehender Auslieferung an den Absender) durch die Schwyzer.40 Frund hat allerdings den Wortlaut der Kriegserklarung in seine Chronik aufgenommen
/Users/programming/PycharmProjects/Find_Bibliography_NEw/data/azk_library/sieber-christian__19.pdf;23;work;Fründ (Hans Fründ);\bfr[üu]nd\b;Auslieferung der Mahnschreiben URStAZ 6, Nr. 8529–8531). 41 Cod. Sang. 644, S. 64 Frund, Chronik, S. 62f., mit der einleitenden Bemerkung «da schreib ich die absagbriefe
/Users/programming/PycharmProjects/Find_Bibliography_NEw/data/azk_library/sieber-christian__19.pdf;23;work;Fründ (Hans Fründ);\bfr[üu]nd\b;STASZ, Urk. Nr. 444 Entwurf sowie URStAZ 6, Nr. 8625–8627, 8630–8638. 43 Vgl. Frund, Chronik, S. 69. 44 Cod. Sang. 644, S. 74, 76f. Frund, Chronik, S. 70, 72. 45
/Users/programming/PycharmProjects/Find_Bibliography_NEw/data/azk_library/sieber-christian__19.pdf;23;work;Fründ (Hans Fründ);\bfr[üu]nd\b;8627, 8630–8638. 43 Vgl. Frund, Chronik, S. 69. 44 Cod. Sang. 644, S. 74, 76f. Frund, Chronik, S. 70, 72. 45 Cod. Sang. 644, S. 78 Frund, Chronik, S. 73. 46 STASZ
/Users/programming/PycharmProjects/Find_Bibliography_NEw/data/azk_library/sieber-christian__19.pdf;23;work;Fründ (Hans Fründ);\bfr[üu]nd\b;Cod. Sang. 644, S. 74, 76f. Frund, Chronik, S. 70, 72. 45 Cod. Sang. 644, S. 78 Frund, Chronik, S. 73. 46 STASZ, Urk. Nr. 449 Abschiede 2, Nr. 232 Original im StAZH
/Users/programming/PycharmProjects/Find_Bibliography_NEw/data/azk_library/sieber-christian__19.pdf;23;work;Fründ (Hans Fründ);\bfr[üu]nd\b;Abschiede 2, Nr. 232 Original im StAZH nicht mehr vorhanden). 47 Cod. Sang. 644, S. 81 Frund, Chronik, S. 76. nicht vernichtete Kriegserklarungen von Helfern und Verbundeten
/Users/programming/PycharmProjects/Find_Bibliography_NEw/data/azk_library/sieber-christian__19.pdf;23;work;Fründ (Hans Fründ);\bfr[üu]nd\b;Helfern und Verbundeten der Schwyzer, die zumindest in einem Fall ebenfalls von Frund geschrieben worden sind.42 In den zwei Kriegswochen, die auf die Kriegserklarung
/Users/programming/PycharmProjects/Find_Bibliography_NEw/data/azk_library/sieber-christian__19.pdf;23;work;Fründ (Hans Fründ);\bfr[üu]nd\b;"nach Kilchberg, rund funf Kilometer vor den Stadtmauern Zurichs. Landschreiber Frund blieb ihr Begleiter; sein Bericht uber den Kriegszug durch die Zurcher Landschaft"
/Users/programming/PycharmProjects/Find_Bibliography_NEw/data/azk_library/sieber-christian__19.pdf;23;work;Fründ (Hans Fründ);\bfr[üu]nd\b;dabei hochst aufschlussreich und typisch fur die ganze Chronik: Ein Stuck weit ist Frund neutraler und ehrlicher Berichterstatter sowie Augenzeuge und schildert beispielsweise
/Users/programming/PycharmProjects/Find_Bibliography_NEw/data/azk_library/sieber-christian__19.pdf;23;work;Fründ (Hans Fründ);\bfr[üu]nd\b;plundern und die Hauser anschliessend in Brand zu stecken. Gleichzeitig ist es Frund aber ein Anliegen zu betonen, wie Ital Reding als Kommandant energisch gegen
/Users/programming/PycharmProjects/Find_Bibliography_NEw/data/azk_library/sieber-christian__19.pdf;23;work;Fründ (Hans Fründ);\bfr[üu]nd\b;zuruckholt – das Dorf Horgen ware sonst «gantz und gar verbrunnen» versichert Frund. Und man gewinnt tatsachlich den Eindruck, Reding habe solche Ubergriffe gelegentlich
/Users/programming/PycharmProjects/Find_Bibliography_NEw/data/azk_library/sieber-christian__19.pdf;23;work;Fründ (Hans Fründ);\bfr[üu]nd\b;Zurcher gezwungen, einzulenken und um Friedensverhandlungen zu bitten. Landschreiber Frund stellte den Zurcher Unterhandlern zu diesem Zweck in Kilchberg einen Geleitbrief
/Users/programming/PycharmProjects/Find_Bibliography_NEw/data/azk_library/sieber-christian__19.pdf;23;work;Fründ (Hans Fründ);\bfr[üu]nd\b;"hand uff Kilchberg»45), den wiederum Ital Reding besiegelte; den Entwurf dazu hat Frund abermals aufbewahrt und archiviert.46 Gultig war das Geleit bis zur Dreikonigskapelle"
/Users/programming/PycharmProjects/Find_Bibliography_NEw/data/azk_library/sieber-christian__19.pdf;23;work;Fründ (Hans Fründ);\bfr[üu]nd\b;Tage lang verhandelt wurde, bis der Entwurf fur einen Friedensvertrag vorlag, den Frund anschliessend am 18. November in Kilchberg in seiner Feldkanzlei «mitt schrifft
/Users/programming/PycharmProjects/Find_Bibliography_NEw/data/azk_library/sieber-christian__19.pdf;23;work;Fründ (Hans Fründ);\bfr[üu]nd\b;seine Chronik ubernommen, verbunden mit einem Kommentar, der annehmen lasst, dass Frund den Friedensvertrag inhaltlich massgeblich mitgestaltet hat. im Vertragstext
/Users/programming/PycharmProjects/Find_Bibliography_NEw/data/azk_library/sieber-christian__19.pdf;23;work;Fründ (Hans Fründ);\bfr[üu]nd\b;als Kilchberger Friede in die Geschichtsbucher eingegangen ist, hat dann nicht Frund im Feld ausgefertigt, sondern am 1. Dezember 1440 ein Schreiber in Luzern im
/Users/programming/PycharmProjects/Find_Bibliography_NEw/data/azk_library/sieber-christian__19.pdf;23;work;Fründ (Hans Fründ);\bfr[üu]nd\b;49 Eine zweite, notariell beglaubigte Kopie des Vertrags hat dann Landschreiber Frund im April 1441 noch selber ausgefertigt – ein weiteres Beispiel fur seine sorgfaltige
/Users/programming/PycharmProjects/Find_Bibliography_NEw/data/azk_library/sieber-christian__19.pdf;23;work;Fründ (Hans Fründ);\bfr[üu]nd\b;war vorbei. Dass er zwei Jahre spater von neuem ausbrechen wurde, war auch fur Frund nicht absehbar, wie er spater eingestanden hat.51 Er beendete sein Kriegstagebuch
/Users/programming/PycharmProjects/Find_Bibliography_NEw/data/azk_library/sieber-christian__19.pdf;23;work;Fründ (Hans Fründ);\bfr[üu]nd\b;ist ausser dem Vidimus des Kilchberger Friedens kein schriftliches Zeugnis von Frund uberliefert. Die durch die juristischen Auseinandersetzungen, den Kriegsausbruch
/Users/programming/PycharmProjects/Find_Bibliography_NEw/data/azk_library/sieber-christian__19.pdf;23;work;Fründ (Hans Fründ);\bfr[üu]nd\b;gibt.54 Das neue Reichsoberhaupt 1442 Irgendwann im Verlauf des Jahres 1442 hat Frund seine an sich abgeschlossene Chronik wieder hervorgeholt, weil ein neuer Konflikt
/Users/programming/PycharmProjects/Find_Bibliography_NEw/data/azk_library/sieber-christian__19.pdf;23;work;Fründ (Hans Fründ);\bfr[üu]nd\b;"1442 in Salzburg und Innsbruck be- 48 URStAZ 6, Nr. 8646; Cod. Sang. 644, S. 79 Frund, Chronik, S. 74 «vormals ungehorsam» bzw. «wurdent gehorsam gemachet» 49 URStAZ"
/Users/programming/PycharmProjects/Find_Bibliography_NEw/data/azk_library/sieber-christian__19.pdf;23;work;Fründ (Hans Fründ);\bfr[üu]nd\b;"56/1086; STASZ, Urk. Nr. 451. 50 URStAZ 6, Nr. 8674. 51 Cod. Sang. 644, S. 275 Frund, Chronik, S. 250: «Dann am anfang des kriegs, alls die von Zurich und die von"
/Users/programming/PycharmProjects/Find_Bibliography_NEw/data/azk_library/sieber-christian__19.pdf;23;work;Fründ (Hans Fründ);\bfr[üu]nd\b;h. geschlichtet] wurdent, so sollt es ein end haben.» 52 Cod. Sang. 644, S. 93 Frund, Chronik, S. 86. Eine Anrufung von Gott und Maria sowie der Dreifaltigkeit findet
/Users/programming/PycharmProjects/Find_Bibliography_NEw/data/azk_library/sieber-christian__19.pdf;23;work;Fründ (Hans Fründ);\bfr[üu]nd\b;auch am Schluss von Frunds Bericht uber die Hexenverfolgungen im Wallis, vgl. Frund, Rapport, S. 44. 53 Vgl. dazu Stettler, Pfaffikon und Wollerau, S. 16–19. 54
/Users/programming/PycharmProjects/Find_Bibliography_NEw/data/azk_library/sieber-christian__19.pdf;23;work;Fründ (Hans Fründ);\bfr[üu]nd\b;"206, 219, 251. Einziger Beleg fur die Teilnahme Redings: URStAZ 6, Nr. 8800; Frund erwahnt Reding in seinem Bericht uber die Verhandlungen in Frankfurt nicht namentlich"
/Users/programming/PycharmProjects/Find_Bibliography_NEw/data/azk_library/sieber-christian__19.pdf;23;work;Fründ (Hans Fründ);\bfr[üu]nd\b;Reding in seinem Bericht uber die Verhandlungen in Frankfurt nicht namentlich, vgl. Frund, Chronik, S. 91–93, 110. Die 70-tagige Reise des Solothurner Schultheissen Hemmann
/Users/programming/PycharmProjects/Find_Bibliography_NEw/data/azk_library/sieber-christian__19.pdf;23;work;Fründ (Hans Fründ);\bfr[üu]nd\b;Herrschaft im Aargau hatten.60 Den 19 in den Worten von ubrigen Orten hingegen – obwohl Frund «getruwe gehorsame undertanen deß heilgen romischen richs» – verweigerte sie
/Users/programming/PycharmProjects/Find_Bibliography_NEw/data/azk_library/sieber-christian__19.pdf;23;work;Fründ (Hans Fründ);\bfr[üu]nd\b;auf ein reichsgerichtliches Verfahren) sogar ein drittes Mal, wie Landschreiber Frund in seiner Chronik entrustet festhalt.61 Die von Frund archivierte Geleitzusage
/Users/programming/PycharmProjects/Find_Bibliography_NEw/data/azk_library/sieber-christian__19.pdf;23;work;Fründ (Hans Fründ);\bfr[üu]nd\b;drittes Mal, wie Landschreiber Frund in seiner Chronik entrustet festhalt.61 Die von Frund archivierte Geleitzusage des Konigs fur die letzte Verhandlungsrunde in Konstanz
/Users/programming/PycharmProjects/Find_Bibliography_NEw/data/azk_library/sieber-christian__19.pdf;23;work;Fründ (Hans Fründ);\bfr[üu]nd\b;sind gute Beispiele fur ein wichtiges Geschehen des Alten Zurichkriegs, uber das Frund fur einmal nicht als Augenzeuge berichten kann,64 sondern bei dem er auf Informationen
/Users/programming/PycharmProjects/Find_Bibliography_NEw/data/azk_library/sieber-christian__19.pdf;23;work;Fründ (Hans Fründ);\bfr[üu]nd\b;"berichten kann,64 sondern bei dem er auf Informationen Dritter angewiesen ist. Auch Frund konnte selbstverstandlich nicht uberall personlich dabei sein; die folgenden"
/Users/programming/PycharmProjects/Find_Bibliography_NEw/data/azk_library/sieber-christian__19.pdf;23;work;Fründ (Hans Fründ);\bfr[üu]nd\b;St. Jakob an der Birs 1444 und von Ragaz 1446 sind weitere Beispiele hierfur. Frund ist aber einmal mehr ehrlich und exakt genug, seine Distanz zum Geschehen zu
/Users/programming/PycharmProjects/Find_Bibliography_NEw/data/azk_library/sieber-christian__19.pdf;23;work;Fründ (Hans Fründ);\bfr[üu]nd\b;"herauszugeben und diesen stattdessen anlasslich einer Tagsatzung nur zu verlesen.66 Auch Frund blieb so der Zugang zum genauen Wortlaut verwehrt; erst funf Jahre spater, nach"
/Users/programming/PycharmProjects/Find_Bibliography_NEw/data/azk_library/sieber-christian__19.pdf;23;work;Fründ (Hans Fründ);\bfr[üu]nd\b;Form eines offiziellen Mahnschreibens der Schwyzer, verfasst von Landschreiber Frund, und als Reaktion darauf einer ablehnenden Antwort der Zurcher, verfasst von
/Users/programming/PycharmProjects/Find_Bibliography_NEw/data/azk_library/sieber-christian__19.pdf;23;work;Fründ (Hans Fründ);\bfr[üu]nd\b;eroffneten, am 20. Mai 1443 um 3 Uhr nachmittags mit je einer von Landschreiber Frund verfassten Kriegserklarung an Zurich und an die Herrschaft Osterreich – wobei
/Users/programming/PycharmProjects/Find_Bibliography_NEw/data/azk_library/sieber-christian__19.pdf;23;work;Fründ (Hans Fründ);\bfr[üu]nd\b;verfassten Kriegserklarung an Zurich und an die Herrschaft Osterreich – wobei Frund als ehrlicher Insider festhalt, dass dies «ane [d. h. ohne]rat der andren ira
/Users/programming/PycharmProjects/Find_Bibliography_NEw/data/azk_library/sieber-christian__19.pdf;23;work;Fründ (Hans Fründ);\bfr[üu]nd\b;Den Wortlaut der beiden Schwyzer Kriegserklarungen verdanken wir erneut allein Frund, der 61 Frund, Chronik, S. 94, 109f. Zitat: Cod. Sang. 644, S. 121), 121f. Nach
/Users/programming/PycharmProjects/Find_Bibliography_NEw/data/azk_library/sieber-christian__19.pdf;23;work;Fründ (Hans Fründ);\bfr[üu]nd\b;der beiden Schwyzer Kriegserklarungen verdanken wir erneut allein Frund, der 61 Frund, Chronik, S. 94, 109f. Zitat: Cod. Sang. 644, S. 121), 121f. Nach der Klingenberger
/Users/programming/PycharmProjects/Find_Bibliography_NEw/data/azk_library/sieber-christian__19.pdf;23;work;Fründ (Hans Fründ);\bfr[üu]nd\b;"857a. Abschiede 2, Nr. 254, Anhang; Reichstags- 64 Vgl. Cod. Sang. 644, S. 96 Frund, Chronik, S. 90, uber den Inhalt der Verhandlungen der Zurcher: «das hab ich"
/Users/programming/PycharmProjects/Find_Bibliography_NEw/data/azk_library/sieber-christian__19.pdf;23;work;Fründ (Hans Fründ);\bfr[üu]nd\b;Inhalt der Verhandlungen der Zurcher: «das hab ich weder gesehen noch gehort» 65 Frund, Chronik, S. 1f. Zitat: Cod. Sang. 644, S. 3) und 224 Zitat: Cod. Sang. 644,
/Users/programming/PycharmProjects/Find_Bibliography_NEw/data/azk_library/sieber-christian__19.pdf;23;work;Fründ (Hans Fründ);\bfr[üu]nd\b;"287. 67 Vgl. Stettler, Frunds Darstellung, S. 124*f.; Cod. Sang. 644, S. 104 Frund, Chronik, S. 97. 68 STASZ, Urk. Nr. 460 Abbildung: Sieber, Einsiedeln, S. 48"
/Users/programming/PycharmProjects/Find_Bibliography_NEw/data/azk_library/sieber-christian__19.pdf;23;work;Fründ (Hans Fründ);\bfr[üu]nd\b;der Empfanger ist bis heute zwar kein Original dieses Schreibens aufgetaucht, Frund uberliefert es aber, adressiert an die Reichsstadt Ulm, in seiner Chronik.71
/Users/programming/PycharmProjects/Find_Bibliography_NEw/data/azk_library/sieber-christian__19.pdf;23;work;Fründ (Hans Fründ);\bfr[üu]nd\b;unmittelbare Vorgeschichte des Konflikts, sondern gehen weit in die Vergangenheit zuruck. Frund erklart, wie die Schwyzer seit jeher reichstreu gewesen seien und dafur stets
/Users/programming/PycharmProjects/Find_Bibliography_NEw/data/azk_library/sieber-christian__19.pdf;23;work;Fründ (Hans Fründ);\bfr[üu]nd\b;"obwohl man seit uber 200 Jahren 69 STASZ, Urk. Nr. 463 mit Uberschrift «copia» ; Frund, Chronik, S. 126, 130 Zitate: Cod. Sang. 644, S. 139, 143) sowie Tschudi, Chronicon"
/Users/programming/PycharmProjects/Find_Bibliography_NEw/data/azk_library/sieber-christian__19.pdf;23;work;Fründ (Hans Fründ);\bfr[üu]nd\b;"Chronicon 11, S. 112f., und URStAZ 6, Nr. 8910–8911. 70 URStAZ 6, Nr. 8913. 71 Frund, Chronik, S. 120–125, sowie Tschudi, Chronicon 11, S. 105–109; vgl. auch Dettling"
/Users/programming/PycharmProjects/Find_Bibliography_NEw/data/azk_library/sieber-christian__19.pdf;23;work;Fründ (Hans Fründ);\bfr[üu]nd\b;IV. vom 29. Juni 1437). 74 URStAZ 6, Nr. 8352 sowie Nr. 8063, 8071, 8085, 8191. Frund schweigt in seiner Chronik hierzu, obwohl er damals bereits Landschreiber war
/Users/programming/PycharmProjects/Find_Bibliography_NEw/data/azk_library/sieber-christian__19.pdf;23;work;Fründ (Hans Fründ);\bfr[üu]nd\b;"schweigt in seiner Chronik hierzu, obwohl er damals bereits Landschreiber war. 75 Frund, Chronik, S. 108. 76 STASZ, Urk. Nr. 27; QW 1/1, Nr. 1681 Foto des Dorsualregests"
/Users/programming/PycharmProjects/Find_Bibliography_NEw/data/azk_library/sieber-christian__19.pdf;23;work;Fründ (Hans Fründ);\bfr[üu]nd\b;worden.72 Am Anfang solcher Argumentation aber steht kein anderer als Landschreiber Frund mit seiner Rechtfertigung des Schwyzer Standpunkts im Alten Zurichkrieg. Frund
/Users/programming/PycharmProjects/Find_Bibliography_NEw/data/azk_library/sieber-christian__19.pdf;23;work;Fründ (Hans Fründ);\bfr[üu]nd\b;Frund mit seiner Rechtfertigung des Schwyzer Standpunkts im Alten Zurichkrieg. Frund hat aus fruheren Auseinandersetzungen mit der Herrschaft Osterreich eine habsburgische
/Users/programming/PycharmProjects/Find_Bibliography_NEw/data/azk_library/sieber-christian__19.pdf;23;work;Fründ (Hans Fründ);\bfr[üu]nd\b;Von einem Skandal «ungehort sach» sprachen damals die Zurcher.74 eidgenossischer Frund zieht auch an anderen Stellen seiner Chronik die Geschichte als Argument heran
/Users/programming/PycharmProjects/Find_Bibliography_NEw/data/azk_library/sieber-christian__19.pdf;23;work;Fründ (Hans Fründ);\bfr[üu]nd\b;geblieben ist. Nur den Bundesbrief von 1291 sucht man in der Argumentation von Frund vergeblich, obwohl die Urkunde ausgerechnet in jenem Archiv lag, das er zu betreuen
/Users/programming/PycharmProjects/Find_Bibliography_NEw/data/azk_library/sieber-christian__19.pdf;23;work;Fründ (Hans Fründ);\bfr[üu]nd\b;hatte. Mit einer konkreten Jahresangabe sind die Anfange der Eidgenossenschaft bei Frund aber ebenso wenig versehen wie knapp dreissig Jahre spater in der Erzahlung im
/Users/programming/PycharmProjects/Find_Bibliography_NEw/data/azk_library/sieber-christian__19.pdf;23;work;Fründ (Hans Fründ);\bfr[üu]nd\b;sogenanntes Dorsualregest von einer Hand des 15. Jahrhunderts, die durchaus jene von Frund sein konnte und auch bei anderen Urkunden anzutreffen ist. Wie weit Frund das
/Users/programming/PycharmProjects/Find_Bibliography_NEw/data/azk_library/sieber-christian__19.pdf;23;work;Fründ (Hans Fründ);\bfr[üu]nd\b;von Frund sein konnte und auch bei anderen Urkunden anzutreffen ist. Wie weit Frund das ihm anvertraute Archiv geordnet und vielleicht sogar inventarisiert hat
/Users/programming/PycharmProjects/Find_Bibliography_NEw/data/azk_library/sieber-christian__19.pdf;23;work;Fründ (Hans Fründ);\bfr[üu]nd\b;Landschreiber Franz Anton Frischherz 1724 angelegt hat.78 Nach Kriegsbeginn hat Frund weitere Rechtfertigungsschreiben verfasst – oder war als «schriber gmeiner Eidgenossen
/Users/programming/PycharmProjects/Find_Bibliography_NEw/data/azk_library/sieber-christian__19.pdf;23;work;Fründ (Hans Fründ);\bfr[üu]nd\b;ausserhalb ihres Gebiets eine in diesem Ausmass bisher nicht gekannte Beachtung. Frund hat dabeidas Bild wesentlich mitgepragt, das man sich namentlich in den Reichsstadten
/Users/programming/PycharmProjects/Find_Bibliography_NEw/data/azk_library/sieber-christian__19.pdf;23;work;Fründ (Hans Fründ);\bfr[üu]nd\b;sich die Anerkennung der fuhrenden Rolle von Schwyz im ganzen Konflikt, an der Frund als «Chefideologe» einen nicht geringen Anteil hatte. Frund war es, der den Schwyzer
/Users/programming/PycharmProjects/Find_Bibliography_NEw/data/azk_library/sieber-christian__19.pdf;23;work;Fründ (Hans Fründ);\bfr[üu]nd\b;ganzen Konflikt, an der Frund als «Chefideologe» einen nicht geringen Anteil hatte. Frund war es, der den Schwyzer Rechtsstandpunkt ausformuliert und in einer langfristigen
/Users/programming/PycharmProjects/Find_Bibliography_NEw/data/azk_library/sieber-christian__19.pdf;23;work;Fründ (Hans Fründ);\bfr[üu]nd\b;Wanner) mogen in eine ahnliche Richtung gearbeitet haben. Derart gut fassen wie Frund lasst sich aber keiner von ihnen wahrend des Alten Zurichkriegs.84 Den Zurchern
/Users/programming/PycharmProjects/Find_Bibliography_NEw/data/azk_library/sieber-christian__19.pdf;23;work;Fründ (Hans Fründ);\bfr[üu]nd\b;auf der Gegenseite fehlte eindeutig ein ebenso versierter und begabter Mann, wie Frund es war. Ausserdem hatten sie den Nachteil, dass sie militarisch erneut auf der
/Users/programming/PycharmProjects/Find_Bibliography_NEw/data/azk_library/sieber-christian__19.pdf;23;work;Fründ (Hans Fründ);\bfr[üu]nd\b;Bundesbrief, S. 87, mit weiterfuhrender Lite¬ ratur. 79 Cod. Sang. 644, S. 248 Frund, Chronik, S. 224. 80 Vgl. zu diesen Fragen Sieber, Opfer, S. 73–76, und Landolt
/Users/programming/PycharmProjects/Find_Bibliography_NEw/data/azk_library/sieber-christian__19.pdf;23;work;Fründ (Hans Fründ);\bfr[üu]nd\b;von Berner Truppen anlasslich der Belagerung von Gruningen stattgefunden haben. Frund berichtet nur uber einen anderen Vermittlungsversuch des Konzils von Basel im
/Users/programming/PycharmProjects/Find_Bibliography_NEw/data/azk_library/sieber-christian__19.pdf;23;work;Fründ (Hans Fründ);\bfr[üu]nd\b;Vermittlungsversuch des Konzils von Basel im Juli 1443 im Feldlager bei Hedingen Frund, Chronik, S. 152f.). 83 Vgl. Bernhard Stettler, in: Tschudi, Chronicon 11, S
/Users/programming/PycharmProjects/Find_Bibliography_NEw/data/azk_library/sieber-christian__19.pdf;23;work;Fründ (Hans Fründ);\bfr[üu]nd\b;"Verbundeten eine Niederlage. Burgermeister Ru¬ 85 Vgl. Sieber, Stussi und Stebler. 86 Frund, Chronik, S. 153–159 Zitat: Frund, Chronik, S. 158 Cod. Sang. 644, S. 178); Informanten"
/Users/programming/PycharmProjects/Find_Bibliography_NEw/data/azk_library/sieber-christian__19.pdf;23;work;Fründ (Hans Fründ);\bfr[üu]nd\b;"Burgermeister Ru¬ 85 Vgl. Sieber, Stussi und Stebler. 86 Frund, Chronik, S. 153–159 Zitat: Frund, Chronik, S. 158 Cod. Sang. 644, S. 178); Informanten aus Zurich auch erwahnt"
/Users/programming/PycharmProjects/Find_Bibliography_NEw/data/azk_library/sieber-christian__19.pdf;23;work;Fründ (Hans Fründ);\bfr[üu]nd\b;"Chronik, S. 158 Cod. Sang. 644, S. 178); Informanten aus Zurich auch erwahnt bei Frund, Chronik, S. 133, 140 und 156. 87 STASZ, Graphische Sammlung, Nr. 1571, sowie"
/Users/programming/PycharmProjects/Find_Bibliography_NEw/data/azk_library/sieber-christian__19.pdf;23;work;Fründ (Hans Fründ);\bfr[üu]nd\b;Johannes Abyberg sowie den anderen Eidgenossen auf ihrer Seite. Landschreiber Frund ist einmal mehr hautnah dabei und uberliefert von allen Augenzeugen den ausfuhrlichsten
/Users/programming/PycharmProjects/Find_Bibliography_NEw/data/azk_library/sieber-christian__19.pdf;23;work;Fründ (Hans Fründ);\bfr[üu]nd\b;und Reding, wie er im 19. Jahrhundert bildlich dargestellt worden ist,87 weiss Frund allerdings nichts zu berichten. Dafur listet er einige prominente Gefallene auf
/Users/programming/PycharmProjects/Find_Bibliography_NEw/data/azk_library/sieber-christian__19.pdf;23;work;Fründ (Hans Fründ);\bfr[üu]nd\b;anbeten wie einst die Romer ihre Gotter.96 Daneben uberliefert Hemmerli auch zu Frund eine symboltrachtige Anekdote, nach der einst bei Friedensverhandlungen im Freien
/Users/programming/PycharmProjects/Find_Bibliography_NEw/data/azk_library/sieber-christian__19.pdf;23;work;Fründ (Hans Fründ);\bfr[üu]nd\b;feindlichen Lagers zum Trotz – in der Realitat haben Landammann Reding und Landschreiber Frund im Unterschied zu ihren Gegenspielern in Zurich den Krieg uberlebt, der erst
/Users/programming/PycharmProjects/Find_Bibliography_NEw/data/azk_library/sieber-christian__19.pdf;23;work;Fründ (Hans Fründ);\bfr[üu]nd\b;letztlich wie 1440 die Schwyzer und ihre eidgenossischen Verbundeten siegreich. Frund hatte sein Tagebuch den ganzen Krieg hindurch fortgefuhrt, jetzt konnte er es
/Users/programming/PycharmProjects/Find_Bibliography_NEw/data/azk_library/sieber-christian__19.pdf;23;work;Fründ (Hans Fründ);\bfr[üu]nd\b;dryvaltikeit» definitiv abschliessen, als am Dreifaltigkeits- 88 Cod. Sang. 644, S. 177 Frund, Chronik, S. 158. 89 URStAZ 6, Nr. 8076. 90 Beide Vorfalle zit. nach Sieber,
/Users/programming/PycharmProjects/Find_Bibliography_NEw/data/azk_library/sieber-christian__19.pdf;23;work;Fründ (Hans Fründ);\bfr[üu]nd\b;Schwyz, S. 60. In deutscher Ubersetzung zitiert bei Reber, Hemmerlin, S. 263f. 98 Frund, Chronik, S. 280–292. sonntag 1446 wohl wie uberall auch in Schwyz die Kirchenglocken
/Users/programming/PycharmProjects/Find_Bibliography_NEw/data/azk_library/sieber-christian__19.pdf;23;work;Fründ (Hans Fründ);\bfr[üu]nd\b;enden frod und loppt man gott, das der frid komen was» 99 Gleichzeitig vergass Frund bei aller Befriedigung uber den Kriegsausgang nicht, auch der «manig arm wittwen
/Users/programming/PycharmProjects/Find_Bibliography_NEw/data/azk_library/sieber-christian__19.pdf;23;work;Fründ (Hans Fründ);\bfr[üu]nd\b;Krieg verursacht hatte.100Nur zu den Kriegskosten und zur Kriegsfinanzierung macht Frund keine naheren Angaben.101 Ganz am Schluss seiner Chronik kundigt Frund noch eine
/Users/programming/PycharmProjects/Find_Bibliography_NEw/data/azk_library/sieber-christian__19.pdf;23;work;Fründ (Hans Fründ);\bfr[üu]nd\b;Kriegsfinanzierung macht Frund keine naheren Angaben.101 Ganz am Schluss seiner Chronik kundigt Frund noch eine Namensliste der im Krieg gefallenen Schwyzer an.102 99 Vgl. Cod. Sang
/Users/programming/PycharmProjects/Find_Bibliography_NEw/data/azk_library/sieber-christian__19.pdf;23;work;Fründ (Hans Fründ);\bfr[üu]nd\b;Namensliste der im Krieg gefallenen Schwyzer an.102 99 Vgl. Cod. Sang. 644, S. 306, 323 Frund, Chronik, S. 280, 292, so¬ wie aus Zurcher Optik) ganz ahnlich Chronik der Stadt
/Users/programming/PycharmProjects/Find_Bibliography_NEw/data/azk_library/sieber-christian__19.pdf;23;work;Fründ (Hans Fründ);\bfr[üu]nd\b;"ahnlich Chronik der Stadt Zurich, S. 222; zur Anrufung der Dreifaltigkeit durch Frund vgl. auch oben Anm. 52. 100 Cod. Sang. 644, S. 290 Frund, Chronik, S. 266. 101"
/Users/programming/PycharmProjects/Find_Bibliography_NEw/data/azk_library/sieber-christian__19.pdf;23;work;Fründ (Hans Fründ);\bfr[üu]nd\b;Dreifaltigkeit durch Frund vgl. auch oben Anm. 52. 100 Cod. Sang. 644, S. 290 Frund, Chronik, S. 266. 101 Vgl. zu diesem wichtigen Aspekt des Alten Zurichkriegs
/Users/programming/PycharmProjects/Find_Bibliography_NEw/data/azk_library/sieber-christian__19.pdf;23;work;Fründ (Hans Fründ);\bfr[üu]nd\b;Aspekt des Alten Zurichkriegs jetzt Landolt, Finanzen, S. 76, 78, 79f., 85, 88. 102 Frund, Chronik, S. 293. 103 Jahrzeitbuch Schwyz, S. 125f. Zu den deutlich hoheren Opferzahlen
/Users/programming/PycharmProjects/Find_Bibliography_NEw/data/azk_library/sieber-christian__19.pdf;23;work;Fründ (Hans Fründ);\bfr[üu]nd\b;177 Gefallene) und 219f. Zweiter Kappelerkrieg 1531: 16 Gefallene). 104 Vgl. Frund, Chronik, S. 132 mit den Namen der Gefallenen bei Freienbach am 22. Mai 1443
/Users/programming/PycharmProjects/Find_Bibliography_NEw/data/azk_library/sieber-christian__19.pdf;23;work;Fründ (Hans Fründ);\bfr[üu]nd\b;"132 mit den Namen der Gefallenen bei Freienbach am 22. Mai 1443; danach bringt Frund in seiner Chronik nur noch Zahlen der gefallenen Schwyzer. 105 Frund, Chronik"
/Users/programming/PycharmProjects/Find_Bibliography_NEw/data/azk_library/sieber-christian__19.pdf;23;work;Fründ (Hans Fründ);\bfr[üu]nd\b;"danach bringt Frund in seiner Chronik nur noch Zahlen der gefallenen Schwyzer. 105 Frund, Chronik, S. 32, 132, 138, 158, 216, 256; URStAZ 6, Nr. 8922, 8965, 9121; Sieber"
/Users/programming/PycharmProjects/Find_Bibliography_NEw/data/azk_library/sieber-christian__19.pdf;23;work;Fründ (Hans Fründ);\bfr[üu]nd\b;"256; URStAZ 6, Nr. 8922, 8965, 9121; Sieber, Opfer, S. 66–68; weitere Zahlen bei Frund, Chronik, S. 153, 200, 222, 223, 227, 238, 240, 259. 106 Cod. Sang. 644, S. 145"
/Users/programming/PycharmProjects/Find_Bibliography_NEw/data/azk_library/sieber-christian__19.pdf;23;work;Fründ (Hans Fründ);\bfr[üu]nd\b;Chronik, S. 153, 200, 222, 223, 227, 238, 240, 259. 106 Cod. Sang. 644, S. 145 Frund, Chronik, S. 132. 107 Vgl. oben bei Anm. 80 sowie Sieber, Opfer, S. 67. 108 Frund
/Users/programming/PycharmProjects/Find_Bibliography_NEw/data/azk_library/sieber-christian__19.pdf;23;work;Fründ (Hans Fründ);\bfr[üu]nd\b;Frund, Chronik, S. 132. 107 Vgl. oben bei Anm. 80 sowie Sieber, Opfer, S. 67. 108 Frund, Chronik, S. 32, 262 Cod. Sang. 644, S. 287: «gar ungelich» Zahlen). 109 Sieber
/Users/programming/PycharmProjects/Find_Bibliography_NEw/data/azk_library/sieber-christian__19.pdf;23;work;Fründ (Hans Fründ);\bfr[üu]nd\b;Armagnaken gefallen ist).103 DieseTotenliste hat mit grosserWahrscheinlichkeit Frund angelegt, der neben seinem Kriegstagebuch wohl fortlaufend die Namen der Schwyzer
/Users/programming/PycharmProjects/Find_Bibliography_NEw/data/azk_library/sieber-christian__19.pdf;23;work;Fründ (Hans Fründ);\bfr[üu]nd\b;Gedenken nach dem Krieg, anderseits aber auch aus einem statistischen Interesse. Frund hat namlich auf dem Schlachtfeld jeweils auch die toten Feinde gezahlt oder zahlen
/Users/programming/PycharmProjects/Find_Bibliography_NEw/data/azk_library/sieber-christian__19.pdf;23;work;Fründ (Hans Fründ);\bfr[üu]nd\b;feindlichen Seite – auch Kriegspropaganda betrieben.107 In einem ersten Schritt aber war Frund einfach nur um verlassliches Zahlenmaterial bemuht. So storten ihn divergierende
/Users/programming/PycharmProjects/Find_Bibliography_NEw/data/azk_library/sieber-christian__19.pdf;23;work;Fründ (Hans Fründ);\bfr[üu]nd\b;ein Teil von ihnen als ertrunken galt.108 Einmal mehr fallt auf, wie sorgfaltig Frund arbeitete, gerade auch im Vergleich mit Zurich, wo vollstandige Namenslisten
/Users/programming/PycharmProjects/Find_Bibliography_NEw/data/azk_library/sieber-christian__19.pdf;23;work;Fründ (Hans Fründ);\bfr[üu]nd\b;Schlachtjahrzeit voraus.110 Die Formulierung der beiden Texte lasst erkennen, dass Frund auch hier die Hand mit im Spiel hatte und seine Chronik quasi in die Jahrzeitbucher
/Users/programming/PycharmProjects/Find_Bibliography_NEw/data/azk_library/sieber-christian__19.pdf;23;work;Fründ (Hans Fründ);\bfr[üu]nd\b;zuletzt seinen Einfluss auf die eidgenossische Politik 25 beibehalten hatte.113 Hans Frund demgegenuber begleitete auch noch den langwierigen Schiedsprozess umdie juristische
/Users/programming/PycharmProjects/Find_Bibliography_NEw/data/azk_library/sieber-christian__19.pdf;23;work;Fründ (Hans Fründ);\bfr[üu]nd\b;Kriegsgeschehen fehlen darin allerdings weitgehend, weshalb dieser Teil ab, die Frund seiner Chronik anfugte. von Frunds Werk bis heute ungedruckt geblieben ist und
/Users/programming/PycharmProjects/Find_Bibliography_NEw/data/azk_library/sieber-christian__19.pdf;23;work;Fründ (Hans Fründ);\bfr[üu]nd\b;Eidgnossen ir sachen [ gerichtlich] gewunnen hand.»116 Dennoch ist unverkennbar, dass Frund nach Kriegsende in Schwyz nicht mehr dieselbe wichtige Rolle spieltewie zuvor
/Users/programming/PycharmProjects/Find_Bibliography_NEw/data/azk_library/sieber-christian__19.pdf;23;work;Fründ (Hans Fründ);\bfr[üu]nd\b;Ausgleich und die Aussohnung mit Zurich suchen.117 Auch Johannes Abyberg, den Frund explizit als «min guot frund» bezeichnet, 118war nichtmehr amLeben. Vielleicht
/Users/programming/PycharmProjects/Find_Bibliography_NEw/data/azk_library/sieber-christian__19.pdf;23;work;Fründ (Hans Fründ);\bfr[üu]nd\b;mit Zurich suchen.117 Auch Johannes Abyberg, den Frund explizit als «min guot frund» bezeichnet, 118war nichtmehr amLeben. Vielleicht hatte Frund unter diesen Umstanden
/Users/programming/PycharmProjects/Find_Bibliography_NEw/data/azk_library/sieber-christian__19.pdf;23;work;Fründ (Hans Fründ);\bfr[üu]nd\b;explizit als «min guot frund» bezeichnet, 118war nichtmehr amLeben. Vielleicht hatte Frund unter diesen Umstanden mehr Muhe, auf Friede und Ausgleich umzustellen als andere
/Users/programming/PycharmProjects/Find_Bibliography_NEw/data/azk_library/sieber-christian__19.pdf;23;work;Fründ (Hans Fründ);\bfr[üu]nd\b;es in Schwyz und ebenso in Zurich) weiterhin unversohnliche Stimmen.119Wenn man Frund beim Wort nimmt, dann war er selber eine davon, hatte er doch 1443, auf dem Hohepunkt
/Users/programming/PycharmProjects/Find_Bibliography_NEw/data/azk_library/sieber-christian__19.pdf;23;work;Fründ (Hans Fründ);\bfr[üu]nd\b;Nachkriegszeit ab 1450 DiePartei der Unversohnlichen in Schwyz, und mit ihr vielleicht Frund, sah es nicht gerne, dass 1450, im Jahr der end¬ 26 gultigen Aussohnung, die
/Users/programming/PycharmProjects/Find_Bibliography_NEw/data/azk_library/sieber-christian__19.pdf;23;work;Fründ (Hans Fründ);\bfr[üu]nd\b;"solche von Schwyz) in der Zeit der Besetzung ausgestellt hatten; eine davon hatte Frund sogar geschrieben.121 Gleichzeitig mussten in der Pfarrkirche von Schwyz wie"
/Users/programming/PycharmProjects/Find_Bibliography_NEw/data/azk_library/sieber-christian__19.pdf;23;work;Fründ (Hans Fründ);\bfr[üu]nd\b;allgemeinen Tagsatzungsbeschlusses entfernt und den Zurchern zuruckgegeben werden.122 Frund erwahnt inseiner Chronik allerdings nur je ein «vennli» Feldzeichen eines einzelnen
/Users/programming/PycharmProjects/Find_Bibliography_NEw/data/azk_library/sieber-christian__19.pdf;23;work;Fründ (Hans Fründ);\bfr[üu]nd\b;Schiedsgerichts in Einsiedeln STASZ, Urk., Nr. 509). 118 Cod. Sang. 644, S. 261 Frund, Chronik, S. 237. 119 Vgl. Stettler, Liquidation, S. 57*f. 120 Cod. Sang. 644
/Users/programming/PycharmProjects/Find_Bibliography_NEw/data/azk_library/sieber-christian__19.pdf;23;work;Fründ (Hans Fründ);\bfr[üu]nd\b;"Chronik, S. 237. 119 Vgl. Stettler, Liquidation, S. 57*f. 120 Cod. Sang. 644, S. 165 Frund, Chronik, S. 148. 121 StAZH, C I Nr. 2455, 3090 geschrieben von Frund); vgl."
/Users/programming/PycharmProjects/Find_Bibliography_NEw/data/azk_library/sieber-christian__19.pdf;23;work;Fründ (Hans Fründ);\bfr[üu]nd\b;"S. 165 Frund, Chronik, S. 148. 121 StAZH, C I Nr. 2455, 3090 geschrieben von Frund); vgl. auch StAZH, C II 3 Nr. 157, C II 12 Nr. 420–421, sowie B I 279,Nr. 159"
/Users/programming/PycharmProjects/Find_Bibliography_NEw/data/azk_library/sieber-christian__19.pdf;23;work;Fründ (Hans Fründ);\bfr[üu]nd\b;"Tschudi, Chronicon 12, S. 200; Stettler, Liqui¬ dation, S. 63* und Anm. 141*. 123 Frund, Chronik, S. 132, 239 Cod. Sang. 644, S. 263: «... hanget ze Swytz in der kilchen"
/Users/programming/PycharmProjects/Find_Bibliography_NEw/data/azk_library/sieber-christian__19.pdf;23;work;Fründ (Hans Fründ);\bfr[üu]nd\b;"123*. 131 Wanner, Schreiber, S. 18, 21, Abb. 9. Auch Mitte Dezember 1450 weilte Frund in Luzern, vgl. StALU, RP 5B, f. 128r. 132 StALU, AKT 12/95; Wanner, Schreiber"
/Users/programming/PycharmProjects/Find_Bibliography_NEw/data/azk_library/sieber-christian__19.pdf;23;work;Fründ (Hans Fründ);\bfr[üu]nd\b;die von Zurich dar inn gehalten und beliben lassen hant».126 Von Landschreiber Frund horen wir in dieser Zeit nur mehr wenig. Den mehrfach unterbrochenen Schiedsprozess
/Users/programming/PycharmProjects/Find_Bibliography_NEw/data/azk_library/sieber-christian__19.pdf;23;work;Fründ (Hans Fründ);\bfr[üu]nd\b;Obmannspruchs, ein umfangreiches Pergamentheft mit dem Siegel von Bubenberg, hat Frund aber selbstverstandlich korrekt archiviert, nachdem er den Umschlag eigenhandig
/Users/programming/PycharmProjects/Find_Bibliography_NEw/data/azk_library/sieber-christian__19.pdf;23;work;Fründ (Hans Fründ);\bfr[üu]nd\b;gewesen sein, dass er seine Chronik nicht noch bis 1450 fortfuhrte. «Er [d. h. Frund] schribt och, hett imm gott sins lebens gunnen und imm der handel furo zuo der
/Users/programming/PycharmProjects/Find_Bibliography_NEw/data/azk_library/sieber-christian__19.pdf;23;work;Fründ (Hans Fründ);\bfr[üu]nd\b;so welt er den furo zu ende geschriben haben.» 130 Allerdings fallt auf, dass Frund ausgerechnet in den Wochen der endgultigen Aussohnung – namlich am 14. Oktober
/Users/programming/PycharmProjects/Find_Bibliography_NEw/data/azk_library/sieber-christian__19.pdf;23;work;Fründ (Hans Fründ);\bfr[üu]nd\b;Schwyz geborenen Sohne Melchior und Balthasar.131 Zwei Jahre spater bewarb sich Frund sogar fur die durch den Rucktritt von Egloff Etterlin frei gewordene Stadtschreiberstelle
/Users/programming/PycharmProjects/Find_Bibliography_NEw/data/azk_library/sieber-christian__19.pdf;23;work;Fründ (Hans Fründ);\bfr[üu]nd\b;allen disen vergangnen loffen als ein getruwer Eydgenoss gehalten» habe.132 War Frund in Schwyz in Ungnade gefallen, oder brauchte man ihn, den Auswartigen, ganz einfach
/Users/programming/PycharmProjects/Find_Bibliography_NEw/data/azk_library/sieber-christian__19.pdf;23;work;Fründ (Hans Fründ);\bfr[üu]nd\b;Ulrich Wagner als haufiger Gast im Frundschen Haushalt feststellen konnte.134 Frund scheiterte 1452 mit seiner Bewerbung in Luzern und blieb noch acht Jahre lang
/Users/programming/PycharmProjects/Find_Bibliography_NEw/data/azk_library/sieber-christian__19.pdf;23;work;Fründ (Hans Fründ);\bfr[üu]nd\b;Schiffleutebruderschaft von in der Landesverwaltung Brunnen.135 Fur Kontinuitat sorgte Frund insbesondere durch die urkundliche Ausfertigung von wichtigen Landsgemeindebeschlussen
/Users/programming/PycharmProjects/Find_Bibliography_NEw/data/azk_library/sieber-christian__19.pdf;23;work;Fründ (Hans Fründ);\bfr[üu]nd\b;"1. Mai 1460); der erste aus dem Jahr 1438 tragt sogar seine Unterschrift «Jo. Frund, cancellarius Switensis».136 Am 9. Mai 1461 erscheint Frunds Handschrift erstmals"
/Users/programming/PycharmProjects/Find_Bibliography_NEw/data/azk_library/sieber-christian__19.pdf;23;work;Fründ (Hans Fründ);\bfr[üu]nd\b;dem um eine Generation jungeren Melchior Russ aber unterlag. Allerdings erhielt Frund Ende Juli 1461 eine Anstellung als « Gerichtschreiber» – offenbar eine Notlosung
/Users/programming/PycharmProjects/Find_Bibliography_NEw/data/azk_library/sieber-christian__19.pdf;23;work;Fründ (Hans Fründ);\bfr[üu]nd\b;"Jahreswechsel 1468/69 verstarb.137 Ende Februar und Mitte Marz 1469 bezeichnen die Quellen Frund als «kurtzlich» in Luzern verstorben; seine Tochter Elisabeth aus zweiter Ehe"
/Users/programming/PycharmProjects/Find_Bibliography_NEw/data/azk_library/sieber-christian__19.pdf;23;work;Fründ (Hans Fründ);\bfr[üu]nd\b;Schwyz Heinrich Flecklin geheiratet hatte und angeblich stets «das liepst kind» von Frund gewesen war, machte damals Erbanspruche 138 Ihre beidenBruder Melchior und Balthasar
/Users/programming/PycharmProjects/Find_Bibliography_NEw/data/azk_library/sieber-christian__19.pdf;23;work;Fründ (Hans Fründ);\bfr[üu]nd\b;Anwarter) des Chorherrenstifts Beromunster bezeugt.139 Ausserdem hinterliess Frund aus dritter Ehe die Luzernerin Margreth Giessmann als Witwe, die ebenfalls Anspruch
/Users/programming/PycharmProjects/Find_Bibliography_NEw/data/azk_library/sieber-christian__19.pdf;23;work;Fründ (Hans Fründ);\bfr[üu]nd\b;Luzernerin Margreth Giessmann als Witwe, die ebenfalls Anspruch auf das Erbe erhob. Frund hatte sie wohl erst bei seiner Ruckkehr nach Luzern in fortgeschrittenem Alter
/Users/programming/PycharmProjects/Find_Bibliography_NEw/data/azk_library/sieber-christian__19.pdf;23;work;Fründ (Hans Fründ);\bfr[üu]nd\b;Neuausfertigung der Bundesbriefe 1454/55 An einem wichtigen Geschaft der Nachkriegszeit war Frund in Schwyz allerdings noch beteiligt, namlich der Neuausfertigung der drei eidgenossischen
/Users/programming/PycharmProjects/Find_Bibliography_NEw/data/azk_library/sieber-christian__19.pdf;23;work;Fründ (Hans Fründ);\bfr[üu]nd\b;Glarner Chronisten Aegidius Tschudi im 16. Jahrhundert ins Jahr 1440 datierte und Frund zugeschriebene «Herkommen der Schwyzer und Oberhasler» gilt heute als Werk des
/Users/programming/PycharmProjects/Find_Bibliography_NEw/data/azk_library/sieber-christian__19.pdf;23;work;Fründ (Hans Fründ);\bfr[üu]nd\b;wortlicher Wiedergabe einer Aussage von Adelheid von Tengen zu ihrem Mann Hans Frund: «Wer warist du ane [d. h. ohne] were ich, dann du hettest nutz ane were ich
/Users/programming/PycharmProjects/Find_Bibliography_NEw/data/azk_library/sieber-christian__19.pdf;23;work;Fründ (Hans Fründ);\bfr[üu]nd\b;"Mai 1351 in der Neuausfertigung von 1454/55, geschrieben von Landschreiber Hans Frund von Schwyz Ausschnitt; StAZH, C I Nr. 370). Abb. 5: Zugerbund vom 27. Juni 1352"
/Users/programming/PycharmProjects/Find_Bibliography_NEw/data/azk_library/sieber-christian__19.pdf;23;work;Fründ (Hans Fründ);\bfr[üu]nd\b;Siegermachte im Alten Zurichkrieg ausformuliert hatten, freigemacht» werden.148 Wenn Frund auch nicht den eigentlichen Anstoss zur Neuausfertigung der drei Bundesbriefe
/Users/programming/PycharmProjects/Find_Bibliography_NEw/data/azk_library/sieber-christian__19.pdf;23;work;Fründ (Hans Fründ);\bfr[üu]nd\b;immerhin schon 1417 einen entsprechenden Vorstoss unternommen.149 Mit Sicherheit war Frund massgeblich an der eigentlichen Schreibarbeit beteiligt, erhielt er doch am 20
/Users/programming/PycharmProjects/Find_Bibliography_NEw/data/azk_library/sieber-christian__19.pdf;23;work;Fründ (Hans Fründ);\bfr[üu]nd\b;Exemplaren vorkommt und sich, ebensowie die eigentlicheUrkundenschrift, eindeutig Frund zuweisen lasst,151 wahrend die andere Zierinitiale bei funf Exemplaren vorkommt
/Users/programming/PycharmProjects/Find_Bibliography_NEw/data/azk_library/sieber-christian__19.pdf;23;work;Fründ (Hans Fründ);\bfr[üu]nd\b;sein durften, auch wenn hier der Schriftbefund nicht derart eindeutig wie bei Frund ist und Dietrich vielleicht einen Schreiber mit der Arbeit beauftragt hat.152
/Users/programming/PycharmProjects/Find_Bibliography_NEw/data/azk_library/sieber-christian__19.pdf;23;work;Fründ (Hans Fründ);\bfr[üu]nd\b;die beiden Gruppen der Bundesbriefe namentlich durch die Schreibung «Swytz» bei Frund und «Switz» bei Dietrich oder seinem Schreiber. Als 30 Besonderheit hangt im
/Users/programming/PycharmProjects/Find_Bibliography_NEw/data/azk_library/sieber-christian__19.pdf;23;work;Fründ (Hans Fründ);\bfr[üu]nd\b;hier erstmals Verwendung fand, d. h. der Stempel dazu war wohl auf Initiative von Frund neu angefertigt worden.153 Nachwirkungen Landschreiber und Kanzleivorsteher,
/Users/programming/PycharmProjects/Find_Bibliography_NEw/data/azk_library/sieber-christian__19.pdf;23;work;Fründ (Hans Fründ);\bfr[üu]nd\b;Kanzleivorsteher, Chefideologe und Chronist, Statistiker und Archivar – all das war Frund wahrend seiner uber zwanzigjahrigen Tatigkeit in Schwyz, wah- 144 Einen guten
/Users/programming/PycharmProjects/Find_Bibliography_NEw/data/azk_library/sieber-christian__19.pdf;23;work;Fründ (Hans Fründ);\bfr[üu]nd\b;"auch nach QW 1/2, Nr. 1638 alle von gleicher Hand): StALU, URK 45/965 Schreiber: Frund; Abbildung: Glauser, Luzern, bei S. 88); STASZ, Urk. Nr. 100 Schreiber: Frund"
/Users/programming/PycharmProjects/Find_Bibliography_NEw/data/azk_library/sieber-christian__19.pdf;23;work;Fründ (Hans Fründ);\bfr[üu]nd\b;"Frund; Abbildung: Glauser, Luzern, bei S. 88); STASZ, Urk. Nr. 100 Schreiber: Frund; Abbildung: von Castelmur, Schweizerbund, bei S. 48); StAOW, Urk. 9 9) Schreiber"
/Users/programming/PycharmProjects/Find_Bibliography_NEw/data/azk_library/sieber-christian__19.pdf;23;work;Fründ (Hans Fründ);\bfr[üu]nd\b;"Abbildung: von Castelmur, Schweizerbund, bei S. 48); StAOW, Urk. 9 9) Schreiber: Frund; Abbildung: Durrer, Bundesbriefe, Beilage). Zurcherbund: StAZH, C I Nr. 370 Schreiber"
/Users/programming/PycharmProjects/Find_Bibliography_NEw/data/azk_library/sieber-christian__19.pdf;23;work;Fründ (Hans Fründ);\bfr[üu]nd\b;"Abbildung: Durrer, Bundesbriefe, Beilage). Zurcherbund: StAZH, C I Nr. 370 Schreiber: Frund; Abbildungen: Durrer, Bundesbriefe, Beilage und Nabholz, Bundesbrief ); StALU"
/Users/programming/PycharmProjects/Find_Bibliography_NEw/data/azk_library/sieber-christian__19.pdf;23;work;Fründ (Hans Fründ);\bfr[üu]nd\b;"Bundesbrief ); StALU, URK 55/1080 Schreiber: Dietrich); STASZ, Urk. Nr. 143 Schreiber: Frund; Abbildung: von Castelmur, Schweizerbund, bei S. 56); StAOW, Urk. 23 20) Schreiber"
/Users/programming/PycharmProjects/Find_Bibliography_NEw/data/azk_library/sieber-christian__19.pdf;23;work;Fründ (Hans Fründ);\bfr[üu]nd\b;"Dietrich; Abbildung: Muller, Zuger Bundnis, Umschlag); STASZ, Urk. Nr. 150 Schreiber: Frund; Abbildung: von Castelmur, Schweizerbund, bei S. 64); StAOW, Urk. 25 22) Schreiber"
/Users/programming/PycharmProjects/Find_Bibliography_NEw/data/azk_library/sieber-christian__19.pdf;23;work;Fründ (Hans Fründ);\bfr[üu]nd\b;"Abbildung: von Castelmur, Schweizerbund, bei S. 64); StAOW, Urk. 25 22) Schreiber: Frund). Die drei Bundesbriefe von Schwyz sind permanent im Bundesbriefmuseum ausgestellt"
/Users/programming/PycharmProjects/Find_Bibliography_NEw/data/azk_library/sieber-christian__19.pdf;23;work;Fründ (Hans Fründ);\bfr[üu]nd\b;die Zuweisung des Zurcher- und des Zugerbunds von Obwalden an Dietrich bzw. an Frund geht der Dank an Staatsarchivar Angelo Garovi Sarnen). Die drei Bundesbriefe
/Users/programming/PycharmProjects/Find_Bibliography_NEw/data/azk_library/sieber-christian__19.pdf;23;work;Fründ (Hans Fründ);\bfr[üu]nd\b;Schwyz liegen sie in der «Urkundensammlung» die dank der sorgfaltigen Arbeit von Frund eben nicht nur Urkunden, sondern auch archivwurdige Korrespondenz aus dem Alten
/Users/programming/PycharmProjects/Find_Bibliography_NEw/data/azk_library/sieber-christian__19.pdf;23;work;Fründ (Hans Fründ);\bfr[üu]nd\b;295 bzw. Horat/Inderbitzin, Histori¬ schesK, S. 138–166 namentlich genannt wird Frund von Schibig nur im Artikel «Landschreiber» zum Jahr 1428, vgl. Horat/Inderbitzin
/Users/programming/PycharmProjects/Find_Bibliography_NEw/data/azk_library/sieber-christian__19.pdf;23;work;Fründ (Hans Fründ);\bfr[üu]nd\b;Nennung Frunds, vgl. STASZ, cod. 2595, f. 0v: «... [durchgestrichen: ich] Hans Frund, ein burger von Lucern und zu den selben zitten landtzschriber zu Schwytz» In
/Users/programming/PycharmProjects/Find_Bibliography_NEw/data/azk_library/sieber-christian__19.pdf;23;work;Fründ (Hans Fründ);\bfr[üu]nd\b;liegen die Jahrzeitbucher mit der Gefallenenliste und dem Schlachtenkatalog von Frund, undim Bundesbriefmuseum sind die unter massgeblicher Beteiligung von Frund neu
/Users/programming/PycharmProjects/Find_Bibliography_NEw/data/azk_library/sieber-christian__19.pdf;23;work;Fründ (Hans Fründ);\bfr[üu]nd\b;von Frund, undim Bundesbriefmuseum sind die unter massgeblicher Beteiligung von Frund neu ausgefertigten Bundesbriefe ausgestellt. Nur Frunds Chronik ist nicht in
/Users/programming/PycharmProjects/Find_Bibliography_NEw/data/azk_library/sieber-christian__19.pdf;23;work;Fründ (Hans Fründ);\bfr[üu]nd\b;letztlich «von Frunds Grundauffassungen nicht losgekommen ist» Bernhard Stettler) und Frund im ubrigen als Augenzeuge des Zurichkriegs zu wurdigen wusste,159 massgebliche
/Users/programming/PycharmProjects/Find_Bibliography_NEw/data/azk_library/sieber-christian__19.pdf;23;work;Fründ (Hans Fründ);\bfr[üu]nd\b;Tschudi und den von ihm abhangigen Johannes von Muller) und damit letztlich auf Frund, was ihnen aber kaum voll bewusst war.161 Zwar existiert aus dem Jahr 1600 eine
/Users/programming/PycharmProjects/Find_Bibliography_NEw/data/azk_library/sieber-christian__19.pdf;23;work;Fründ (Hans Fründ);\bfr[üu]nd\b;"Geschichtsschreibung ubernehmen konnten.164 Heinrich 31 32 Abb. 6: Abschrift der Frund-Chronik von Melchior Rupp 1476; Text zum Herbst 1440mit demin der Texteinrichtung"
/Users/programming/PycharmProjects/Find_Bibliography_NEw/data/azk_library/sieber-christian__19.pdf;23;work;Fründ (Hans Fründ);\bfr[üu]nd\b;Deutschlehrers Emil Spiess den Zurichkrieg in deutlicher Anlehnung an Tschudi und Frund in Schwyz auch noch auf die Buhne gebracht: In seinem eindrucklichen Theaterstuck
/Users/programming/PycharmProjects/Find_Bibliography_NEw/data/azk_library/sieber-christian__19.pdf;23;work;Fründ (Hans Fründ);\bfr[üu]nd\b;Theaterstuck «Der Schwyzerkonig» gemeint ist wiederum Ital Reding) hat auch Landschreiber Frund seinen Auftritt und liest auf Befehl von Reding aus verschiedenen Urkunden vor
/Users/programming/PycharmProjects/Find_Bibliography_NEw/data/azk_library/sieber-christian__19.pdf;23;work;Fründ (Hans Fründ);\bfr[üu]nd\b;Toggenburger Erbe streitig machen.168 Selbst den Sprung ins 21. Jahrhundert hat Frund geschafft: Die auf alteren Regesten von Josef Schneller 1801–1879) und Pater
/Users/programming/PycharmProjects/Find_Bibliography_NEw/data/azk_library/sieber-christian__19.pdf;23;work;Fründ (Hans Fründ);\bfr[üu]nd\b;deren Krankungen gegen sie mit Worten und Werken ...» – nicht anders also als Frund, der das Dokument vor uber 500 Jahren auf dem Etzelpass in Empfang genommen hatte
/Users/programming/PycharmProjects/Find_Bibliography_NEw/data/azk_library/sieber-christian__19.pdf;23;work;Fründ (Hans Fründ);\bfr[üu]nd\b;"Erich Wenneker). 168 Kamer, Schwyzerkonig, bes. S. 32, 61f., 114 Auftritte von Frund); vgl. dazu die Wurdigung bei Battig, Paul Kamer, S. 79–90. Bibliographie Staatsarchive"
/Users/programming/PycharmProjects/Find_Bibliography_NEw/data/azk_library/sieber-christian__19.pdf;23;work;Fründ (Hans Fründ);\bfr[üu]nd\b;Bd. 1, Solothurn 1857, S. 281–760. in: Urkundio. Beitrage zur vaterlandischen Frund, Chronik Die Chronik des Hans Frund, Landschreiber zu Schwytz, hrsg. von Christian
/Users/programming/PycharmProjects/Find_Bibliography_NEw/data/azk_library/sieber-christian__19.pdf;23;work;Fründ (Hans Fründ);\bfr[üu]nd\b;in: Urkundio. Beitrage zur vaterlandischen Frund, Chronik Die Chronik des Hans Frund, Landschreiber zu Schwytz, hrsg. von Christian Immanuel Kind, Chur 1875. Frund
/Users/programming/PycharmProjects/Find_Bibliography_NEw/data/azk_library/sieber-christian__19.pdf;23;work;Fründ (Hans Fründ);\bfr[üu]nd\b;Frund, Landschreiber zu Schwytz, hrsg. von Christian Immanuel Kind, Chur 1875. Frund, Rapport Frund Hans, Rapport sur la chasse aux sorciers et aux sorcieres menee
/Users/programming/PycharmProjects/Find_Bibliography_NEw/data/azk_library/sieber-christian__19.pdf;23;work;Fründ (Hans Fründ);\bfr[üu]nd\b;Landschreiber zu Schwytz, hrsg. von Christian Immanuel Kind, Chur 1875. Frund, Rapport Frund Hans, Rapport sur la chasse aux sorciers et aux sorcieres menee des 1428 dans
/Users/programming/PycharmProjects/Find_Bibliography_NEw/data/azk_library/sieber-christian__19.pdf;23;work;Fründ (Hans Fründ);\bfr[üu]nd\b;Kausal-, Temporal- und Konditionalkonjunktionen bei Christian Kuchimeister, Hans Frund und Niclas von Wyle, Diss. Zurich, Winterthur 1957. Hungerbuhler, Herkommen Hungerbuhler
/Users/programming/PycharmProjects/Find_Bibliography_NEw/data/azk_library/sieber-christian__19.pdf;23;work;Fründ (Hans Fründ);\bfr[üu]nd\b;XI–XXVII. Kind, Einleitung Kind Christian Immanuel, Einleitung, S. I–XXII. in: Frund, Chronik, Klingenberger Chronik Die Klingenberger Chronik, hrsg. von Anton Henne
/Users/programming/PycharmProjects/Find_Bibliography_NEw/data/azk_library/sieber-christian__19.pdf;23;work;Fründ (Hans Fründ);chronik\s+des\s+hans\s+fr[üu]nd;281–760. in: Urkundio. Beitrage zur vaterlandischen Frund, Chronik Die Chronik des Hans Frund, Landschreiber zu Schwytz, hrsg. von Christian Immanuel Kind, Chur 1875
/Users/programming/PycharmProjects/Find_Bibliography_NEw/data/azk_library/sieber-christian__19.pdf;23;work;Hemmerlin (Felix Hemmerlin/Malleolus);felix\s+hemmerlin;erweiterte Aufl., Basel/Stuttgart 1979. Fiala, Hemmerlin Fiala Friedrich, Dr. Felix Hemmerlin als Propst des St. Ursenstiftes zu Solothurn, Geschichtforschung vornamlich
/Users/programming/PycharmProjects/Find_Bibliography_NEw/data/azk_library/sieber-christian__19.pdf;23;work;Hemmerlin (Felix Hemmerlin/Malleolus);felix\s+hemmerlin;Hans Georg Wirz u. a., Aarau 1933–1975. Reber, Hemmerlin Reber Balthasar, Felix Hemmerlin von Zurich, neu nach den Quellen bearbeitet, Zurich 1846. Reichstagsakten
/Users/programming/PycharmProjects/Find_Bibliography_NEw/data/azk_library/sieber-christian__19.pdf;23;work;Hemmerlin (Felix Hemmerlin/Malleolus);\bhemmerlin\b;"bisher nicht nachgewiesen werden; vgl. in deutscher Ubersetzung) nach Reber, Hemmerlin, S. 264. Sidler, Bildungsverhaltnisse; Wanner, Schreiber, S. 4, 9. 18 STASZ"
/Users/programming/PycharmProjects/Find_Bibliography_NEw/data/azk_library/sieber-christian__19.pdf;23;work;Hemmerlin (Felix Hemmerlin/Malleolus);\bhemmerlin\b;"URStAZ 6, Nr. 7577–7585. 58 Vgl. URStAZ 6, Nr. 8786, 8793, 8809, 8812. 59 Fiala, Hemmerlin, S. 696 Seckelmeisterrechnung); Solothurnisches Wochenblatt 1814, S. 438–440"
/Users/programming/PycharmProjects/Find_Bibliography_NEw/data/azk_library/sieber-christian__19.pdf;23;work;Hemmerlin (Felix Hemmerlin/Malleolus);\bhemmerlin\b;"Vgl. Deuteronomium 28, 64. 96 97 In deutscher Ubersetzung zitiert bei Reber, Hemmerlin, S. 259; an an¬ derer Stelle bezeichnet Hemmerli Reding als «Halbgott der Schwyzer"
/Users/programming/PycharmProjects/Find_Bibliography_NEw/data/azk_library/sieber-christian__19.pdf;23;work;Hemmerlin (Felix Hemmerlin/Malleolus);\bhemmerlin\b;vgl. Landolt, Land Schwyz, S. 60. In deutscher Ubersetzung zitiert bei Reber, Hemmerlin, S. 263f. 98 Frund, Chronik, S. 280–292. sonntag 1446 wohl wie uberall auch
/Users/programming/PycharmProjects/Find_Bibliography_NEw/data/azk_library/sieber-christian__19.pdf;23;work;Hemmerlin (Felix Hemmerlin/Malleolus);\bhemmerlin\b;2 Bde., 2. durchgesehene und erweiterte Aufl., Basel/Stuttgart 1979. Fiala, Hemmerlin Fiala Friedrich, Dr. Felix Hemmerlin als Propst des St. Ursenstiftes zu Solothurn
/Users/programming/PycharmProjects/Find_Bibliography_NEw/data/azk_library/sieber-christian__19.pdf;23;work;Hemmerlin (Felix Hemmerlin/Malleolus);\bhemmerlin\b;erweiterte Aufl., Basel/Stuttgart 1979. Fiala, Hemmerlin Fiala Friedrich, Dr. Felix Hemmerlin als Propst des St. Ursenstiftes zu Solothurn, Geschichtforschung vornamlich
/Users/programming/PycharmProjects/Find_Bibliography_NEw/data/azk_library/sieber-christian__19.pdf;23;work;Hemmerlin (Felix Hemmerlin/Malleolus);\bhemmerlin\b;Chroniken, 4 Bde., bearb. von Hans Georg Wirz u. a., Aarau 1933–1975. Reber, Hemmerlin Reber Balthasar, Felix Hemmerlin von Zurich, neu nach den Quellen bearbeitet
/Users/programming/PycharmProjects/Find_Bibliography_NEw/data/azk_library/sieber-christian__19.pdf;23;work;Hemmerlin (Felix Hemmerlin/Malleolus);\bhemmerlin\b;Hans Georg Wirz u. a., Aarau 1933–1975. Reber, Hemmerlin Reber Balthasar, Felix Hemmerlin von Zurich, neu nach den Quellen bearbeitet, Zurich 1846. Reichstagsakten 16
/Users/programming/PycharmProjects/Find_Bibliography_NEw/data/azk_library/sieber-christian__19.pdf;23;work;Etterlin (Petermann Etterlin, Kronika);\betterlin\b;Stadtburger von Luzern und dort seit 1427 Unterschreiber bei Stadtschreiber Egloff Etterlin, war bereit, das Landschreiberamt in Schwyz zu ubernehmen.12 Frund war in zweiter
/Users/programming/PycharmProjects/Find_Bibliography_NEw/data/azk_library/sieber-christian__19.pdf;23;work;Etterlin (Petermann Etterlin, Kronika);\betterlin\b;bevor er nach Zurich kam. Frunds bisheriger Vorgesetzter, Stadtschreiber Egloff Etterlin, stammte aus Brugg. Dank der Anstellung Frunds konnte Schwyz mit Zurich durchaus
/Users/programming/PycharmProjects/Find_Bibliography_NEw/data/azk_library/sieber-christian__19.pdf;23;work;Etterlin (Petermann Etterlin, Kronika);\betterlin\b;reduziert hat. Frunds Amtskollegen, die Stadt- und Landschreiber von Luzern Egloff Etterlin sowie Johannes Etterlin), Uri Hans Kempf und dann Hans Puntener), Obwalden Hans
/Users/programming/PycharmProjects/Find_Bibliography_NEw/data/azk_library/sieber-christian__19.pdf;23;work;Etterlin (Petermann Etterlin, Kronika);\betterlin\b;Amtskollegen, die Stadt- und Landschreiber von Luzern Egloff Etterlin sowie Johannes Etterlin), Uri Hans Kempf und dann Hans Puntener), Obwalden Hans Schriber), Nidwalden
/Users/programming/PycharmProjects/Find_Bibliography_NEw/data/azk_library/sieber-christian__19.pdf;23;work;Etterlin (Petermann Etterlin, Kronika);\betterlin\b;"Chronicon 11, S. 437f.; Sieber, Reichsstadt Zurich, S. 491. 84 Zu den beiden Etterlin in Luzern vgl. Wanner, Schreiber, S. 13; SSRQ Luzern 1/2, S. XXXIV; zu Wanner"
/Users/programming/PycharmProjects/Find_Bibliography_NEw/data/azk_library/sieber-christian__19.pdf;23;work;Etterlin (Petermann Etterlin, Kronika);\betterlin\b;Jahre spater bewarb sich Frund sogar fur die durch den Rucktritt von Egloff Etterlin frei gewordene Stadtschreiberstelle in Luzern, mit Empfehlungsschreiben von
/Users/programming/PycharmProjects/Find_Bibliography_NEw/data/azk_library/sieber-christian__19.pdf;23;work;Schilling (ungenau);\bschilling\b;StAZH, B I 277). Geschrieben hat die neuen Texte im «Silbernen Buch» Diebold Schilling, der spatere «Berner Schilling» seit Herbst 1456 Nachfolger von Unterschreiber
/Users/programming/PycharmProjects/Find_Bibliography_NEw/data/azk_library/sieber-christian__19.pdf;23;work;Schilling (ungenau);\bschilling\b;hat die neuen Texte im «Silbernen Buch» Diebold Schilling, der spatere «Berner Schilling» seit Herbst 1456 Nachfolger von Unterschreiber Bussler, vgl. SSRQ Luzern 1
/Users/programming/PycharmProjects/Find_Bibliography_NEw/data/azk_library/sieber-christian__19.pdf;23;work;Schilling (ungenau);\bschilling\b;im Zusammenhang mit den neuen Bundesbriefen die stolze Summe von 37 Pfund 6 Schilling 8 Pfennig ausbezahlt, wahrend sein Kollege in Luzern, Stadtschreiber Johannes
/Users/programming/PycharmProjects/Find_Bibliography_NEw/data/azk_library/sieber-christian__19.pdf;23;work;Schilling (ungenau);\bschilling\b;wahrend sein Kollege in Luzern, Stadtschreiber Johannes Dietrich, nur 18 Pfund 2 Schilling 3 Pfennig erhielt.150 Tatsachlich unterscheiden sich die insgesamt zwolf von
/Users/programming/PycharmProjects/Find_Bibliography_NEw/data/azk_library/sieber-christian__19.pdf;23;work;Schilling (ungenau);diebold\s+schilling;Zurich StAZH, B I 277). Geschrieben hat die neuen Texte im «Silbernen Buch» Diebold Schilling, der spatere «Berner Schilling» seit Herbst 1456 Nachfolger von Unterschreiber
/Users/programming/PycharmProjects/Find_Bibliography_NEw/data/azk_library/sieber-christian__19.pdf;23;work;Schilling (ungenau);diebold\s+schilling;Bilderchroniken 1468–1485) unter besonderer Berucksichtigung der Illustrationen in Diebold Schillings Grosser Burgunderchronik in Zurich, Diss. Zurich, Bern 1971 Schriften
/Users/programming/PycharmProjects/Find_Bibliography_NEw/data/azk_library/sieber-christian__19.pdf;23;work;Tschachtlan (Benedikt Tschachtlan);\btschachtlan\b;"und Tatigkeit von Frund vgl. bisher in chronologischer Reihenfolge) Studer, Tschachtlan, S. 636–641; Hungerbuhler, Herkommen, S. 55–59; Kind, Einleitung, S. I–VI"
/Users/programming/PycharmProjects/Find_Bibliography_NEw/data/azk_library/sieber-christian__19.pdf;23;work;Tschachtlan (Benedikt Tschachtlan);\btschachtlan\b;"uberprufen. 162 STASZ, cod. 2595 vgl. Kind, Einleitung, S. VIII, XVIIf.; Studer, Tschachtlan, S. 638, Anm. 1), und Stiftsbibliothek St. Gallen, Cod. Sang. 644b vgl. Kind"
/Users/programming/PycharmProjects/Find_Bibliography_NEw/data/azk_library/sieber-christian__19.pdf;23;work;Tschachtlan (Benedikt Tschachtlan);\btschachtlan\b;"Cod. Sang. 644»] 163 Vgl. Stettler, Frunds Darstellung, S. 127*–130*; Ladner, Tschachtlan- Chronik, S. 80–83; Baumann, Bilderchroniken, S. 20–22. 164 Vgl. Stettler"
/Users/programming/PycharmProjects/Find_Bibliography_NEw/data/azk_library/sieber-christian__19.pdf;23;work;Tschachtlan (Benedikt Tschachtlan);\btschachtlan\b;besten Unterscheidungsmerkmal zwischen «offizieller» und Ruppscher Fassung, bei Tschachtlan, Bilderchronik, S. 290f. Der Abschrift von Kaspar Herrig vorgeschaltet ist
/Users/programming/PycharmProjects/Find_Bibliography_NEw/data/azk_library/sieber-christian__19.pdf;23;work;Tschachtlan (Benedikt Tschachtlan);\btschachtlan\b;Zurichkrieges als deutsches Sprachdenkmal, in:MHVS 68 1976), S. 97–104. Ladner, Tschachtlan-Chronik Ladner Pascal, Die Tschachtlan-Chronik als Geschichtswerk, in: Tschachtlan
/Users/programming/PycharmProjects/Find_Bibliography_NEw/data/azk_library/sieber-christian__19.pdf;23;work;Tschachtlan (Benedikt Tschachtlan);\btschachtlan\b;in:MHVS 68 1976), S. 97–104. Ladner, Tschachtlan-Chronik Ladner Pascal, Die Tschachtlan-Chronik als Geschichtswerk, in: Tschachtlan, Bilderchronik, S. 77–84. Landolt
/Users/programming/PycharmProjects/Find_Bibliography_NEw/data/azk_library/sieber-christian__19.pdf;23;work;Tschachtlan (Benedikt Tschachtlan);\btschachtlan\b;Tschachtlan-Chronik Ladner Pascal, Die Tschachtlan-Chronik als Geschichtswerk, in: Tschachtlan, Bilderchronik, S. 77–84. Landolt, Finanzen Landolt Oliver. «Non prosunt consilia
/Users/programming/PycharmProjects/Find_Bibliography_NEw/data/azk_library/sieber-christian__19.pdf;23;work;Tschachtlan (Benedikt Tschachtlan);\btschachtlan\b;fur Geschichte des Bodensees und seiner Umgebung 112 1994), S. 1–44. Studer, Tschachtlan Studer Gottlieb, Die Chronik von Tschachtlan, in: Archiv des Historischen
/Users/programming/PycharmProjects/Find_Bibliography_NEw/data/azk_library/sieber-christian__19.pdf;23;work;Tschachtlan (Benedikt Tschachtlan);\btschachtlan\b;Umgebung 112 1994), S. 1–44. Studer, Tschachtlan Studer Gottlieb, Die Chronik von Tschachtlan, in: Archiv des Historischen Vereins des Kantons Bern 6 1867), S. 627–653
/Users/programming/PycharmProjects/Find_Bibliography_NEw/data/azk_library/sieber-christian__19.pdf;23;work;Tschachtlan (Benedikt Tschachtlan);\btschachtlan\b;in: Archiv des Historischen Vereins des Kantons Bern 6 1867), S. 627–653. Tschachtlan, Bilderchronik Tschachtlans Bilderchronik, Kommentar zur Faksimile-Ausgabe
/Users/programming/PycharmProjects/Find_Bibliography_NEw/data/azk_library/sieber-christian__19.pdf;23;work;Tschudi (Aegidius/Gilg Tschudi, Chronicon Helveticum);aegidi(?:us)?\s+tschudi;133 Vgl. unten den Abschnitt «Nachwirkungen» Das vom Glarner Chronisten Aegidius Tschudi im 16. Jahrhundert ins Jahr 1440 datierte und Frund zugeschriebene «Herkommen
/Users/programming/PycharmProjects/Find_Bibliography_NEw/data/azk_library/sieber-christian__19.pdf;23;work;Tschudi (Aegidius/Gilg Tschudi, Chronicon Helveticum);aegidi(?:us)?\s+tschudi;Rupp von 1476 vermutlich bereits in den 1530er-Jahren in den Besitz von Aegidius Tschudi gelangt, der 1532 in Rorschach, Rupps letzter Wirkungsstatte, Obervogt des
/Users/programming/PycharmProjects/Find_Bibliography_NEw/data/azk_library/sieber-christian__19.pdf;23;work;Tschudi (Aegidius/Gilg Tschudi, Chronicon Helveticum);aegidi(?:us)?\s+tschudi;aber, und damit auch dieSicht der Schwyzer, hat uber dieSchweizerchronikvon Aegidius Tschudi, der letztlich «von Frunds Grundauffassungen nicht losgekommen ist» Bernhard
/Users/programming/PycharmProjects/Find_Bibliography_NEw/data/azk_library/sieber-christian__19.pdf;23;work;Tschudi (Aegidius/Gilg Tschudi, Chronicon Helveticum);aegidi(?:us)?\s+tschudi;zugeschrieben und als «vil zuo vil parthyisch» bezeichnet), 165 was – abgesehen von Aegidius Tschudi – bis ins 19. Jahrhundert mehrheitlich ubernommen wurde.166 Eine Anderung
/Users/programming/PycharmProjects/Find_Bibliography_NEw/data/azk_library/sieber-christian__19.pdf;23;work;Tschudi (Aegidius/Gilg Tschudi, Chronicon Helveticum);aegidi(?:us)?\s+tschudi;NF 127 Sieber Christian, Begegnungen auf Distanz. Tschudi und Vadian, in: Aegidius Tschudi und seine Zeit, hg. von Katharina Koller- Weiss und Christian Sieber, Basel
/Users/programming/PycharmProjects/Find_Bibliography_NEw/data/azk_library/sieber-christian__19.pdf;23;work;Tschudi (Aegidius/Gilg Tschudi, Chronicon Helveticum);aegidi(?:us)?\s+tschudi;der Chronikhandschriften und Druckwerke mit dokumentarischen Texten, in: Aegidius Tschudi, Chronicon Helveticum, Hilfsmittel, 1. Teil: Verzeichnis der Dokumente,
/Users/programming/PycharmProjects/Find_Bibliography_NEw/data/azk_library/sieber-christian__19.pdf;23;work;Tschudi (Aegidius/Gilg Tschudi, Chronicon Helveticum);\btschudi\b;"Uberschrift «datum pro copia» ; Frund, Chronik, S. 26–29; Bernhard Stettler, in: Tschudi, Chronicon 10, S. 213f., Anm. 80 Nachweis der stilistischen Uberarbeitung)."
/Users/programming/PycharmProjects/Find_Bibliography_NEw/data/azk_library/sieber-christian__19.pdf;23;work;Tschudi (Aegidius/Gilg Tschudi, Chronicon Helveticum);\btschudi\b;"stilistischen Uberarbeitung). 34 So Cod. Sang. 644, S. 65 Frund, Chronik, S. 63, sowie Tschudi, Chronicon 10, S. 303 2. November 1440); STASZ, Urk. Nr. 449 Abschiede 2, Nr"
/Users/programming/PycharmProjects/Find_Bibliography_NEw/data/azk_library/sieber-christian__19.pdf;23;work;Tschudi (Aegidius/Gilg Tschudi, Chronicon Helveticum);\btschudi\b;"3284 Abschiede 2, Nr. 232, Anhang 19. November 1440); STASZ, Urk. Nr. 463, sowie Tschudi, Chronicon 11, S. 112f., und URStAZ 6, Nr. 8910–8911 20. Mai 1443); Cod. Sang"
/Users/programming/PycharmProjects/Find_Bibliography_NEw/data/azk_library/sieber-christian__19.pdf;23;work;Tschudi (Aegidius/Gilg Tschudi, Chronicon Helveticum);\btschudi\b;"8910–8911 20. Mai 1443); Cod. Sang. 644, S. 159 Frund, Chronik, S. 142 sowie Tschudi, Chronicon 11, S. 139 1. Juni 1443). 35 Konig Sigmund hatte Stussi im Mai 1433"
/Users/programming/PycharmProjects/Find_Bibliography_NEw/data/azk_library/sieber-christian__19.pdf;23;work;Tschudi (Aegidius/Gilg Tschudi, Chronicon Helveticum);\btschudi\b;"Gulden fur die Privilegienbestatigung. 60 Stettler, Zurichs Ausscheren, S. 41*f.; Tschudi, Chronicon 11, S. 47f. Nach Kriegsausbruch hat Friedrich III. die Privilegienbestatigungen"
/Users/programming/PycharmProjects/Find_Bibliography_NEw/data/azk_library/sieber-christian__19.pdf;23;work;Tschudi (Aegidius/Gilg Tschudi, Chronicon Helveticum);\btschudi\b;"copia» ; Frund, Chronik, S. 126, 130 Zitate: Cod. Sang. 644, S. 139, 143) sowie Tschudi, Chronicon 11, S. 112f., und URStAZ 6, Nr. 8910–8911. 70 URStAZ 6, Nr. 8913"
/Users/programming/PycharmProjects/Find_Bibliography_NEw/data/azk_library/sieber-christian__19.pdf;23;work;Tschudi (Aegidius/Gilg Tschudi, Chronicon Helveticum);\btschudi\b;"6, Nr. 8910–8911. 70 URStAZ 6, Nr. 8913. 71 Frund, Chronik, S. 120–125, sowie Tschudi, Chronicon 11, S. 105–109; vgl. auch Dettling/Horat/Kessler/Landolt/Michel,"
/Users/programming/PycharmProjects/Find_Bibliography_NEw/data/azk_library/sieber-christian__19.pdf;23;work;Tschudi (Aegidius/Gilg Tschudi, Chronicon Helveticum);\btschudi\b;"Feldlager bei Hedingen Frund, Chronik, S. 152f.). 83 Vgl. Bernhard Stettler, in: Tschudi, Chronicon 11, S. 437f.; Sieber, Reichsstadt Zurich, S. 491. 84 Zu den beiden"
/Users/programming/PycharmProjects/Find_Bibliography_NEw/data/azk_library/sieber-christian__19.pdf;23;work;Tschudi (Aegidius/Gilg Tschudi, Chronicon Helveticum);\btschudi\b;Vorfalle zit. nach Sieber, Stussi und Stebler. 91 Vgl. Bernhard Stettler, in: Tschudi, Chronicon 11, S. 177, Anm. 79 mit zahlreichen Belegen. 92 Sieber-Lehmann/Wilhelmi
/Users/programming/PycharmProjects/Find_Bibliography_NEw/data/azk_library/sieber-christian__19.pdf;23;work;Tschudi (Aegidius/Gilg Tschudi, Chronicon Helveticum);\btschudi\b;"79 mit zahlreichen Belegen. 92 Sieber-Lehmann/Wilhelmi, In Helvetios, S. 35; Tschudi, Chronicon 11, S. 175. 93 Sieber-Lehmann/Wilhelmi, In Helvetios, S. 48; Tschudi"
/Users/programming/PycharmProjects/Find_Bibliography_NEw/data/azk_library/sieber-christian__19.pdf;23;work;Tschudi (Aegidius/Gilg Tschudi, Chronicon Helveticum);\btschudi\b;"Tschudi, Chronicon 11, S. 175. 93 Sieber-Lehmann/Wilhelmi, In Helvetios, S. 48; Tschudi, Chronicon 11, S. 309. 94 URStAZ 6, Nr. 9016. 95 Vgl. Deuteronomium 28, 64."
/Users/programming/PycharmProjects/Find_Bibliography_NEw/data/azk_library/sieber-christian__19.pdf;23;work;Tschudi (Aegidius/Gilg Tschudi, Chronicon Helveticum);\btschudi\b;aller eidgenossischen Orte gegen die Herrschaft Osterreich Bernhard Stettler, in: Tschudi, Chronicon 12, S. 61, Anm. 20) und sein geplanter Einsatz im damit zusammenhangenden
/Users/programming/PycharmProjects/Find_Bibliography_NEw/data/azk_library/sieber-christian__19.pdf;23;work;Tschudi (Aegidius/Gilg Tschudi, Chronicon Helveticum);\btschudi\b;Stettler, Frunds Darstellung, S. 122*–124*, sowie ders. im Kommentarteil von Tschudi, Chronicon 12, namentlich S. 61f., Anm. 20, S. 74, Anm. 29, S. 147f., Anm. 52
/Users/programming/PycharmProjects/Find_Bibliography_NEw/data/azk_library/sieber-christian__19.pdf;23;work;Tschudi (Aegidius/Gilg Tschudi, Chronicon Helveticum);\btschudi\b;"sowie B I 279,Nr. 159; Sieber, Gruningen, S. 54f. 122 Abschiede 2,Nr. 378a; Tschudi, Chronicon 12, S. 200; Stettler, Liqui¬ dation, S. 63* und Anm. 141*. 123 Frund"
/Users/programming/PycharmProjects/Find_Bibliography_NEw/data/azk_library/sieber-christian__19.pdf;23;work;Tschudi (Aegidius/Gilg Tschudi, Chronicon Helveticum);\btschudi\b;Vgl. unten den Abschnitt «Nachwirkungen» Das vom Glarner Chronisten Aegidius Tschudi im 16. Jahrhundert ins Jahr 1440 datierte und Frund zugeschriebene «Herkommen
/Users/programming/PycharmProjects/Find_Bibliography_NEw/data/azk_library/sieber-christian__19.pdf;23;work;Tschudi (Aegidius/Gilg Tschudi, Chronicon Helveticum);\btschudi\b;"Liebenau, Bundesfeier, S. 191–193; Abschiede 2, Nr. 411d–e, 417g, 421, Anhang; Tschudi, Chronicon 13, S. 48; StALU, COD 8265, f. 19v. 143 Vgl. QW 1/3/1, Vorbemerkungen"
/Users/programming/PycharmProjects/Find_Bibliography_NEw/data/azk_library/sieber-christian__19.pdf;23;work;Tschudi (Aegidius/Gilg Tschudi, Chronicon Helveticum);\btschudi\b;"Leisibach, Bemerkungen, S. 11–16, 20–22. 145 QW 1/2, Nr. 1638, S. 804. 146 Vgl. Tschudi, Chronicon 12, S. 86, 91, ferner S. 89; Abschiede 2, Bei¬ lage Nr. 27, S. 849"
/Users/programming/PycharmProjects/Find_Bibliography_NEw/data/azk_library/sieber-christian__19.pdf;23;work;Tschudi (Aegidius/Gilg Tschudi, Chronicon Helveticum);\btschudi\b;"Stettler, Frunds Darstellung, S. 122*; Sieber, Verzeichnis, S. 124f.; Sieber, Tschudi und Vadian, S. 112 und Anm. 14. Fur den fruhen Besitz Tschudis sprechen Marginalien"
/Users/programming/PycharmProjects/Find_Bibliography_NEw/data/azk_library/sieber-christian__19.pdf;23;work;Tschudi (Aegidius/Gilg Tschudi, Chronicon Helveticum);\btschudi\b;HBLS 5, S. 758. 158 Vgl. Stettler, Frunds Darstellung, S. 125*, Anm. 314*. 159 Tschudi, Chronicon 12, S. 200 «... in disem krieg selbs gsin und alle ding gesechen
/Users/programming/PycharmProjects/Find_Bibliography_NEw/data/azk_library/sieber-christian__19.pdf;23;work;Tschudi (Aegidius/Gilg Tschudi, Chronicon Helveticum);\btschudi\b;Horat/Inderbitzin, His torisches L–R, S. 51). Fassbind kennt allerdings neben Tschudi) sowohl von «Johann Freund» eine «beschreibung des zurcherkriegs in folio» als
/Users/programming/PycharmProjects/Find_Bibliography_NEw/data/azk_library/sieber-christian__19.pdf;23;work;Tschudi (Aegidius/Gilg Tschudi, Chronicon Helveticum);\btschudi\b;Rupp von 1476 vermutlich bereits in den 1530er-Jahren in den Besitz von Aegidius Tschudi gelangt, der 1532 in Rorschach, Rupps letzter Wirkungsstatte, Obervogt des Abts
/Users/programming/PycharmProjects/Find_Bibliography_NEw/data/azk_library/sieber-christian__19.pdf;23;work;Tschudi (Aegidius/Gilg Tschudi, Chronicon Helveticum);\btschudi\b;und damit auch dieSicht der Schwyzer, hat uber dieSchweizerchronikvon Aegidius Tschudi, der letztlich «von Frunds Grundauffassungen nicht losgekommen ist» Bernhard
/Users/programming/PycharmProjects/Find_Bibliography_NEw/data/azk_library/sieber-christian__19.pdf;23;work;Tschudi (Aegidius/Gilg Tschudi, Chronicon Helveticum);\btschudi\b;Fruhmesser Augustin Schibig 1766–1843) fur den Alten Zurichkrieg hauptsachlich auf Tschudi und den von ihm abhangigen Johannes von Muller) und damit letztlich auf Frund
/Users/programming/PycharmProjects/Find_Bibliography_NEw/data/azk_library/sieber-christian__19.pdf;23;work;Tschudi (Aegidius/Gilg Tschudi, Chronicon Helveticum);\btschudi\b;und als «vil zuo vil parthyisch» bezeichnet), 165 was – abgesehen von Aegidius Tschudi – bis ins 19. Jahrhundert mehrheitlich ubernommen wurde.166 Eine Anderung trat
/Users/programming/PycharmProjects/Find_Bibliography_NEw/data/azk_library/sieber-christian__19.pdf;23;work;Tschudi (Aegidius/Gilg Tschudi, Chronicon Helveticum);\btschudi\b;seines Deutschlehrers Emil Spiess den Zurichkrieg in deutlicher Anlehnung an Tschudi und Frund in Schwyz auch noch auf die Buhne gebracht: In seinem eindrucklichen
/Users/programming/PycharmProjects/Find_Bibliography_NEw/data/azk_library/sieber-christian__19.pdf;23;work;Tschudi (Aegidius/Gilg Tschudi, Chronicon Helveticum);\btschudi\b;Burgermeister Rudolf Stussi und Stadtschreiber Michael Stebler, 2007), im Druck. Sieber, Tschudi und Vadian in: Zurcher Taschenbuch NF 127 Sieber Christian, Begegnungen auf
/Users/programming/PycharmProjects/Find_Bibliography_NEw/data/azk_library/sieber-christian__19.pdf;23;work;Tschudi (Aegidius/Gilg Tschudi, Chronicon Helveticum);\btschudi\b;Vadian in: Zurcher Taschenbuch NF 127 Sieber Christian, Begegnungen auf Distanz. Tschudi und Vadian, in: Aegidius Tschudi und seine Zeit, hg. von Katharina Koller- Weiss
/Users/programming/PycharmProjects/Find_Bibliography_NEw/data/azk_library/sieber-christian__19.pdf;23;work;Tschudi (Aegidius/Gilg Tschudi, Chronicon Helveticum);\btschudi\b;127 Sieber Christian, Begegnungen auf Distanz. Tschudi und Vadian, in: Aegidius Tschudi und seine Zeit, hg. von Katharina Koller- Weiss und Christian Sieber, Basel
/Users/programming/PycharmProjects/Find_Bibliography_NEw/data/azk_library/sieber-christian__19.pdf;23;work;Tschudi (Aegidius/Gilg Tschudi, Chronicon Helveticum);\btschudi\b;Basel 2002, S. 107–138. Sieber, Verzeichnis Sieber Christian, Verzeichnis der von Tschudi benutzten Archive sowie der Chronikhandschriften und Druckwerke mit dokumentarischen
/Users/programming/PycharmProjects/Find_Bibliography_NEw/data/azk_library/sieber-christian__19.pdf;23;work;Tschudi (Aegidius/Gilg Tschudi, Chronicon Helveticum);\btschudi\b;Chronikhandschriften und Druckwerke mit dokumentarischen Texten, in: Aegidius Tschudi, Chronicon Helveticum, Hilfsmittel, 1. Teil: Verzeichnis der Dokumente, Verzeichnis
/Users/programming/PycharmProjects/Find_Bibliography_NEw/data/azk_library/sieber-christian__19.pdf;23;work;Tschudi (Aegidius/Gilg Tschudi, Chronicon Helveticum);\btschudi\b;Bernhard, Zur Uberlieferung von Hans Frunds Darstellung des Alten Zurichkriegs, in: Tschudi, Chronicon 12, S. 122*–134*. Stettler, Liquidation Stettler Bernhard, Die Liquidation
/Users/programming/PycharmProjects/Find_Bibliography_NEw/data/azk_library/sieber-christian__19.pdf;23;work;Tschudi (Aegidius/Gilg Tschudi, Chronicon Helveticum);\btschudi\b;Liquidation des Alten Zurichkriegs. Der Weg zur neuen Eidgenossenschaft von 1450, in: Tschudi, Chronicon 12, S. 11*–72*. Stettler, Pfaffikon und Wollerau Stettler Bernhard
/Users/programming/PycharmProjects/Find_Bibliography_NEw/data/azk_library/sieber-christian__19.pdf;23;work;Tschudi (Aegidius/Gilg Tschudi, Chronicon Helveticum);\btschudi\b;Tschudis Bild vom Alten Zurichkrieg und dessen Platz in der Historiographie, in: Tschudi, Chronicon 12, S. 73*–121*. Stettler, Zurcher Standpunkt Stettler Bernhard,
/Users/programming/PycharmProjects/Find_Bibliography_NEw/data/azk_library/sieber-christian__19.pdf;23;work;Tschudi (Aegidius/Gilg Tschudi, Chronicon Helveticum);\btschudi\b;12. Dezember 1438 als Zeugnis fur den Zusammenstoss zweier Rechtskulturen, in: Tschudi, Chronicon 10, S. 17*–62*. Stettler, Zurichs Ausscheren Verfasserlexikon Stettler
/Users/programming/PycharmProjects/Find_Bibliography_NEw/data/azk_library/sieber-christian__19.pdf;23;work;Tschudi (Aegidius/Gilg Tschudi, Chronicon Helveticum);\btschudi\b;Zurichs aus der Eidgenossenschaft im Jahr 1442. Erwartungen und Wirklichkeit, in: Tschudi, Verfasserlexikon. Die deutsche Literatur des Mittelalters, 2., vollig neu bearbeitete
/Users/programming/PycharmProjects/Find_Bibliography_NEw/data/azk_library/sieber-christian__19.pdf;23;work;Tschudi (Aegidius/Gilg Tschudi, Chronicon Helveticum);\btschudi\b;Einzelortische Konsolidierung und eidgenossische Solidaritat im Widerstreit, in: Tschudi, Chronicon 9, S. 22*–158*. Wanner Konrad. Schreiber, Chronisten und Fruhhumanisten
/Users/programming/PycharmProjects/Find_Bibliography_NEw/data/azk_library/sieber-christian__19.pdf;23;work;Tschudi (Aegidius/Gilg Tschudi, Chronicon Helveticum);\btschudi\b;Bundesbriefarchiv in Schwyz, Bern 1986 Schweizerische Kunstfuhrer Serie 39, Nr. 387). Tschudi, Chronicon 9–13 Wiget, Zurich und Schwyz Tschudi Aegidius, Chronicon Helveticum
/Users/programming/PycharmProjects/Find_Bibliography_NEw/data/azk_library/sieber-christian__19.pdf;23;work;Tschudi (Aegidius/Gilg Tschudi, Chronicon Helveticum);\btschudi\b;Kunstfuhrer Serie 39, Nr. 387). Tschudi, Chronicon 9–13 Wiget, Zurich und Schwyz Tschudi Aegidius, Chronicon Helveticum, 9.–13. Teil, bearb. von Bernhard Stettler, Basel
/Users/programming/PycharmProjects/Find_Bibliography_NEw/data/azk_library/sieber-christian__19.pdf;23;work;Tschudi (Aegidius/Gilg Tschudi, Chronicon Helveticum);chronicon\s+helveticum;Chronikhandschriften und Druckwerke mit dokumentarischen Texten, in: Aegidius Tschudi, Chronicon Helveticum, Hilfsmittel, 1. Teil: Verzeichnis der Dokumente, Verzeichnis der Lieder
/Users/programming/PycharmProjects/Find_Bibliography_NEw/data/azk_library/sieber-christian__19.pdf;23;work;Tschudi (Aegidius/Gilg Tschudi, Chronicon Helveticum);chronicon\s+helveticum;387). Tschudi, Chronicon 9–13 Wiget, Zurich und Schwyz Tschudi Aegidius, Chronicon Helveticum, 9.–13. Teil, bearb. von Bernhard Stettler, Basel 1992–2000 Quellen zur
/Users/programming/PycharmProjects/Find_Bibliography_NEw/data/azk_library/sieber-christian__19.pdf;23;work;Bullinger (Heinrich Bullinger, historiographische Werke);\bbullinger\b;im selben Stil die Banner von Glarus, Uri, Unterwalden, Luzern, Bern und Zug. Bullinger hat die Chronik in dieser Form, in der sie ihm in einer Abschrift des Zurcher
/Users/programming/PycharmProjects/Find_Bibliography_NEw/data/azk_library/sieber-christian__19.pdf;23;work;Bullinger (Heinrich Bullinger, historiographische Werke);\bbullinger\b;Der reuige Eremit – Nikolaus von Flue im Alten Zurichkrieg. Ein Nachtrag zum Bullinger-Jahr), in: Niederhauser/ Sieber, Neue Zugange, S. 65–88. Sieber, Reichsstadt
/Users/programming/PycharmProjects/Find_Bibliography_NEw/data/azk_library/sieber-christian__19.pdf;23;work;Klingenberger/Rapperswiler Chronik (Eberhard Wüest, ed.);klingenberger\s+chronik;"Chronik, S. 30. 37 Frund, Chronik, S. 30–34, sowie aus Zurcher Optik) Klingenberger Chronik, S. 258f.; Chronik der Stadt Zurich, S. 195f.; URStAZ 6, Nr. 8428–8429"
/Users/programming/PycharmProjects/Find_Bibliography_NEw/data/azk_library/sieber-christian__19.pdf;23;work;Klingenberger/Rapperswiler Chronik (Eberhard Wüest, ed.);klingenberger\s+chronik;Chronik, S. 94, 109f. Zitat: Cod. Sang. 644, S. 121), 121f. Nach der Klingenberger Chronik, S. 291–293, war in Konstanz der Berner Ulrich von Erlach Sprecher der
/Users/programming/PycharmProjects/Find_Bibliography_NEw/data/azk_library/sieber-christian__19.pdf;23;work;Klingenberger/Rapperswiler Chronik (Eberhard Wüest, ed.);klingenberger\s+chronik;"sant Jacoben an der Birß, der sy half begraben und bestattnen» 66 Vgl. Klingenberger Chronik, S. 287. 67 Vgl. Stettler, Frunds Darstellung, S. 124*f.; Cod. Sang."
/Users/programming/PycharmProjects/Find_Bibliography_NEw/data/azk_library/sieber-christian__19.pdf;23;work;Klingenberger/Rapperswiler Chronik (Eberhard Wüest, ed.);klingenberger\s+chronik;Einleitung Kind Christian Immanuel, Einleitung, S. I–XXII. in: Frund, Chronik, Klingenberger Chronik Die Klingenberger Chronik, hrsg. von Anton Henne, Gotha 1861. Koller
/Users/programming/PycharmProjects/Find_Bibliography_NEw/data/azk_library/sieber-christian__19.pdf;23;work;Klingenberger/Rapperswiler Chronik (Eberhard Wüest, ed.);klingenberger\s+chronik;Einleitung, S. I–XXII. in: Frund, Chronik, Klingenberger Chronik Die Klingenberger Chronik, hrsg. von Anton Henne, Gotha 1861. Koller/Meyerhans, Bundesbrief Koller
/Users/programming/PycharmProjects/Find_Bibliography_NEw/data/azk_library/sieber-christian__19.pdf;23;work;Zürcher Stadtchronik (allgemein);z[üu]rcher\s+stadtchronik;der angeblichen Erbfeindschaft zum Haus Habsburg zu widerlegen.146 Die Zurcher Stadtchronik spottete wahrend der Verhandlungen, die Zurcher hatten sich 1442 «nit
/Users/programming/PycharmProjects/Find_Bibliography_NEw/data/azk_library/sieber-christian__19.pdf;23;work;Zürcher Stadtchronik (allgemein);z[üu]rcher\s+stadtchronik;lausannois d’histoire medievale, 26), S. 23–98. 34 Gamper Rudolf, Die Zurcher Stadtchroniken und ihre Ausbreitung in die Ostschweiz, Zurich 1984 Mitteilungen der
/Users/programming/PycharmProjects/Find_Bibliography_NEw/data/azk_library/sieber-christian__19.pdf;23;work;Zürcher Stadtchronik (allgemein);chronik\s+der\s+stadt\s+z[üu]rich;"S. 24f., sowie aus Zurcher Optik) Klingenber¬ ger Chronik, S. 258; Chronik der Stadt Zurich, S. 195. 31 STASZ, Urk. Nr. 423, sowie URStAZ 6, Nr. 8421 Abschrift"
/Users/programming/PycharmProjects/Find_Bibliography_NEw/data/azk_library/sieber-christian__19.pdf;23;work;Zürcher Stadtchronik (allgemein);chronik\s+der\s+stadt\s+z[üu]rich;"S. 30–34, sowie aus Zurcher Optik) Klingenberger Chronik, S. 258f.; Chronik der Stadt Zurich, S. 195f.; URStAZ 6, Nr. 8428–8429; StAZH, A 29.1 Mappe 3. 38 STASZ"
/Users/programming/PycharmProjects/Find_Bibliography_NEw/data/azk_library/sieber-christian__19.pdf;23;work;Zürcher Stadtchronik (allgemein);chronik\s+der\s+stadt\s+z[üu]rich;"Frund, Chronik, S. 280, 292, so¬ wie aus Zurcher Optik) ganz ahnlich Chronik der Stadt Zurich, S. 222; zur Anrufung der Dreifaltigkeit durch Frund vgl. auch oben"
/Users/programming/PycharmProjects/Find_Bibliography_NEw/data/azk_library/sieber-christian__19.pdf;23;work;Zürcher Stadtchronik (allgemein);chronik\s+der\s+stadt\s+z[üu]rich;"89; Abschiede 2, Bei¬ lage Nr. 27, S. 849, 853, ferner S. 851. 147 Chronik der Stadt Zurich, S. 223. 148 So Stettler, Eidgenossenschaft, S. 212. 149 StALU, RP 3"
/Users/programming/PycharmProjects/Find_Bibliography_NEw/data/azk_library/sieber-christian__19.pdf;23;work;Zürcher Stadtchronik (allgemein);chronik\s+der\s+stadt\s+z[üu]rich;Bundesbriefarchiv zu Schwyz von Paul Hilber, Erlenbach bei Zurich [1937]. Chronik der Stadt Zurich Chronik der Stadt Zurich, hrsg. von Johannes Dierauer, Basel 1900 Quellen
/Users/programming/PycharmProjects/Find_Bibliography_NEw/data/azk_library/sieber-christian__19.pdf;23;work;Zürcher Stadtchronik (allgemein);chronik\s+der\s+stadt\s+z[üu]rich;von Paul Hilber, Erlenbach bei Zurich [1937]. Chronik der Stadt Zurich Chronik der Stadt Zurich, hrsg. von Johannes Dierauer, Basel 1900 Quellen zur Schweizer Geschichte
/Users/programming/PycharmProjects/Find_Bibliography_NEw/data/azk_library/sieber-christian__19.pdf;23;work;Vadian (Joachim Vadianus, St. Galler Chronik);\bvadian(us)?\b;"Frunds Darstellung, S. 122*; Sieber, Verzeichnis, S. 124f.; Sieber, Tschudi und Vadian, S. 112 und Anm. 14. Fur den fruhen Besitz Tschudis sprechen Marginalien und"
/Users/programming/PycharmProjects/Find_Bibliography_NEw/data/azk_library/sieber-christian__19.pdf;23;work;Vadian (Joachim Vadianus, St. Galler Chronik);\bvadian(us)?\b;Stussi und Stadtschreiber Michael Stebler, 2007), im Druck. Sieber, Tschudi und Vadian in: Zurcher Taschenbuch NF 127 Sieber Christian, Begegnungen auf Distanz. Tschudi
/Users/programming/PycharmProjects/Find_Bibliography_NEw/data/azk_library/sieber-christian__19.pdf;23;work;Vadian (Joachim Vadianus, St. Galler Chronik);\bvadian(us)?\b;Zurcher Taschenbuch NF 127 Sieber Christian, Begegnungen auf Distanz. Tschudi und Vadian, in: Aegidius Tschudi und seine Zeit, hg. von Katharina Koller- Weiss und Christian
/Users/programming/PycharmProjects/Find_Bibliography_NEw/data/azk_library/sieber-christian__19.pdf;23;work;Kopp (Joseph Eutych Kopp, Geschichte der Eidgenossen);\bkopp\b;.. suntag vor sannt Bartlomeus tag» 1450). 129 STASZ, Urk. Nr. 501 Abbildung: Kopp, Westfalischer Friede, S. 8) mit Frunds Vermerk «Des von Buobenberg gemeinen mans
/Users/programming/PycharmProjects/Find_Bibliography_NEw/data/azk_library/sieber-christian__19.pdf;23;work;Kopp (Joseph Eutych Kopp, Geschichte der Eidgenossen);\bkopp\b;Nidwaldner Uberlieferung des Bundesbriefes von 1291, in: MHVS 94 2002), S. 87–104. Kopp, Westfalischer Friede Kopp Peter F., Erinnerung an den Westfalischen Frieden.
/Users/programming/PycharmProjects/Find_Bibliography_NEw/data/azk_library/sieber-christian__19.pdf;23;work;Kopp (Joseph Eutych Kopp, Geschichte der Eidgenossen);\bkopp\b;Bundesbriefes von 1291, in: MHVS 94 2002), S. 87–104. Kopp, Westfalischer Friede Kopp Peter F., Erinnerung an den Westfalischen Frieden. 350 Jahre unabhangige Schweiz
/Users/programming/PycharmProjects/Find_Bibliography_NEw/data/azk_library/sieber-christian__19.pdf;24;work;Fründ (Hans Fründ);\bfr[üu]nd\b;Deutschlehrers Emil Spiess den Zurichkrieg in deutlicher Anlehnung an Tschudi und Frund in Schwyz auch noch auf die Buhne gebracht: In seinem eindrucklichen Theaterstuck
/Users/programming/PycharmProjects/Find_Bibliography_NEw/data/azk_library/sieber-christian__19.pdf;24;work;Fründ (Hans Fründ);\bfr[üu]nd\b;Theaterstuck «Der Schwyzerkonig» gemeint ist wiederum Ital Reding) hat auch Landschreiber Frund seinen Auftritt und liest auf Befehl von Reding aus verschiedenen Urkunden vor
/Users/programming/PycharmProjects/Find_Bibliography_NEw/data/azk_library/sieber-christian__19.pdf;24;work;Fründ (Hans Fründ);\bfr[üu]nd\b;Toggenburger Erbe streitig machen.168 Selbst den Sprung ins 21. Jahrhundert hat Frund geschafft: Die auf alteren Regesten von Josef Schneller 1801–1879) und Pater
/Users/programming/PycharmProjects/Find_Bibliography_NEw/data/azk_library/sieber-christian__19.pdf;24;work;Fründ (Hans Fründ);\bfr[üu]nd\b;deren Krankungen gegen sie mit Worten und Werken ...» – nicht anders also als Frund, der das Dokument vor uber 500 Jahren auf dem Etzelpass in Empfang genommen hatte
/Users/programming/PycharmProjects/Find_Bibliography_NEw/data/azk_library/sieber-christian__19.pdf;24;work;Fründ (Hans Fründ);\bfr[üu]nd\b;"Erich Wenneker). 168 Kamer, Schwyzerkonig, bes. S. 32, 61f., 114 Auftritte von Frund); vgl. dazu die Wurdigung bei Battig, Paul Kamer, S. 79–90."
/Users/programming/PycharmProjects/Find_Bibliography_NEw/data/azk_library/sieber-christian__19.pdf;24;work;Schilling (ungenau);diebold\s+schilling;Bilderchroniken 1468–1485) unter besonderer Berucksichtigung der Illustrationen in Diebold Schillings Grosser Burgunderchronik in Zurich, Diss. Zurich, Bern 1971 Schriften
/Users/programming/PycharmProjects/Find_Bibliography_NEw/data/azk_library/sieber-christian__19.pdf;24;work;Tschudi (Aegidius/Gilg Tschudi, Chronicon Helveticum);aegidi(?:us)?\s+tschudi;zugeschrieben und als «vil zuo vil parthyisch» bezeichnet), 165 was – abgesehen von Aegidius Tschudi – bis ins 19. Jahrhundert mehrheitlich ubernommen wurde.166 Eine Anderung
/Users/programming/PycharmProjects/Find_Bibliography_NEw/data/azk_library/sieber-christian__19.pdf;24;work;Tschudi (Aegidius/Gilg Tschudi, Chronicon Helveticum);\btschudi\b;und als «vil zuo vil parthyisch» bezeichnet), 165 was – abgesehen von Aegidius Tschudi – bis ins 19. Jahrhundert mehrheitlich ubernommen wurde.166 Eine Anderung trat
/Users/programming/PycharmProjects/Find_Bibliography_NEw/data/azk_library/sieber-christian__19.pdf;24;work;Tschudi (Aegidius/Gilg Tschudi, Chronicon Helveticum);\btschudi\b;seines Deutschlehrers Emil Spiess den Zurichkrieg in deutlicher Anlehnung an Tschudi und Frund in Schwyz auch noch auf die Buhne gebracht: In seinem eindrucklichen
/Users/programming/PycharmProjects/Find_Bibliography_NEw/data/azk_library/sieber-christian__19.pdf;24;work;Bullinger (Heinrich Bullinger, historiographische Werke);\bbullinger\b;33 Bullinger hat die Chronik in dieser Form, in der sie ihm in einer Abschrift des Zurcher Pfarrers Rudolf Guder von 1532 zur Verfugung stand, Landammann Ulrich
/Users/programming/PycharmProjects/Find_Bibliography_NEw/data/azk_library/sieber-christian__19.pdf;25;work;Fründ (Hans Fründ);\bfr[üu]nd\b;vornamlich aus der nordwestlichen Schweiz, Bd. 1, Solothurn 1857, S. 281–760. Frund, Chronik Die Chronikdes HansFrund, Landschreiber zu Schwytz, hrsg.von Christian
/Users/programming/PycharmProjects/Find_Bibliography_NEw/data/azk_library/sieber-christian__19.pdf;25;work;Fründ (Hans Fründ);\bfr[üu]nd\b;HansFrund, Landschreiber zu Schwytz, hrsg.von Christian Immanuel Kind, Chur 1875. Frund, Rapport Frund Hans, Rapportsurla chasse aux sorciers et aux sorcieres menee
/Users/programming/PycharmProjects/Find_Bibliography_NEw/data/azk_library/sieber-christian__19.pdf;25;work;Fründ (Hans Fründ);\bfr[üu]nd\b;Landschreiber zu Schwytz, hrsg.von Christian Immanuel Kind, Chur 1875. Frund, Rapport Frund Hans, Rapportsurla chasse aux sorciers et aux sorcieres menee des 1428 dans le
/Users/programming/PycharmProjects/Find_Bibliography_NEw/data/azk_library/sieber-christian__19.pdf;25;work;Hemmerlin (Felix Hemmerlin/Malleolus);felix\s+hemmerlin;erweiterte Aufl., Basel/Stuttgart 1979. Fiala, Hemmerlin Fiala Friedrich, Dr. Felix Hemmerlin als Propst des St. Ursenstiftes zu Solothurn, in: Urkundio. Beitrage zur
/Users/programming/PycharmProjects/Find_Bibliography_NEw/data/azk_library/sieber-christian__19.pdf;25;work;Hemmerlin (Felix Hemmerlin/Malleolus);\bhemmerlin\b;2 Bde., 2. durchgesehene und erweiterte Aufl., Basel/Stuttgart 1979. Fiala, Hemmerlin Fiala Friedrich, Dr. Felix Hemmerlin als Propst des St. Ursenstiftes zu Solothurn
/Users/programming/PycharmProjects/Find_Bibliography_NEw/data/azk_library/sieber-christian__19.pdf;25;work;Hemmerlin (Felix Hemmerlin/Malleolus);\bhemmerlin\b;erweiterte Aufl., Basel/Stuttgart 1979. Fiala, Hemmerlin Fiala Friedrich, Dr. Felix Hemmerlin als Propst des St. Ursenstiftes zu Solothurn, in: Urkundio. Beitrage zur vaterlandischen
/Users/programming/PycharmProjects/Find_Bibliography_NEw/data/azk_library/sieber-christian__19.pdf;25;work;Zürcher Stadtchronik (allgemein);z[üu]rcher\s+stadtchronik;histoire medievale, 26), S. 23–98. Gamper, Stadtchroniken Gamper Rudolf, Die Zurcher Stadtchroniken und ihre Ausbreitung in die Ostschweiz,Zurich 1984 Mitteilungen der
/Users/programming/PycharmProjects/Find_Bibliography_NEw/data/azk_library/sieber-christian__19.pdf;25;work;Zürcher Stadtchronik (allgemein);chronik\s+der\s+stadt\s+z[üu]rich;Bundesbriefarchiv zu Schwyz von Paul Hilber, Erlenbach bei Zurich [1937]. Chronik der Stadt Zurich Chronik der Stadt Zurich, hrsg.von Johannes Dierauer, Basel1900 Quellen
/Users/programming/PycharmProjects/Find_Bibliography_NEw/data/azk_library/sieber-christian__19.pdf;25;work;Zürcher Stadtchronik (allgemein);chronik\s+der\s+stadt\s+z[üu]rich;von Paul Hilber, Erlenbach bei Zurich [1937]. Chronik der Stadt Zurich Chronik der Stadt Zurich, hrsg.von Johannes Dierauer, Basel1900 Quellen zur Schweizer Geschichte
/Users/programming/PycharmProjects/Find_Bibliography_NEw/data/azk_library/sieber-christian__19.pdf;26;work;Fründ (Hans Fründ);hans\s+fr[üu]nd;Kothing, Zurich/Frauenfeld 1850. Kummerli, Frunds Chronik Kummerli Friedrich, Hans Frunds Chronik des alten Zurichkrieges als deutsches Sprachdenkmal,in:MHVS 68 1976
/Users/programming/PycharmProjects/Find_Bibliography_NEw/data/azk_library/sieber-christian__19.pdf;26;work;Fründ (Hans Fründ);\bfr[üu]nds?\s+chronik;beglaubigtemText, hrsg.von Martin Kothing, Zurich/Frauenfeld 1850. Kummerli, Frunds Chronik Kummerli Friedrich, Hans Frunds Chronik des alten Zurichkrieges als deutsches
/Users/programming/PycharmProjects/Find_Bibliography_NEw/data/azk_library/sieber-christian__19.pdf;26;work;Fründ (Hans Fründ);\bfr[üu]nds?\s+chronik;Zurich/Frauenfeld 1850. Kummerli, Frunds Chronik Kummerli Friedrich, Hans Frunds Chronik des alten Zurichkrieges als deutsches Sprachdenkmal,in:MHVS 68 1976), S.97
/Users/programming/PycharmProjects/Find_Bibliography_NEw/data/azk_library/sieber-christian__19.pdf;26;work;Fründ (Hans Fründ);\bfr[üu]nd\b;1978), S. XI–XXVII. Kind, Einleitung Kind Christian Immanuel, Einleitung, in: Frund, Chronik, S. I–XXII. Klingenberger Chronik Die Klingenberger Chronik, hrsg. vonAntonHenne
/Users/programming/PycharmProjects/Find_Bibliography_NEw/data/azk_library/sieber-christian__19.pdf;26;work;Hemmerlin (Felix Hemmerlin/Malleolus);\bhemmerlin\b;Chroniken, 4 Bde., bearb. von Hans Georg Wirz u.a., Aarau 1933–1975. Reber, Hemmerlin Reber Balthasar, FelixHemmerlin vonZurich,neu nachden Quellen bearbeitet, Zurich
/Users/programming/PycharmProjects/Find_Bibliography_NEw/data/azk_library/sieber-christian__19.pdf;26;work;Tschachtlan (Benedikt Tschachtlan);\btschachtlan\b;Zurichkrieges als deutsches Sprachdenkmal,in:MHVS 68 1976), S.97–104. Ladner, Tschachtlan-Chronik Ladner Pascal, Die Tschachtlan-Chronik als Geschichtswerk, in: Tschachtlan
/Users/programming/PycharmProjects/Find_Bibliography_NEw/data/azk_library/sieber-christian__19.pdf;26;work;Tschachtlan (Benedikt Tschachtlan);\btschachtlan\b;in:MHVS 68 1976), S.97–104. Ladner, Tschachtlan-Chronik Ladner Pascal, Die Tschachtlan-Chronik als Geschichtswerk, in: Tschachtlan, Bilderchronik, S. 77–84. Landolt
/Users/programming/PycharmProjects/Find_Bibliography_NEw/data/azk_library/sieber-christian__19.pdf;26;work;Tschachtlan (Benedikt Tschachtlan);\btschachtlan\b;Tschachtlan-Chronik Ladner Pascal, Die Tschachtlan-Chronik als Geschichtswerk, in: Tschachtlan, Bilderchronik, S. 77–84. Landolt, Finanzen LandoltOliver. «Nonprosunt consilia
/Users/programming/PycharmProjects/Find_Bibliography_NEw/data/azk_library/sieber-christian__19.pdf;26;work;Klingenberger/Rapperswiler Chronik (Eberhard Wüest, ed.);klingenberger\s+chronik;Einleitung Kind Christian Immanuel, Einleitung, in: Frund, Chronik, S. I–XXII. Klingenberger Chronik Die Klingenberger Chronik, hrsg. vonAntonHenne, Gotha 1861. Koller/Meyerhans
/Users/programming/PycharmProjects/Find_Bibliography_NEw/data/azk_library/sieber-christian__19.pdf;26;work;Klingenberger/Rapperswiler Chronik (Eberhard Wüest, ed.);klingenberger\s+chronik;Einleitung, in: Frund, Chronik, S. I–XXII. Klingenberger Chronik Die Klingenberger Chronik, hrsg. vonAntonHenne, Gotha 1861. Koller/Meyerhans, Bundesbrief Koller
/Users/programming/PycharmProjects/Find_Bibliography_NEw/data/azk_library/sieber-christian__19.pdf;26;work;Kopp (Joseph Eutych Kopp, Geschichte der Eidgenossen);\bkopp\b;Nidwaldner Uberlieferung des Bundesbriefes von 1291, in: MHVS 94 2002), S. 87–104. Kopp, Westfalischer Friede Kopp Peter F., Erinnerunganden Westfalischen Frieden. 350
/Users/programming/PycharmProjects/Find_Bibliography_NEw/data/azk_library/sieber-christian__19.pdf;26;work;Kopp (Joseph Eutych Kopp, Geschichte der Eidgenossen);\bkopp\b;Bundesbriefes von 1291, in: MHVS 94 2002), S. 87–104. Kopp, Westfalischer Friede Kopp Peter F., Erinnerunganden Westfalischen Frieden. 350 Jahre unabhangige Schweiz
/Users/programming/PycharmProjects/Find_Bibliography_NEw/data/azk_library/sieber-christian__19.pdf;27;work;Fründ (Hans Fründ);hans\s+fr[üu]nd;Zurich 2004. Stettler, Frunds Darstellung Stettler Bernhard,ZurUberlieferungvon Hans Frunds Darstellung des Alten Zurichkriegs, in:Tschudi, Chronicon 12, S. 122*–134
/Users/programming/PycharmProjects/Find_Bibliography_NEw/data/azk_library/sieber-christian__19.pdf;27;work;Tschudi (Aegidius/Gilg Tschudi, Chronicon Helveticum);aegidi(?:us)?\s+tschudi;Vadian Sieber Christian, Begegnungen auf Distanz. Tschudi und Vadian, in: Aegidius Tschudi und seine Zeit, hg. von Katharina Koller- Weiss und Christian Sieber, Basel
/Users/programming/PycharmProjects/Find_Bibliography_NEw/data/azk_library/sieber-christian__19.pdf;27;work;Tschudi (Aegidius/Gilg Tschudi, Chronicon Helveticum);aegidi(?:us)?\s+tschudi;der Chronikhandschriften und Druckwerke mit dokumentarischen Texten, in: Aegidius Tschudi, Chronicon Helveticum, Hilfsmittel, 1. Teil: Verzeichnis der Dokumente,
/Users/programming/PycharmProjects/Find_Bibliography_NEw/data/azk_library/sieber-christian__19.pdf;27;work;Tschudi (Aegidius/Gilg Tschudi, Chronicon Helveticum);\btschudi\b;Stadtschreiber Michael Stebler, in: Zurcher Taschenbuch NF 127 2007), im Druck. Sieber,Tschudi und Vadian Sieber Christian, Begegnungen auf Distanz. Tschudi und Vadian, in
/Users/programming/PycharmProjects/Find_Bibliography_NEw/data/azk_library/sieber-christian__19.pdf;27;work;Tschudi (Aegidius/Gilg Tschudi, Chronicon Helveticum);\btschudi\b;im Druck. Sieber,Tschudi und Vadian Sieber Christian, Begegnungen auf Distanz. Tschudi und Vadian, in: Aegidius Tschudi und seine Zeit, hg. von Katharina Koller- Weiss
/Users/programming/PycharmProjects/Find_Bibliography_NEw/data/azk_library/sieber-christian__19.pdf;27;work;Tschudi (Aegidius/Gilg Tschudi, Chronicon Helveticum);\btschudi\b;Vadian Sieber Christian, Begegnungen auf Distanz. Tschudi und Vadian, in: Aegidius Tschudi und seine Zeit, hg. von Katharina Koller- Weiss und Christian Sieber, Basel
/Users/programming/PycharmProjects/Find_Bibliography_NEw/data/azk_library/sieber-christian__19.pdf;27;work;Tschudi (Aegidius/Gilg Tschudi, Chronicon Helveticum);\btschudi\b;Basel 2002, S. 107–138. Sieber, Verzeichnis Sieber Christian, Verzeichnis der von Tschudi benutzten Archive sowie der Chronikhandschriften und Druckwerke mit dokumentarischen
/Users/programming/PycharmProjects/Find_Bibliography_NEw/data/azk_library/sieber-christian__19.pdf;27;work;Tschudi (Aegidius/Gilg Tschudi, Chronicon Helveticum);\btschudi\b;Chronikhandschriften und Druckwerke mit dokumentarischen Texten, in: Aegidius Tschudi, Chronicon Helveticum, Hilfsmittel, 1. Teil: Verzeichnis der Dokumente, Verzeichnis
/Users/programming/PycharmProjects/Find_Bibliography_NEw/data/azk_library/sieber-christian__19.pdf;27;work;Tschudi (Aegidius/Gilg Tschudi, Chronicon Helveticum);\btschudi\b;Bernhard,ZurUberlieferungvon Hans Frunds Darstellung des Alten Zurichkriegs, in:Tschudi, Chronicon 12, S. 122*–134*. Stettler, Liquidation Stettler Bernhard, Die Liquidation
/Users/programming/PycharmProjects/Find_Bibliography_NEw/data/azk_library/sieber-christian__19.pdf;27;work;Tschudi (Aegidius/Gilg Tschudi, Chronicon Helveticum);\btschudi\b;Liquidation des Alten Zurichkriegs. Der Weg zur neuen Eidgenossenschaft von 1450, in: Tschudi, Chronicon 12, S. 11*–72*. Stettler, Pfaffikon und Wollerau Stettler Bernhard
/Users/programming/PycharmProjects/Find_Bibliography_NEw/data/azk_library/sieber-christian__19.pdf;27;work;Tschudi (Aegidius/Gilg Tschudi, Chronicon Helveticum);\btschudi\b;Tschudis Bild vom Alten Zurichkrieg und dessen Platz in der Historiographie, in: Tschudi, Chronicon 12, S. 73*–121*. Stettler, Zurcher Standpunkt Stettler Bernhard,
/Users/programming/PycharmProjects/Find_Bibliography_NEw/data/azk_library/sieber-christian__19.pdf;27;work;Tschudi (Aegidius/Gilg Tschudi, Chronicon Helveticum);\btschudi\b;12. Dezember 1438 als Zeugnis fur den Zusammenstoss zweier Rechtskulturen, in: Tschudi, Chronicon 10, S. 17*–62*.
/Users/programming/PycharmProjects/Find_Bibliography_NEw/data/azk_library/sieber-christian__19.pdf;27;work;Tschudi (Aegidius/Gilg Tschudi, Chronicon Helveticum);chronicon\s+helveticum;Chronikhandschriften und Druckwerke mit dokumentarischen Texten, in: Aegidius Tschudi, Chronicon Helveticum, Hilfsmittel, 1. Teil: Verzeichnis der Dokumente, Verzeichnis der Lieder
/Users/programming/PycharmProjects/Find_Bibliography_NEw/data/azk_library/sieber-christian__19.pdf;27;work;Bullinger (Heinrich Bullinger, historiographische Werke);\bbullinger\b;Der reuige Eremit – Nikolaus von Flue im Alten Zurichkrieg. Ein Nachtrag zum Bullinger-Jahr), in: Niederhauser/ Sieber, Neue Zugange, S. 65–88. Sieber, Reichsstadt
/Users/programming/PycharmProjects/Find_Bibliography_NEw/data/azk_library/sieber-christian__19.pdf;27;work;Vadian (Joachim Vadianus, St. Galler Chronik);\bvadian(us)?\b;Michael Stebler, in: Zurcher Taschenbuch NF 127 2007), im Druck. Sieber,Tschudi und Vadian Sieber Christian, Begegnungen auf Distanz. Tschudi und Vadian, in: Aegidius Tschudi
/Users/programming/PycharmProjects/Find_Bibliography_NEw/data/azk_library/sieber-christian__19.pdf;27;work;Vadian (Joachim Vadianus, St. Galler Chronik);\bvadian(us)?\b;Sieber,Tschudi und Vadian Sieber Christian, Begegnungen auf Distanz. Tschudi und Vadian, in: Aegidius Tschudi und seine Zeit, hg. von Katharina Koller- Weiss und Christian
/Users/programming/PycharmProjects/Find_Bibliography_NEw/data/azk_library/sieber-christian__19.pdf;28;work;Tschachtlan (Benedikt Tschachtlan);\btschachtlan\b;fur Geschichte des Bodensees und seiner Umgebung 112 1994), S. 1–44. Studer, Tschachtlan Studer Gottlieb, Die Chronik von Tschachtlan, in: Archiv des Historischen
/Users/programming/PycharmProjects/Find_Bibliography_NEw/data/azk_library/sieber-christian__19.pdf;28;work;Tschachtlan (Benedikt Tschachtlan);\btschachtlan\b;Umgebung 112 1994), S. 1–44. Studer, Tschachtlan Studer Gottlieb, Die Chronik von Tschachtlan, in: Archiv des Historischen Vereins des Kantons Bern 6 1867), S. 627–653
/Users/programming/PycharmProjects/Find_Bibliography_NEw/data/azk_library/sieber-christian__19.pdf;28;work;Tschachtlan (Benedikt Tschachtlan);\btschachtlan\b;in: Archiv des Historischen Vereins des Kantons Bern 6 1867), S. 627–653. Tschachtlan, Bilderchronik Tschachtlans Bilderchronik, Kommentar zur Faksimile-Ausgabe
/Users/programming/PycharmProjects/Find_Bibliography_NEw/data/azk_library/sieber-christian__19.pdf;28;work;Tschudi (Aegidius/Gilg Tschudi, Chronicon Helveticum);\btschudi\b;Zurichs aus der Eidgenossenschaft im Jahr 1442. Erwartungen und Wirklichkeit, in: Tschudi, Chronicon 11, S. 13*–88*. Stettler, Zwanziger Jahre Stettler Bernhard, Die
/Users/programming/PycharmProjects/Find_Bibliography_NEw/data/azk_library/sieber-christian__19.pdf;28;work;Tschudi (Aegidius/Gilg Tschudi, Chronicon Helveticum);\btschudi\b;Einzelortische Konsolidierung und eidgenossische Solidaritat im Widerstreit, in: Tschudi, Chronicon 9, S. 22*–158*. Studer, Besuch Studer Christoph, «Do der kung hie
/Users/programming/PycharmProjects/Find_Bibliography_NEw/data/azk_library/sieber-christian__19.pdf;28;work;Tschudi (Aegidius/Gilg Tschudi, Chronicon Helveticum);\btschudi\b;hrsg.von Alfred A. Schmid, Textedition bearb. von Pascal Ladner, Luzern 1988. Tschudi, Chronicon 9–13 Tschudi Aegidius, Chronicon Helveticum, 9.–13. Teil, bearb.
/Users/programming/PycharmProjects/Find_Bibliography_NEw/data/azk_library/sieber-christian__19.pdf;28;work;Tschudi (Aegidius/Gilg Tschudi, Chronicon Helveticum);\btschudi\b;Schmid, Textedition bearb. von Pascal Ladner, Luzern 1988. Tschudi, Chronicon 9–13 Tschudi Aegidius, Chronicon Helveticum, 9.–13. Teil, bearb. von Bernhard Stettler, Basel
/Users/programming/PycharmProjects/Find_Bibliography_NEw/data/azk_library/sieber-christian__19.pdf;28;work;Tschudi (Aegidius/Gilg Tschudi, Chronicon Helveticum);chronicon\s+helveticum;Pascal Ladner, Luzern 1988. Tschudi, Chronicon 9–13 Tschudi Aegidius, Chronicon Helveticum, 9.–13. Teil, bearb. von Bernhard Stettler, Basel 1992–2000 Quellen zur
